rgn_id,year,revenue
6,2008,0.3129029111552349
6,2009,0.3518983806847989
6,2010,0.35102575848724255
6,2011,0.3027424931635278
6,2012,0.35468762706177215
6,2013,0.3993421539917608
6,2014,0.35538101526702076
6,2015,0.31145071687293713
6,2016,0.3271030182661601
6,2017,0.3179533329144094
6,2018,0.3099274497556504
6,2019,0.2637946199399949
6,2020,0.07539110726761647
6,2021,0.019707368833905264
6,2022,0.06185073700750504
6,2023,0.05364528049399268
7,2008,0.05273428120136238
7,2009,0.05934850307521005
7,2010,0.06649095905869236
7,2011,0.07096011834576535
7,2012,0.0651905949667725
7,2013,0.06459855433911553
7,2014,0.05943419210706539
7,2015,0.05742339574046473
7,2016,0.06051926070626206
7,2017,0.06119374310118702
7,2018,0.06273538013840721
7,2019,0.05596654895141264
7,2020,0.014934366638750442
7,2021,0.01647060110848456
7,2022,0.01834981675294926
7,2023,0.03336401037570017
14,2008,0.04066643728764867
14,2009,0.04322873275444317
14,2010,0.04506186823910936
14,2011,0.04635492729188866
14,2012,0.04879420286329109
14,2013,0.04882538566879081
14,2014,0.05235219787922974
14,2015,0.05052050325709902
14,2016,0.04470531780198858
14,2017,0.04534725371101178
14,2018,0.04714364983922892
14,2019,0.050398568104841834
14,2020,0.02182262261463176
14,2021,0.01811108320900847
14,2022,0.025475709519238332
14,2023,0.03725509661741062
15,2008,0.05318091034678839
15,2009,0.05329604799648681
15,2010,0.06176042433799149
15,2011,0.07180876336192053
15,2012,0.07519754031158452
15,2013,0.07844921784176227
15,2014,0.08708167182726816
15,2015,0.09388896324358746
15,2016,0.10104699565988065
15,2017,0.11810849485265769
15,2018,0.13010243868616367
15,2019,0.13594520518747266
15,2020,0.02725136359061508
15,2021,0.030487841057133497
15,2022,0.06114170715651821
15,2023,0.09929881957012678
16,2008,0.05396131775466038
16,2009,0.05221424383879467
16,2010,0.048976353764004305
16,2011,0.04810478279426641
16,2012,0.04829210640708093
16,2013,0.04895482466641417
16,2014,0.04917448234742622
16,2015,0.051011143804317705
16,2016,0.05162412019921449
16,2017,0.05164322838835515
16,2018,0.05421470691855311
16,2019,0.04678888710168879
16,2020,0.0337987022478997
16,2021,0.033792154112141475
16,2022,0.05045655219622752
16,2023,0.051514612033400284
17,2008,0.005375871422852613
17,2009,0.008569713998713435
17,2010,0.007144814291272648
17,2011,0.006279059180225628
17,2012,0.004428650410722933
17,2013,0.00435929452111107
17,2014,0.004615400333655621
17,2015,0.004529592910385612
17,2016,0.004462628245276467
17,2017,0.004724864064685131
17,2018,0.004720209651984947
17,2019,0.004475894250711159
17,2020,0.003550056596995528
17,2021,0.003907220545644949
17,2022,0.005487023193651588
17,2023,0.0056253738038872445
18,2008,0.2951630875704646
18,2009,0.27478381421317966
18,2010,0.26943917809535817
18,2011,0.26037987856344347
18,2012,0.2603180877808479
18,2013,0.24462380003746328
18,2014,0.23261332697019138
18,2015,0.23929019850269934
18,2016,0.24080114980703662
18,2017,0.2367967715304139
18,2018,0.24795521088543518
18,2019,0.2522602045655509
18,2020,0.07899965354131594
18,2021,0.05711128754439026
18,2022,0.2300931841733574
18,2023,0.30545418087683673
20,2008,0.01964951151629591
20,2009,0.020264642945489596
20,2010,0.019173113327781603
20,2011,0.02023225697507485
20,2012,0.021051022714216154
20,2013,0.020428073093371437
20,2014,0.020928431263746983
20,2015,0.018810883986282886
20,2016,0.01981343857186624
20,2017,0.01839996974927227
20,2018,0.020642726005734344
20,2019,0.021889010734351358
20,2020,0.012452607358203166
20,2021,0.012310547140916523
20,2022,0.01598510715470488
20,2023,0.01909061010735071
24,2008,0.012525257907507317
24,2009,0.013841005776658743
24,2010,0.014549269503984273
24,2011,0.015438569141454203
24,2012,0.016108989307598767
24,2013,0.015685505657850783
24,2014,0.01541328200042049
24,2015,0.014905714119071498
24,2016,0.014416702930292567
24,2017,0.014682766966025952
24,2018,0.015277329916233373
24,2019,0.015271212339942445
24,2020,0.004142816583594319
24,2021,0.002261688321746197
24,2022,0.0051970921985517084
24,2023,0.009076671290228976
25,2008,0.03380266621856763
25,2009,0.031501393950166684
25,2010,0.030799454654467755
25,2011,0.035683583044470474
25,2012,0.04344498775927235
25,2013,0.04908954594834317
25,2014,0.049077957183892705
25,2015,0.05462461520274935
25,2016,0.057071572790225934
25,2017,0.06050489586493405
25,2018,0.06237852568012638
25,2019,0.06098491292262224
25,2020,0.020305804212629373
25,2021,0.008641312123908373
25,2022,0.024757019823748016
25,2023,0.04074910183509924
28,2008,0.07253009406165312
28,2009,0.0616032629060548
28,2010,0.06585472659111379
28,2011,0.07138920525288843
28,2012,0.06730455520733376
28,2013,0.06383719302829248
28,2014,0.07149978768242987
28,2015,0.07322400470404582
28,2016,0.07168170812179818
28,2017,0.07526975378640298
28,2018,0.0808607574388024
28,2019,0.07808201626178166
28,2020,0.0252397297438246
28,2021,0.06355133663405281
28,2022,0.07992128590797608
28,2023,0.07624559099929107
31,2008,0.3153206696468473
31,2009,0.33465874068858553
31,2010,0.30505168022024615
31,2011,0.2984104152325981
31,2012,0.32042561486246723
31,2013,0.3064209799470867
31,2014,0.26660502657298674
31,2015,0.2789779066051499
31,2016,0.37579578903244315
31,2017,0.3899933891374883
31,2018,0.3662660522430144
31,2019,0.3576186282797422
31,2020,0.1888976172637336
31,2021,0.2939941890003215
31,2022,0.34295794531745677
31,2023,0.3304651935342251
37,2008,0.16888950723357624
37,2009,0.1463848887280565
37,2010,0.14316783941291245
37,2011,0.1417730600659074
37,2012,0.1377949863171262
37,2013,0.1190762666209007
37,2014,0.11917673353551428
37,2015,0.12450976306867388
37,2016,0.12713397954393452
37,2017,0.1273118974357766
37,2018,0.12741581118588213
37,2019,0.12246796960965299
37,2020,0.043585513861980896
37,2021,0.03498030863414932
37,2022,0.11191113923974164
37,2023,0.13045276169025716
39,2008,0.6008615451651474
39,2009,0.5518711562004626
39,2010,0.5808910286428315
39,2011,0.6198291958728845
39,2012,0.615699649503656
39,2013,0.6425711850179632
39,2014,0.6425987468201912
39,2015,0.5336400506256418
39,2016,0.4736683079950805
39,2017,0.43952833357347965
39,2018,0.4181283907368955
39,2019,0.3983586722819499
39,2020,0.26465075753164125
39,2021,0.45344791458632383
39,2022,0.4804525112254996
39,2023,0.4180795101808315
40,2008,0.029847606828234743
40,2009,0.02755452120119189
40,2010,0.0291756505788214
40,2011,0.03312870926114214
40,2012,0.03424120063854473
40,2013,0.03787951896871034
40,2014,0.04318968514405312
40,2015,0.04587656302756956
40,2016,0.048532820915372546
40,2017,0.04871166346366745
40,2018,0.052501170605003276
40,2019,0.049187778955373185
40,2020,0.01788920391443612
40,2021,0.014325980127660853
40,2022,0.02446314880518211
40,2023,0.031176709678101815
41,2008,0.01617407327780598
41,2009,0.01670893588190477
41,2010,0.01728038949251989
41,2011,0.01595807067525266
41,2012,0.01727059101035601
41,2013,0.019404332645109008
41,2014,0.021741436345026923
41,2015,0.0224474120613742
41,2016,0.017434270958916462
41,2017,0.01708381273972282
41,2018,0.019533126592375404
41,2019,0.018345887690131426
41,2020,0.011879237607111978
41,2021,0.01428481082531001
41,2022,0.01566634219378165
41,2023,0.014540720333339318
42,2008,0.01718753504729789
42,2009,0.015507197439090866
42,2010,0.017844149425779148
42,2011,0.017874148667014592
42,2012,0.020307437295858752
42,2013,0.01993340323776225
42,2014,0.023655491148099495
42,2015,0.0251575767510271
42,2016,0.030029537400189623
42,2017,0.026405019370893186
42,2018,0.026058088884478137
42,2019,0.02712353438364481
42,2020,0.00750023584840469
42,2021,0.006112511251846163
42,2022,0.013252929935525957
42,2023,0.0189413928835259
43,2008,0.003996164076603472
43,2009,0.003537382590432897
43,2010,0.004071830976614321
43,2011,0.00445315914440141
43,2012,0.00395534324192012
43,2013,0.0038260892201802087
43,2014,0.0036818059058289767
43,2015,0.0035076886392248537
43,2016,0.003347213743576498
43,2017,0.003267345157151779
43,2018,0.0033015803825951935
43,2019,0.003613855756889069
43,2020,0.0018138434128146376
43,2021,0.0022655595583172686
43,2022,0.0032222406251447458
43,2023,0.0033883346792368913
47,2008,0.004443313628804678
47,2009,0.004710022724768005
47,2010,0.004865101897025392
47,2011,0.004015566377626046
47,2012,0.004574751940892679
47,2013,0.004351287904330416
47,2014,0.004028703166242789
47,2015,0.00226166415396588
47,2016,0.0024147588580476723
47,2017,0.0020350115370494685
47,2018,0.0020259705767967057
47,2019,0.0020552316458275948
47,2020,0.0015151071698218405
47,2021,0.0018286581700489445
47,2022,0.0023647173894220104
47,2023,0.002415524265999798
48,2008,0.05359958821780855
48,2009,0.0668599614039753
48,2010,0.05430338520416358
48,2011,0.05204856228031634
48,2012,0.044697336144990094
48,2013,0.04276070294970149
48,2014,0.041326827077954466
48,2015,0.04785498087186574
48,2016,0.04669664189839994
48,2017,0.04374080891988929
48,2018,0.045246869633987385
48,2019,0.04031984186485981
48,2020,0.03101106573573643
48,2021,0.024691099643073845
48,2022,0.029647806307639524
48,2023,0.03927512903194519
49,2008,0.0018102833332835518
49,2009,0.002024506107859878
49,2010,0.0024849015912857975
49,2011,0.0024600542972602678
49,2012,0.003940416340799502
49,2013,0.004163011076914335
49,2014,0.004728938818565391
49,2015,0.004468080803602897
49,2016,0.003991462075036002
49,2017,0.0039073150454720824
49,2018,0.00585073887010762
49,2019,0.005820178413192312
49,2020,0.0034612853828996076
49,2021,0.007312293906836227
49,2022,0.00638071799737399
49,2023,0.009864741968754582
50,2008,0.020872184762538402
50,2009,0.021539566390009236
50,2010,0.015463040157301114
50,2011,0.01583400855426263
50,2012,0.01348169274287534
50,2013,0.012590008334417561
50,2014,0.013470843690835236
50,2015,0.01775956658870825
50,2016,0.02095044899897778
50,2017,0.018669633176200306
50,2018,0.01973604259413217
50,2019,0.024260874664043048
50,2020,0.010189461088981304
50,2021,0.013741310390101501
50,2022,0.018840782327721312
50,2023,0.023831036495854944
51,2008,0.03306792658235392
51,2009,0.043563855654662635
51,2010,0.03762042470079799
51,2011,0.028302964594964106
51,2012,0.028019160203755045
51,2013,0.029869745769634626
51,2014,0.03300110708083788
51,2015,0.042752176162611975
51,2016,0.040436386111801274
51,2017,0.036024532402668785
51,2018,0.033575094174859606
51,2019,0.0340039599757267
51,2020,0.01942196978414834
51,2021,0.024879039162577776
51,2022,0.03045534988923887
51,2023,0.03671837766863834
52,2008,0.101635917675624
52,2009,0.10659474964858828
52,2010,0.11113111503971036
52,2011,0.12585935405686324
52,2012,0.11999526008355957
52,2013,0.12471387342121351
52,2014,0.13067601226814357
52,2015,0.14619160510691134
52,2016,0.1330973586839341
52,2017,0.13340164704904142
52,2018,0.13080851199324967
52,2019,0.12284928644753546
52,2020,0.1269013234050441
52,2021,0.12582140562852961
52,2022,0.1349287839588608
52,2023,0.1533063369433606
53,2008,0.002554798091836638
53,2009,0.0026626986216936517
53,2010,0.0026729585772131523
53,2011,0.002638668638025875
53,2012,0.002501980355708953
53,2013,0.0026536145937299093
53,2014,0.0025446386520928646
53,2015,0.003700250595523488
53,2016,0.003637516737878034
53,2017,0.004051396808541083
53,2018,0.004007555999387513
53,2019,0.004317223617209878
53,2020,0.002608146943129507
53,2021,0.0030471545261367052
53,2022,0.004248784858365942
53,2023,0.004520911848449021
54,2008,0.0408605301103878
54,2009,0.04487969510942153
54,2010,0.04360073630096892
54,2011,0.041802105410891646
54,2012,0.04177564310401562
54,2013,0.04719834086614251
54,2014,0.04709217913756062
54,2015,0.05712501236832372
54,2016,0.05982945646256815
54,2017,0.0584189772266866
54,2018,0.09199664291530234
54,2019,0.09786969252162152
54,2020,0.04686856012829062
54,2021,0.06824713323820643
54,2022,0.09050570949034731
54,2023,0.10142070833259101
56,2008,0.1864805921073277
56,2009,0.16013868834847123
56,2010,0.2075844459098487
56,2011,0.21988118179077132
56,2012,0.24421817404298332
56,2013,0.25179755377325574
56,2014,0.234298527238867
56,2015,0.22977547226103565
56,2016,0.22588854816670478
56,2017,0.2368895207518618
56,2018,0.24118225739494709
56,2019,0.2570153423179589
56,2020,0.10842652106470166
56,2021,0.09134120587849039
56,2022,0.20648330963112077
56,2023,0.2273248028001552
59,2008,0.022797076521265523
59,2009,0.021172503000951446
59,2010,0.019856616044596074
59,2011,0.020019186631719976
59,2012,0.020272867508526915
59,2013,0.020838642776560792
59,2014,0.020152361085079507
59,2015,0.019428380273278298
59,2016,0.018985591442295065
59,2017,0.01991163259444656
59,2018,0.02027915891288014
59,2019,0.021279585524921082
59,2020,0.013882573314901376
59,2021,0.017941578016600266
59,2022,0.01992519576301479
59,2023,0.020060567706021964
61,2008,0.08162524828931783
61,2009,0.07759322891401396
61,2010,0.07902963109756111
61,2011,0.0608006657065966
61,2012,0.07157269139103965
61,2013,0.0703703552034395
61,2014,0.0729376751707915
61,2015,0.05583384759540679
61,2016,0.05595720064920145
61,2017,0.06088793839462371
61,2018,0.0742619224965963
61,2019,0.08611726041237412
61,2020,0.03565930140989001
61,2021,0.0455748398577455
61,2022,0.07440543477072298
61,2023,0.0835463878165148
62,2008,0.060301168637808836
62,2009,0.050569446745281584
62,2010,0.05143489632926005
62,2011,0.05255899975417253
62,2012,0.05119570131674671
62,2013,0.04739334936210174
62,2014,0.04822855688793163
62,2015,0.04505707755800971
62,2016,0.04509366111198991
62,2017,0.04729755907942566
62,2018,0.04907909901344818
62,2019,0.05087907161402473
62,2020,0.02590765828424224
62,2021,0.025881886874169535
62,2022,0.05157572728062469
62,2023,0.05371925007003349
65,2008,0.047061933802225994
65,2009,0.043799456993896244
65,2010,0.04548708267359066
65,2011,0.04462119172038185
65,2012,0.04919061454779667
65,2013,0.040728907158630645
65,2014,0.059356852003773816
65,2015,0.046376240312200646
65,2016,0.04183044654932158
65,2017,0.05662853208690914
65,2018,0.0667928466949696
65,2019,0.05667283515598803
65,2020,0.026465582341406838
65,2021,0.028496094112433795
65,2022,0.05163059949924232
65,2023,0.07961050637817883
66,2008,0.04096713564456737
66,2009,0.038576642844126666
66,2010,0.03353097937548594
66,2011,0.03753920747562964
66,2012,0.035856290651936636
66,2013,0.03425138361097561
66,2014,0.03177915334396489
66,2015,0.030820169616370168
66,2016,0.031270695078597886
66,2017,0.03093113300345154
66,2018,0.030268399457836673
66,2019,0.030464307488720078
66,2020,0.017090782622713723
66,2021,0.02193658200385548
66,2022,0.02628185428332501
66,2023,0.02778503161268464
67,2008,0.010844688638690408
67,2009,0.03544836579634094
67,2010,0.022986277757249502
67,2011,0.024070410439540557
67,2012,0.01620763337793519
67,2013,0.021433905338833558
67,2014,0.025957089778829864
67,2015,0.014568404798743825
67,2016,0.01123922659000283
67,2017,0.008431765519468852
67,2018,0.007351162826947433
67,2019,0.0071930813232785685
67,2020,0.004150788819645769
67,2021,0.00475479440567801
67,2022,0.006607066410949816
67,2023,0.008853638963284812
68,2008,0.15296188094429952
68,2009,0.1362256284536285
68,2010,0.14309630159491582
68,2011,0.15780136206326362
68,2012,0.1626580042059714
68,2013,0.15570565811863768
68,2014,0.15404671500318162
68,2015,0.14351282317034833
68,2016,0.13893777198780233
68,2017,0.14728444646878103
68,2018,0.1332744087825506
68,2019,0.13088445517100608
68,2020,0.03198319071071203
68,2021,0.04801926892587286
68,2022,0.09275136091384562
68,2023,0.1051784767063372
69,2008,0.03878043304221143
69,2009,0.04499590412082507
69,2010,0.04774720987806411
69,2011,0.04799401667453768
69,2012,0.04855682888146555
69,2013,0.05070197332709485
69,2014,0.053008048581243326
69,2015,0.0531816346041211
69,2016,0.05363644541680828
69,2017,0.04780608616735222
69,2018,0.0468852875943399
69,2019,0.0458023200396402
69,2020,0.03443552944420103
69,2021,0.03547039113079909
69,2022,0.0450111207168452
69,2023,0.045690046457671274
70,2008,0.07435748745778405
70,2009,0.08103414410396138
70,2010,0.08080130466044519
70,2011,0.07909421418798267
70,2012,0.07835183481108439
70,2013,0.08715151662159461
70,2014,0.09004003396024199
70,2015,0.08938480169355463
70,2016,0.08533576142387686
70,2017,0.0845229390801894
70,2018,0.0844076359371657
70,2019,0.08298598404430653
70,2020,0.03682144287815657
70,2021,0.03750166923294843
70,2022,0.05424428254969025
70,2023,0.06002863577102588
71,2008,0.015204988542465915
71,2009,0.013942637562489011
71,2010,0.01295780998206611
71,2011,0.013152915014223682
71,2012,0.013758725003954139
71,2013,0.014890017591727957
71,2014,0.014864278818131358
71,2015,0.013763462997941893
71,2016,0.015656692892014844
71,2017,0.0161946975199514
71,2018,0.01589034428371643
71,2019,0.014602400162043812
71,2020,0.006247195783460812
71,2021,0.007573811083128913
71,2022,0.009309599440764689
71,2023,0.009925877757950927
72,2008,0.0027806118594006085
72,2009,0.0026096135450410832
72,2010,0.0026738981032214367
72,2011,0.0027031482620928715
72,2012,0.0027384060951592053
72,2013,0.0027210801300600767
72,2014,0.002766132156811106
72,2015,0.002816177766646713
72,2016,0.0029642676699158385
72,2017,0.0031161327761027313
72,2018,0.0031047138010090215
72,2019,0.0029568615387952375
72,2020,0.0017690048897404439
72,2021,0.002197921453973069
72,2022,0.0027674556046320678
72,2023,0.002677035559970905
73,2008,0.0035521345790791776
73,2009,0.0038501153297187604
73,2010,0.0034976215928993882
73,2011,0.003376617080676454
73,2012,0.0034180040569131774
73,2013,0.0034179064542394907
73,2014,0.0035553260147679743
73,2015,0.003460436571866824
73,2016,0.0035424304356124377
73,2017,0.0034678435792211
73,2018,0.0034878206981132547
73,2019,0.0034794888094383985
73,2020,0.001940474621087377
73,2021,0.0025394820645096303
73,2022,0.0027192078843508746
73,2023,0.0029270634662654123
74,2008,0.03026858541247346
74,2009,0.03418761917622459
74,2010,0.03703142996181544
74,2011,0.03941887231656724
74,2012,0.04843871997222702
74,2013,0.054696290982932216
74,2014,0.06108028817758343
74,2015,0.07244940965778288
74,2016,0.08020788273388081
74,2017,0.09477511124244704
74,2018,0.0860259251810669
74,2019,0.09238511159987474
74,2020,0.019135249036447047
74,2021,0.03738168188289555
74,2022,0.0666054202611206
74,2023,0.07239386533328991
75,2008,0.015373205674353192
75,2009,0.015921587216060507
75,2010,0.015327229725060891
75,2011,0.015127980234420838
75,2012,0.015932988016701715
75,2013,0.015594821564062828
75,2014,0.01209080362311452
75,2015,0.012522782366866249
75,2016,0.012502696610359498
75,2017,0.012709233316424755
75,2018,0.01296303135430452
75,2019,0.013057398836212849
75,2020,0.006802630861778956
75,2021,0.009621178866279488
75,2022,0.007007486728777504
75,2023,0.008129439317654715
76,2008,0.023571281299971814
76,2009,0.027098179083344814
76,2010,0.023842207739792523
76,2011,0.025200025172671392
76,2012,0.027877353695309744
76,2013,0.029247099517702803
76,2014,0.029793913737159033
76,2015,0.028422836038281673
76,2016,0.021577608600563136
76,2017,0.02378132326248483
76,2018,0.027936902253894787
76,2019,0.033205148925009406
76,2020,0.016539702005824428
76,2021,0.024406433134158894
76,2022,0.03820372698556963
76,2023,0.03715167286320148
77,2008,0.006248432804242344
77,2009,0.007686692717221859
77,2010,0.010449721431484307
77,2011,0.005698389324690913
77,2012,0.007885958481760129
77,2013,0.007769313941963389
77,2014,0.008646285064137045
77,2015,0.008919077989014429
77,2016,0.01065525465030796
77,2017,0.008364697977856847
77,2018,0.007896305130699683
77,2019,0.009514050973567105
77,2020,0.0036383703838184333
77,2021,0.005794688432383771
77,2022,0.006933283263192882
77,2023,0.008748507032034829
78,2008,0.39296139934196167
78,2009,0.35885548458630057
78,2010,0.3747200157666335
78,2011,0.34581964456262204
78,2012,0.32004214738014225
78,2013,0.31684833090734654
78,2014,0.3183217087854434
78,2015,0.31000587031136584
78,2016,0.2897110490900712
78,2017,0.30930821684059645
78,2018,0.32894128262308175
78,2019,0.3481999060365074
78,2020,0.080893895257495
78,2021,0.05813044897506955
78,2022,0.03523349859780898
78,2023,0.06963167724732754
79,2008,0.04594234126393768
79,2009,0.04417569668359865
79,2010,0.04444210037086624
79,2011,0.042728625816049165
79,2012,0.04483196002449995
79,2013,0.04357024998196261
79,2014,0.0414006457537111
79,2015,0.041995174158417456
79,2016,0.04077543574409271
79,2017,0.041308200860206534
79,2018,0.04236611086649228
79,2019,0.042235894020058645
79,2020,0.013844936750419354
79,2021,0.018204741889053855
79,2022,0.03072597295815677
79,2023,0.03224821633530814
80,2008,0.07559319236587991
80,2009,0.07513037206673756
80,2010,0.07409619572937766
80,2011,0.08279882765964089
80,2012,0.08794661100705904
80,2013,0.09990769442979348
80,2014,0.10785489282300352
80,2015,0.11330929666249256
80,2016,0.11138609494456939
80,2017,0.11839927687968062
80,2018,0.12569063612450307
80,2019,0.13125557243228464
80,2020,0.050194407069867504
80,2021,0.07891230843308285
80,2022,0.11191501217523218
80,2023,0.1250005574963751
81,2008,0.0851531179502961
81,2009,0.09590734562448061
81,2010,0.09587004088543116
81,2011,0.10015654599307747
81,2012,0.11068953705054307
81,2013,0.12579670460495376
81,2014,0.12632803315003563
81,2015,0.12262298828923897
81,2016,0.1292746992204011
81,2017,0.13324472136085325
81,2018,0.12487177159381382
81,2019,0.11596619496149471
81,2020,0.026782712496955758
81,2021,0.06476027152717752
81,2022,0.08549536981054526
81,2023,0.09767279197816459
82,2008,0.19375691364057052
82,2009,0.22404964054663293
82,2010,0.1711544527633466
82,2011,0.17175301940891471
82,2012,0.1958409245245306
82,2013,0.1817159960417664
82,2014,0.18940758898013743
82,2015,0.19552120124038677
82,2016,0.20829229580838868
82,2017,0.2146416622371755
82,2018,0.21389422434742733
82,2019,0.22201010993107317
82,2020,0.11814845192401255
82,2021,0.19146975450840634
82,2022,0.2398136701534624
82,2023,0.2998157188695357
84,2008,0.019727526648373725
84,2009,0.02261491536065685
84,2010,0.02017423012968338
84,2011,0.01916617550861892
84,2012,0.02071359179602029
84,2013,0.02249224213428079
84,2014,0.02076487595081317
84,2015,0.021734127463556855
84,2016,0.020458980060486742
84,2017,0.020091844228406257
84,2018,0.01971793694856255
84,2019,0.019536710740372703
84,2020,0.01070861665707691
84,2021,0.014015707775111397
84,2022,0.016837039121856044
84,2023,0.019533987304818177
96,2008,0.007250980346856723
96,2009,0.00599205765383091
96,2010,0.005172091413961213
96,2011,0.005462672683621318
96,2012,0.0034654881911516597
96,2013,0.0038374524400279475
96,2014,0.0031056703139315
96,2015,0.0036597143728654366
96,2016,0.004404442862778869
96,2017,0.0037371162936378445
96,2018,0.0037350306896990456
96,2019,0.0039110783100462145
96,2020,0.002305443885333175
96,2021,0.0019314652204627742
96,2022,0.00296242005147183
96,2023,0.003301648818738263
98,2008,0.007107657487520442
98,2009,0.008425533536806777
98,2010,0.01045725357632724
98,2011,0.013789379254473981
98,2012,0.016426734985513773
98,2013,0.018168763557452894
98,2014,0.016875865948281183
98,2015,0.017203635862235032
98,2016,0.019177140419508958
98,2017,0.019164505388994824
98,2018,0.01847310025458811
98,2019,0.017685745782511513
98,2020,0.009826420925558601
98,2021,0.007836591004516235
98,2022,0.00968013005833485
98,2023,0.010782308389409953
99,2008,0.012067777162488117
99,2009,0.010414225507420764
99,2010,0.010463421227876338
99,2011,0.011638852981036141
99,2012,0.011863065792418111
99,2013,0.011205504184520624
99,2014,0.0092996929726509
99,2015,0.011567181115589562
99,2016,0.009438440181638662
99,2017,0.010819398254011292
99,2018,0.010502668526187807
99,2019,0.01274426862123668
99,2020,0.008405444248419021
99,2021,0.009108357932520579
99,2022,0.010056051372071982
99,2023,0.010763614917546535
100,2008,0.004855741398145655
100,2009,0.005174266222497644
100,2010,0.003378302722168154
100,2011,0.00333336928235654
100,2012,0.002711753685167991
100,2013,0.003375289816775295
100,2014,0.0034468047696310515
100,2015,0.00475763916205762
100,2016,0.005476166691627364
100,2017,0.004534160817913613
100,2018,0.003953854960008195
100,2019,0.004176241135520989
100,2020,0.0026282309757625893
100,2021,0.0036460065233856996
100,2022,0.004080044026231471
100,2023,0.004892193634552583
101,2008,0.005788618450175194
101,2009,0.006235915430494082
101,2010,0.005175404815861685
101,2011,0.005263699941276306
101,2012,0.005977006590356297
101,2013,0.0060472485050774355
101,2014,0.006569675841440849
101,2015,0.006870307875609779
101,2016,0.0061777306356439205
101,2017,0.006588721901713893
101,2018,0.007107818677089449
101,2019,0.007575908785197677
101,2020,0.006899436883702294
101,2021,0.007465530907722272
101,2022,0.008382662893474835
101,2023,0.00852111179968422
102,2008,0.01489661656627212
102,2009,0.013941145434343473
102,2010,0.013714340156231344
102,2011,0.012936473193261133
102,2012,0.013494894054041544
102,2013,0.013269195007835322
102,2014,0.013420431284468137
102,2015,0.015723736394315128
102,2016,0.015858716285428197
102,2017,0.014155430308934026
102,2018,0.014773291537071813
102,2019,0.020038248245479614
102,2020,0.011673502633653807
102,2021,0.012208735649504567
102,2022,0.015350611499068747
102,2023,0.01747177449969148
103,2008,0.12752020364206917
103,2009,0.13029401656317732
103,2010,0.13396691806179728
103,2011,0.17201358056655278
103,2012,0.14215161831368417
103,2013,0.2036936491502138
103,2014,0.272993134479069
103,2015,0.3368251371468453
103,2016,0.3346626707788543
103,2017,0.29833586838490506
103,2018,0.2913579752184398
103,2019,0.1917165461835995
103,2020,0.07674401337414243
103,2021,0.11510941517039248
103,2022,0.16517871990116748
103,2023,0.1798213128647855
106,2008,0.013758381328019738
106,2009,0.013063849687506186
106,2010,0.01080428474003155
106,2011,0.01176592224776503
106,2012,0.013737542833175005
106,2013,0.012717434301532205
106,2014,0.01182415049284957
106,2015,0.011246593457341919
106,2016,0.01039483332012273
106,2017,0.010503602615987212
106,2018,0.010273607759183295
106,2019,0.012650419810752366
106,2020,0.005351905062898964
106,2021,0.009037717152003159
106,2022,0.0119839939236898
106,2023,0.01230705303871988
108,2008,0.09329282791150767
108,2009,0.08986602157582255
108,2010,0.10324429367649846
108,2011,0.1356459951948824
108,2012,0.11407038848087679
108,2013,0.1116048622118088
108,2014,0.11404257137859722
108,2015,0.1054376600021183
108,2016,0.11287184899330108
108,2017,0.11610209149045307
108,2018,0.11978632106665595
108,2019,0.1189915879349595
108,2020,0.042044226964519656
108,2021,0.04921716723567143
108,2022,0.07828183024104814
108,2023,0.1155095255871858
110,2008,0.21115851262399735
110,2009,0.20381275647924388
110,2010,0.20466709009069095
110,2011,0.19848536205951342
110,2012,0.19059747266929183
110,2013,0.19528619605847233
110,2014,0.1884679992739209
110,2015,0.19333830891085926
110,2016,0.2290870910665609
110,2017,0.21150663941178263
110,2018,0.25673542834889984
110,2019,0.27431283649247495
110,2020,0.09332878811404553
110,2021,0.1892810363598142
110,2022,0.27647331906488415
110,2023,0.3222669830856432
112,2008,0.027067737659671208
112,2009,0.024258056697768142
112,2010,0.02475752968916606
112,2011,0.023736259726382842
112,2012,0.023343319245530802
112,2013,0.023229996221902336
112,2014,0.022206927349237175
112,2015,0.022149033523019564
112,2016,0.022851389967089103
112,2017,0.023243193441933832
112,2018,0.020880459089271906
112,2019,0.019594407241917366
112,2020,0.009529768351127774
112,2021,0.020578595857719796
112,2022,0.03013783350273554
112,2023,0.046147903044494745
113,2008,0.09801526199156127
113,2009,0.09715386263546033
113,2010,0.10549040816591242
113,2011,0.11090814683732643
113,2012,0.1233208910930233
113,2013,0.12461897660830737
113,2014,0.1296071078687082
113,2015,0.12974266885357857
113,2016,0.12647584658161773
113,2017,0.1292570641594768
113,2018,0.13218477958382224
113,2019,0.12901281985683485
113,2020,0.04189259103995
113,2021,0.05410406259465118
113,2022,0.0964692464118281
113,2023,0.10754997927285963
114,2008,0.08066068849523297
114,2009,0.07997225448847406
114,2010,0.07117168350966764
114,2011,0.07776243399525304
114,2012,0.07827236833907515
114,2013,0.08221704926774434
114,2014,0.08346028980796946
114,2015,0.09794925782781928
114,2016,0.10218824424904877
114,2017,0.09169606578294603
114,2018,0.09393289834489219
114,2019,0.10470712990640764
114,2020,0.040392159342813504
114,2021,0.04373822163128718
114,2022,0.04566726006616152
114,2023,0.04888624209038738
115,2008,0.10404390764058667
115,2009,0.09886663616872758
115,2010,0.09263727734481575
115,2011,0.09143021790181764
115,2012,0.09407410143516431
115,2013,0.09710770792287694
115,2014,0.09993870344888092
115,2015,0.10402290263758354
115,2016,0.10636953383883632
115,2017,0.10819818510004496
115,2018,0.10175506886100362
115,2019,0.0980877296619835
115,2020,0.04182237442908739
115,2021,0.07305259573677077
115,2022,0.08603603021612367
115,2023,0.09266129556053276
116,2008,0.07132115963313422
116,2009,0.06428843547585618
116,2010,0.06486155630409762
116,2011,0.0713070043828503
116,2012,0.07381179508907633
116,2013,0.07502531433826348
116,2014,0.07819791262425764
116,2015,0.08244342100455122
116,2016,0.08492399444628204
116,2017,0.07186949979501013
116,2018,0.07252086614834716
116,2019,0.07985454896845354
116,2020,0.04913311343406989
116,2021,0.09182261664956286
116,2022,0.09354346015553174
116,2023,0.10684618889955262
119,2008,0.3028998520776463
119,2009,0.23743918074880635
119,2010,0.2898258000939018
119,2011,0.32450561641470466
119,2012,0.33161263425085163
119,2013,0.3372498813467378
119,2014,0.32432297390282094
119,2015,0.31752202626415815
119,2016,0.31245085071905754
119,2017,0.31400729929435384
119,2018,0.3199634941682228
119,2019,0.31056199026897574
119,2020,0.1253143677083026
119,2021,0.17643972383762566
119,2022,0.2907195834917169
119,2023,0.310948635291306
120,2008,0.6016090348598722
120,2009,0.624388763972456
120,2010,0.6389474931351922
120,2011,0.6701955713132717
120,2012,0.6348133381366435
120,2013,0.6098442013773547
120,2014,0.6181203982507808
120,2015,0.5954005883990527
120,2016,0.5898581167828064
120,2017,0.561934044607496
120,2018,0.5346819846930794
120,2019,0.5960600119628614
120,2020,0.3145808328748827
120,2021,0.3368187285733921
120,2022,0.5029501894798225
120,2023,0.5076130872403446
122,2008,0.41366044752764236
122,2009,0.39684178290224986
122,2010,0.38469521290175035
122,2011,0.3841936368599505
122,2012,0.38891970428810224
122,2013,0.3942459009021093
122,2014,0.41503644338336254
122,2015,0.42382495506991424
122,2016,0.39478373251874116
122,2017,0.41062383210708747
122,2018,0.43387346072807165
122,2019,0.4703977712575401
122,2020,0.23677307544461046
122,2021,0.3050623881758611
122,2022,0.4382317722251613
122,2023,0.4701200243273672
123,2008,0.27062862090758677
123,2009,0.25985472775311524
123,2010,0.3067006888305021
123,2011,0.33834730214192005
123,2012,0.25409685923609343
123,2013,0.32582670080190307
123,2014,0.38828189927113094
123,2015,0.35646270026793864
123,2016,0.33330055084394644
123,2017,0.30795597193151636
123,2018,0.17529919529766408
123,2019,0.23325381811313758
123,2020,0.08585882924307364
123,2021,0.06839688002991232
123,2022,0.1380767467501593
123,2023,0.15869303983318342
124,2008,0.2703467350913834
124,2009,0.2583028155454541
124,2010,0.24798234057074459
124,2011,0.2308337347367446
124,2012,0.218102272159019
124,2013,0.22329205835065036
124,2014,0.2062523755114419
124,2015,0.22636279774281876
124,2016,0.2447951329893126
124,2017,0.24716711795450538
124,2018,0.24900490077267323
124,2019,0.26292369044283415
124,2020,0.14484319777131005
124,2021,0.15559347690636358
124,2022,0.18284568748189914
124,2023,0.19350126091787923
125,2008,0.25559486557399685
125,2009,0.24454011924191435
125,2010,0.2867477014203822
125,2011,0.2724056303007495
125,2012,0.25645030219764997
125,2013,0.2434687859539124
125,2014,0.38580386933569005
125,2015,0.3694673489894241
125,2016,0.36113487615489814
125,2017,0.37765176392310534
125,2018,0.38655039662085167
125,2019,0.4018645593324657
125,2020,0.15190488240153524
125,2021,0.17888218828340974
125,2022,0.3100563672870776
125,2023,0.43899308603193815
126,2008,0.04455968725536253
126,2009,0.06043787580714442
126,2010,0.06528565987843697
126,2011,0.060367505650692314
126,2012,0.06528370323126348
126,2013,0.0628642589249673
126,2014,0.06169251747213421
126,2015,0.062057291222184625
126,2016,0.063996985821605
126,2017,0.06601027969472208
126,2018,0.05906228421337916
126,2019,0.056354302686484295
126,2020,0.03317145193315545
126,2021,0.0412635753461932
126,2022,0.06179214250010782
126,2023,0.07213746364694895
127,2008,0.27491689025824456
127,2009,0.23915845028693897
127,2010,0.23683131832103976
127,2011,0.24919005963255147
127,2012,0.24797827422222865
127,2013,0.2346227987486651
127,2014,0.232533194967722
127,2015,0.2663732953619281
127,2016,0.26987649476474856
127,2017,0.2574910148333892
127,2018,0.27833314804367665
127,2019,0.2728231532023203
127,2020,0.10940380572755791
127,2021,0.07999265458145083
127,2022,0.20344931996340943
127,2023,0.23803204351052992
129,2008,0.08981646139831348
129,2009,0.08473812735151912
129,2010,0.08966096921293149
129,2011,0.10044574631744405
129,2012,0.10846509193839982
129,2013,0.11230475684532097
129,2014,0.10858599491104233
129,2015,0.10161647797353877
129,2016,0.10406103655252606
129,2017,0.10490004099266573
129,2018,0.10479832607184862
129,2019,0.09980911590055444
129,2020,0.03907957686384905
129,2021,0.05962319609415131
129,2022,0.10310904117561126
129,2023,0.10938836102099952
130,2008,0.044439361404645536
130,2009,0.03640041863461878
130,2010,0.03519175251752781
130,2011,0.03382773163753584
130,2012,0.033174212402790046
130,2013,0.0343682804951738
130,2014,0.03350580114546679
130,2015,0.03310687493017718
130,2016,0.03398116421971802
130,2017,0.03540482892516864
130,2018,0.036052303876251385
130,2019,0.0371586375262931
130,2020,0.014332653754846417
130,2021,0.01855364067827734
130,2022,0.03261679467000676
130,2023,0.03294643473562828
131,2008,0.045591674942225525
131,2009,0.04716888404397347
131,2010,0.046897699647587
131,2011,0.04211363022691039
131,2012,0.041424541030409205
131,2013,0.04093683552216327
131,2014,0.03958782810440218
131,2015,0.039024025015481266
131,2016,0.03991642571665872
131,2017,0.040693608998404913
131,2018,0.03444042868127916
131,2019,0.036184178939505866
131,2020,0.0299009868205972
131,2021,0.03115200241943429
131,2022,0.042755408899011985
131,2023,0.04805894011272596
132,2008,0.005632886454451418
132,2009,0.0056730679186089705
132,2010,0.005175775378374641
132,2011,0.0047105313975391375
132,2012,0.004585096535087596
132,2013,0.004505522676422323
132,2014,0.00445800126870958
132,2015,0.005196767012630207
132,2016,0.005708305906467874
132,2017,0.005582003365839832
132,2018,0.005654033254492304
132,2019,0.005585009101984395
132,2020,0.0023215634814070323
132,2021,0.003007457957430557
132,2022,0.004895078856776981
132,2023,0.005595909177587109
133,2008,0.04120208097122705
133,2009,0.04024999933337266
133,2010,0.03918331573940842
133,2011,0.03820951828284166
133,2012,0.03800581023202726
133,2013,0.037676643063208934
133,2014,0.03824865712623826
133,2015,0.036459048899466925
133,2016,0.03422151069638446
133,2017,0.03368230608619325
133,2018,0.03335898354226889
133,2019,0.03169191157903114
133,2020,0.01786287031826647
133,2021,0.026015780943045942
133,2022,0.03089287804235294
133,2023,0.03246922312393362
134,2008,0.0673890026807363
134,2009,0.05853325236917247
134,2010,0.05268841891078359
134,2011,0.05897642746957293
134,2012,0.059450208203612305
134,2013,0.06527029234178276
134,2014,0.07419794904742172
134,2015,0.07071225291715635
134,2016,0.06329240872736931
134,2017,0.06591140714428755
134,2018,0.06821944335139668
134,2019,0.08049115620028462
134,2020,0.04128474064446516
134,2021,0.05982590956555597
134,2022,0.08643969961423875
134,2023,0.10811041657360498
135,2008,0.02447654009939152
135,2009,0.024348689616247022
135,2010,0.023708094263152388
135,2011,0.023627679443056673
135,2012,0.023638121470156395
135,2013,0.025565455036664565
135,2014,0.02553027471798788
135,2015,0.026375063002658232
135,2016,0.026273950190563694
135,2017,0.02606929631856763
135,2018,0.02635672756732041
135,2019,0.026851086108440538
135,2020,0.02008215294405697
135,2021,0.022773298091040978
135,2022,0.026331996987771635
135,2023,0.02615548066059399
136,2008,0.010136448024345796
136,2009,0.009375803429704064
136,2010,0.008912880705222299
136,2011,0.008112329955507723
136,2012,0.007991142353791465
136,2013,0.007839111525104206
136,2014,0.007645808484521124
136,2015,0.007029953713240131
136,2016,0.006853612527231343
136,2017,0.006622074927956892
136,2018,0.0069850526746251035
136,2019,0.006652138438724542
136,2020,0.002991965725742082
136,2021,0.004213839938406584
136,2022,0.005630154368929348
136,2023,0.0062656853529887415
137,2008,0.00806141796033455
137,2009,0.008388569289537441
137,2010,0.008316437930949485
137,2011,0.008969061390830637
137,2012,0.009106717081352017
137,2013,0.009289862343747332
137,2014,0.009810953298629497
137,2015,0.01090172196694758
137,2016,0.011674166408165508
137,2017,0.01225148759678555
137,2018,0.01304067703186958
137,2019,0.012309437597873507
137,2020,0.0050577051793888874
137,2021,0.006985949842629468
137,2022,0.010332510852067356
137,2023,0.011489671780525627
138,2008,0.036713095081056385
138,2009,0.03636461910205082
138,2010,0.032348235318622465
138,2011,0.03018568348289555
138,2012,0.03008698564684125
138,2013,0.03131413987929741
138,2014,0.03150234620997768
138,2015,0.032378529774389105
138,2016,0.03270089461296162
138,2017,0.031737900092980956
138,2018,0.03278070530852255
138,2019,0.03268316977271949
138,2020,0.010832179566445827
138,2021,0.018046647004765354
138,2022,0.025307504066064
138,2023,0.02657382713263546
139,2008,0.05617932610378923
139,2009,0.0676875014299069
139,2010,0.04877029391994803
139,2011,0.05367552135292678
139,2012,0.05192431438876973
139,2013,0.08455261650844884
139,2014,0.09060616304780812
139,2015,0.07698736886979898
139,2016,0.07116062115726252
139,2017,0.08929874198348815
139,2018,0.08718264241343357
139,2019,0.10324688542159774
139,2020,0.07656255290075516
139,2021,0.09023320552295415
139,2022,0.07170902211633629
139,2023,0.07356200248784976
143,2008,0.10710475291215535
143,2009,0.11353008918522879
143,2010,0.1196164938671754
143,2011,0.13230773884199037
143,2012,0.15248473546780675
143,2013,0.161669406780301
143,2014,0.18201334412956138
143,2015,0.20795606666545835
143,2016,0.24564115948189966
143,2017,0.2533090614175176
143,2018,0.245545461156562
143,2019,0.2243113149408998
143,2020,0.0879424845955272
143,2021,0.1297378988256355
143,2022,0.1942404127919788
143,2023,0.22385401342905317
155,2008,0.05342560188867753
155,2009,0.05697943768672667
155,2010,0.04762536921447371
155,2011,0.07174864145972659
155,2012,0.07835616858552265
155,2013,0.09717032999606479
155,2014,0.08283471738564228
155,2015,0.08348917926124305
155,2016,0.1163577867633591
155,2017,0.09751177835913681
155,2018,0.09343760572122937
155,2019,0.10804789772100316
155,2020,0.09206221124788595
155,2021,0.024311981488504025
155,2022,0.027067801191589906
155,2023,0.08149911610471919
162,2008,0.11585510169229023
162,2009,0.11131170233579703
162,2010,0.10645632128690548
162,2011,0.10480153999407593
162,2012,0.10325521666167066
162,2013,0.10209053239850761
162,2014,0.1033266403044455
162,2015,0.11100653523513485
162,2016,0.1075715007549369
162,2017,0.10450588529234796
162,2018,0.10349394839757599
162,2019,0.10495103851502575
162,2020,0.08000351450696225
162,2021,0.06559621281027897
162,2022,0.07621104713669943
162,2023,0.08709873717079276
163,2008,0.019068730056372024
163,2009,0.017342458021966902
163,2010,0.017552054431801228
163,2011,0.01923963684151346
163,2012,0.01922791693059046
163,2013,0.01973467180969658
163,2014,0.019691100125096592
163,2015,0.018957113477363154
163,2016,0.01870059580281689
163,2017,0.01896585551501737
163,2018,0.01939816116793186
163,2019,0.0192453004673659
163,2020,0.009482021063385141
163,2021,0.01441489580822871
163,2022,0.018335589110534876
163,2023,0.019211225125948275
164,2008,0.15723802218087582
164,2009,0.147531270288969
164,2010,0.1454128520409008
164,2011,0.13359193914531795
164,2012,0.14796422659360975
164,2013,0.16115300841827282
164,2014,0.16305117542467282
164,2015,0.15508998708859228
164,2016,0.15798410087712467
164,2017,0.16770376309331986
164,2018,0.19284362748925038
164,2019,0.2020961047973279
164,2020,0.11135428084352036
164,2021,0.13936797183770505
164,2022,0.1960059397386999
164,2023,0.2167364459314623
166,2008,0.1729268037676341
166,2009,0.17951680982116258
166,2010,0.16500766196848884
166,2011,0.15274429421607405
166,2012,0.15177062111389525
166,2013,0.15887301056088662
166,2014,0.17850426643814235
166,2015,0.185440879090184
166,2016,0.1947470793968261
166,2017,0.2048872078609788
166,2018,0.21350413463085602
166,2019,0.24320458788208946
166,2020,0.1015548183840126
166,2021,0.15503954473657433
166,2022,0.22101196670760323
166,2023,0.2501967816833788
167,2008,0.03883729679813896
167,2009,0.03125027836275614
167,2010,0.04057345590494831
167,2011,0.04327661003633803
167,2012,0.03412265076711435
167,2013,0.03480223355826093
167,2014,0.03661153938722733
167,2015,0.03177864336154929
167,2016,0.03450643930324908
167,2017,0.03330414950037137
167,2018,0.022554831457331597
167,2019,0.03538495849559762
167,2020,0.018007143630775848
167,2021,0.020093824847529286
167,2022,0.017366932004886752
167,2023,0.01825418108562092
168,2008,0.02214490508661408
168,2009,0.017916884757787212
168,2010,0.016347125576503495
168,2011,0.01908440911626311
168,2012,0.0190867362061212
168,2013,0.02042679872495243
168,2014,0.020846435145543116
168,2015,0.022201472973432765
168,2016,0.028210215904158023
168,2017,0.02234112132483114
168,2018,0.020527627450726966
168,2019,0.017292818986199988
168,2020,0.00897584915284996
168,2021,0.00970880264169774
168,2022,0.013058038397761745
168,2023,0.013922560280559909
171,2008,0.015647261963757788
171,2009,0.016339233751288373
171,2010,0.015445037448437386
171,2011,0.015770595897402147
171,2012,0.015054876100406562
171,2013,0.01480084913965162
171,2014,0.015343448565696933
171,2015,0.016017608519135668
171,2016,0.015812849130056407
171,2017,0.014856242400858808
171,2018,0.014944686969559553
171,2019,0.015329595901172069
171,2020,0.010560439848442607
171,2021,0.013664198813408718
171,2022,0.01585788701080357
171,2023,0.016050150614396807
172,2008,0.016446485306114124
172,2009,0.015819923598321885
172,2010,0.014927923103250026
172,2011,0.013748498195375184
172,2012,0.0128739022591222
172,2013,0.012637456379083983
172,2014,0.012471008064876008
172,2015,0.011473626193340832
172,2016,0.012508363329340374
172,2017,0.013131349089321433
172,2018,0.01232044026080565
172,2019,0.012182520363343169
172,2020,0.005698078181782633
172,2021,0.005952224205170647
172,2022,0.012258552221605924
172,2023,0.013944348123254477
173,2008,0.05342821139287859
173,2009,0.05357671180471929
173,2010,0.057869499390278877
173,2011,0.06390132582287673
173,2012,0.06422659075472674
173,2013,0.06005765188880935
173,2014,0.06117683440938109
173,2015,0.06291488191124676
173,2016,0.07049942131421251
173,2017,0.08098968588160882
173,2018,0.07717031769099886
173,2019,0.07646054782732467
173,2020,0.04980517220745195
173,2021,0.05213654134770414
173,2022,0.07277773626977098
173,2023,0.08183676839262341
174,2008,0.039336594260608045
174,2009,0.03604359802898646
174,2010,0.035312920156566154
174,2011,0.03566431483105402
174,2012,0.0370975267755965
174,2013,0.0370481626617053
174,2014,0.03625087917566595
174,2015,0.03568008732868125
174,2016,0.035653559905450674
174,2017,0.0376224705627657
174,2018,0.03897867730497677
174,2019,0.03979275958438132
174,2020,0.024495371782146474
174,2021,0.026271538902708128
174,2022,0.03334158131533972
174,2023,0.03652991453359609
175,2008,0.03983389383658772
175,2009,0.03840713220764368
175,2010,0.038665017121905725
175,2011,0.04124003768743198
175,2012,0.041892570624443105
175,2013,0.04331002067898319
175,2014,0.04479392159434226
175,2015,0.04623829410623172
175,2016,0.04809532781061597
175,2017,0.05069576589619688
175,2018,0.05177416023267903
175,2019,0.05077600619294186
175,2020,0.03652961755538147
175,2021,0.03658682865883207
175,2022,0.044878486187215516
175,2023,0.04808846624497852
176,2008,0.01001322471273763
176,2009,0.010269605002579221
176,2010,0.010206417122701993
176,2011,0.010312383237455218
176,2012,0.010593641821399423
176,2013,0.01073875608813272
176,2014,0.010962858117851979
176,2015,0.010905596755450199
176,2016,0.0105742124573783
176,2017,0.01043255417362895
176,2018,0.010346515929353943
176,2019,0.010116940906956843
176,2020,0.004416273319907919
176,2021,0.004219117666425788
176,2022,0.00920589904872524
176,2023,0.010040802516779723
177,2008,0.049556946103529
177,2009,0.057812611775390724
177,2010,0.06460270845661584
177,2011,0.06604919659521256
177,2012,0.06734894818141762
177,2013,0.06770076139651458
177,2014,0.06845409748890989
177,2015,0.06873758445105112
177,2016,0.06958257556009963
177,2017,0.07046902944241074
177,2018,0.07049420079872049
177,2019,0.06821409925439578
177,2020,0.043411413353115415
177,2021,0.04287329052676151
177,2022,0.058789362373572504
177,2023,0.06177989018092702
178,2008,0.0033471958328446833
178,2009,0.0028925877348908494
178,2010,0.0024732875823271308
178,2011,0.0027296838383786557
178,2012,0.0031066852263486808
178,2013,0.003261524626225803
178,2014,0.003252436673321462
178,2015,0.003218112503849987
178,2016,0.0034161369762902064
178,2017,0.003515289318046715
178,2018,0.0036250747598326237
178,2019,0.003629842417402655
178,2020,0.0017498028001998523
178,2021,0.001907226401039763
178,2022,0.0030791195971760733
178,2023,0.003019019671109931
179,2008,0.015806330081183005
179,2009,0.015373825932283008
179,2010,0.015054876178997013
179,2011,0.01572059918032042
179,2012,0.015874855353402828
179,2013,0.016675193113458546
179,2014,0.0165816256351541
179,2015,0.016177747357632916
179,2016,0.015790717458779517
179,2017,0.016281996463440987
179,2018,0.01747692504749055
179,2019,0.01709315871887887
179,2020,0.011858517558499008
179,2021,0.012798468387484285
179,2022,0.01681293011362621
179,2023,0.017337765734113244
180,2008,0.041866278970715015
180,2009,0.04212481785308591
180,2010,0.041866316965806984
180,2011,0.044127762974744626
180,2012,0.04652077557514459
180,2013,0.047747028168561446
180,2014,0.04647565031195571
180,2015,0.04853829504494712
180,2016,0.045463041295114866
180,2017,0.04529390242873497
180,2018,0.04324732666431833
180,2019,0.047882971467669115
180,2020,0.02020771713703141
180,2021,0.016910814298763194
180,2022,0.03378054310626818
180,2023,0.04499619385872116
181,2008,0.03584949267560195
181,2009,0.0364446909832925
181,2010,0.04034826473757667
181,2011,0.041527159567307584
181,2012,0.042678606706116756
181,2013,0.04416781787220035
181,2014,0.04437382370930132
181,2015,0.03855491367556945
181,2016,0.04211358662449402
181,2017,0.04164034950497981
181,2018,0.03745430831154841
181,2019,0.03565514605576649
181,2020,0.00974707333142577
181,2021,0.010262303528961143
181,2022,0.024920515533856085
181,2023,0.03008456847134958
182,2008,0.04022932405991093
182,2009,0.036655397410147575
182,2010,0.04272802576030286
182,2011,0.045367858627495226
182,2012,0.047561587956090556
182,2013,0.04896272338177484
182,2014,0.050916323105324575
182,2015,0.051351656761118344
182,2016,0.05280929275589597
182,2017,0.05644562732709333
182,2018,0.05667886295872646
182,2019,0.056566081267984826
182,2020,0.023565148768170452
182,2021,0.031247514792119926
182,2022,0.05097797741616246
182,2023,0.05598676985876642
183,2008,0.06653277463540172
183,2009,0.06521461039668716
183,2010,0.07020999422786561
183,2011,0.07690308420905007
183,2012,0.08454152804761916
183,2013,0.0897205429397874
183,2014,0.0972932569710138
183,2015,0.10116534611174297
183,2016,0.10454111290690161
183,2017,0.11768896894383439
183,2018,0.11801265596215174
183,2019,0.12156784670078179
183,2020,0.06691060442082554
183,2021,0.07726657033692357
183,2022,0.13606693042129492
183,2023,0.14623508738478966
184,2008,0.04009315252419319
184,2009,0.038128888559629
184,2010,0.037503622953999824
184,2011,0.04187433553346826
184,2012,0.04265631000460765
184,2013,0.04353217076405589
184,2014,0.04422189538745774
184,2015,0.04499671756816507
184,2016,0.045118283593608345
184,2017,0.045959823212915064
184,2018,0.046099830994922784
184,2019,0.046556099267574716
184,2020,0.031084343897081607
184,2021,0.034962129759851704
184,2022,0.04254118828190228
184,2023,0.04439741227654739
186,2008,0.17684842258163855
186,2009,0.18277673480654968
186,2010,0.1793772528853522
186,2011,0.19165845204637666
186,2012,0.21143876066524975
186,2013,0.2051559929175128
186,2014,0.20490889833630882
186,2015,0.23607583255165232
186,2016,0.23137027454676612
186,2017,0.2336419919083825
186,2018,0.21959244331761596
186,2019,0.2215308397497763
186,2020,0.05127513427947084
186,2021,0.15546752466925662
186,2022,0.17926637030304926
186,2023,0.20930641590585838
187,2008,0.06172600767443136
187,2009,0.05639635592336094
187,2010,0.055004814344485994
187,2011,0.05930193196400229
187,2012,0.06707851316458782
187,2013,0.06266275342817595
187,2014,0.06758695574607052
187,2015,0.07166043059229825
187,2016,0.07360650570071517
187,2017,0.07788362886872967
187,2018,0.07814961691307433
187,2019,0.08262818642291697
187,2020,0.044042985446170684
187,2021,0.06838065264238392
187,2022,0.08122285126719844
187,2023,0.0850329386872066
188,2008,0.013787175875379264
188,2009,0.014520264236578059
188,2010,0.014651579468239797
188,2011,0.014923426905984158
188,2012,0.014947276457443766
188,2013,0.015083277234350214
188,2014,0.01481335025503496
188,2015,0.01437088812099087
188,2016,0.01441121490096967
188,2017,0.014704884127459981
188,2018,0.015375882115619481
188,2019,0.01526010493375408
188,2020,0.009412352945417058
188,2021,0.010415052766072243
188,2022,0.014216532011031874
188,2023,0.02645095643966272
189,2008,0.009311058665534723
189,2009,0.008824620472946087
189,2010,0.00853208880231225
189,2011,0.008902339533716308
189,2012,0.00929405348807514
189,2013,0.00920265628997178
189,2014,0.009272570892608372
189,2015,0.007593627656636938
189,2016,0.007717141194221892
189,2017,0.007738569917991604
189,2018,0.007758735733296914
189,2019,0.007662784347214793
189,2020,0.003434838852438515
189,2021,0.0038974148853755048
189,2022,0.0057235594202733565
189,2023,0.006379911718604602
190,2008,0.014282658082460707
190,2009,0.011862614827309643
190,2010,0.010420693982196798
190,2011,0.0296017409434497
190,2012,0.038818091486741396
190,2013,0.04235357530880854
190,2014,0.05013033102080815
190,2015,0.07553888211947822
190,2016,0.08157058461961464
190,2017,0.07910739301215519
190,2018,0.0718252103463098
190,2019,0.07840524961862358
190,2020,0.05076284340122527
190,2021,0.04869747741938417
190,2022,0.060158503013563264
190,2023,0.09975259859678266
191,2008,7.995359740612921e-4
191,2009,8.860282368670083e-4
191,2010,9.797925191173049e-4
191,2011,9.706317004805025e-4
191,2012,0.0012579607855350934
191,2013,0.001264693995501975
191,2014,0.0013404275171071103
191,2015,0.0015256441018622199
191,2016,0.001438973624002223
191,2017,0.0013527946033180184
191,2018,0.001644371190900988
191,2019,0.0017915595332804468
191,2020,8.117706749911755e-4
191,2021,8.935198594109239e-4
191,2022,0.0013826612694135489
191,2023,0.0017272586430360957
192,2008,3.321053261565897e-4
192,2009,4.012438505268543e-4
192,2010,3.928148904926823e-4
192,2011,2.899380398677604e-4
192,2012,3.2074106798780173e-4
192,2013,3.545814760220199e-4
192,2014,3.543649037528639e-4
192,2015,4.743630490127424e-4
192,2016,5.869059601478806e-4
192,2017,5.574175716825842e-4
192,2018,4.1442890737581896e-4
192,2019,2.7472361093144903e-4
192,2020,1.2012543461388335e-4
192,2021,1.6329270837570038e-4
192,2022,2.157968673484866e-4
192,2023,2.8533663834715944e-4
194,2008,0.007816843137841699
194,2009,0.008431474787322731
194,2010,0.008408388773906076
194,2011,0.010402578854282413
194,2012,0.01046308761980526
194,2013,0.01044744400472506
194,2014,0.011319171841015508
194,2015,0.01269895437845285
194,2016,0.012204589345644192
194,2017,0.012444385898339152
194,2018,0.011964506578533877
194,2019,0.008399607072997422
194,2020,0.005734979643539946
194,2021,0.006937670939261221
194,2022,0.0075587950982142155
194,2023,0.007503784194418707
195,2008,0.014156758678766753
195,2009,0.013112023207479619
195,2010,0.0130519371191383
195,2011,0.013181828428569886
195,2012,0.01566379596102175
195,2013,0.017750205388090523
195,2014,0.017636123237287145
195,2015,0.021581687313152107
195,2016,0.019388301565587917
195,2017,0.018222262459685612
195,2018,0.021274392409206942
195,2019,0.01840968792265381
195,2020,0.008704975185824094
195,2021,0.009438564342391662
195,2022,0.010890536793278031
195,2023,0.01266502324411643
196,2008,0.0012636127691098482
196,2009,9.827130847979355e-4
196,2010,8.261826942792093e-4
196,2011,9.29325740109711e-4
196,2012,9.736631048574454e-4
196,2013,9.823180980939603e-4
196,2014,0.0012229344914798882
196,2015,0.001174300674834772
196,2016,0.0013430020510635193
196,2017,0.0014583807526868892
196,2018,0.0013212466558403509
196,2019,0.0011995688547122064
196,2020,6.742705981594243e-4
196,2021,7.963876914464336e-4
196,2022,9.896682663803162e-4
196,2023,0.0010163401102556428
197,2008,0.0056344918881241855
197,2009,0.0060366235110961885
197,2010,0.005754073556306791
197,2011,0.008500944775690446
197,2012,0.008959192781906693
197,2013,0.009662326962424842
197,2014,0.010651932198763737
197,2015,0.009832167896262928
197,2016,0.009662412987381587
197,2017,0.00953745104313039
197,2018,0.010498474872944282
197,2019,0.011153790709593455
197,2020,0.006809808129416544
197,2021,0.008453214684244356
197,2022,0.01020284969354529
197,2023,0.00946117300492665
198,2008,0.010533254995216528
198,2009,0.01189554944801412
198,2010,0.012093014115632746
198,2011,0.008224538794996546
198,2012,0.008725568049710227
198,2013,0.010279045481925233
198,2014,0.010034092977480513
198,2015,0.009267901862810764
198,2016,0.0104115041881736
198,2017,0.010523501934704646
198,2018,0.011940372911550385
198,2019,0.011770901256326235
198,2020,0.007593258103880707
198,2021,0.007998576722676388
198,2022,0.009053065811205425
198,2023,0.010285467377937183
199,2008,5.9229477455964025e-5
199,2009,7.15148029523476e-5
199,2010,4.545659283602714e-5
199,2011,3.624923681676422e-5
199,2012,5.926604204387775e-5
199,2013,5.0088433962630336e-5
199,2014,4.27203503117268e-5
199,2015,4.066065567088348e-5
199,2016,4.830365368177513e-5
199,2017,4.749360476037661e-5
199,2018,5.1730222271651674e-5
199,2019,6.128435798747192e-5
199,2020,4.031497400678215e-5
199,2021,4.822632037528926e-5
199,2022,4.3576768026775537e-5
199,2023,5.003669960220376e-5
200,2008,0.0024778468597978207
200,2009,0.0031924525688696976
200,2010,0.002854424408877375
200,2011,0.0031792881087239953
200,2012,0.0041246660935169085
200,2013,0.004411625200141177
200,2014,0.00798223126626094
200,2015,0.007703274106106694
200,2016,0.007171786219376823
200,2017,0.007646290496821567
200,2018,0.00700301269057428
200,2019,0.006630128213103422
200,2020,0.0037340548181997468
200,2021,0.004333736568890762
200,2022,0.005047675872097027
200,2023,0.005462868993334606
202,2008,0.007258175544689308
202,2009,0.006344813050362522
202,2010,0.006440883255191504
202,2011,0.006714544804481367
202,2012,0.007601889380419607
202,2013,0.00851077340229353
202,2014,0.008730220646567106
202,2015,0.008927945899588483
202,2016,0.008809396545814174
202,2017,0.008698341674422023
202,2018,0.009347170996077533
202,2019,0.00919240074533644
202,2020,0.0034155433241364387
202,2021,0.005088359249758014
202,2022,0.007766379921056509
202,2023,0.008985650924710771
203,2008,0.010195505715275324
203,2009,0.009800104176200008
203,2010,0.009108786866954651
203,2011,0.008742331619818175
203,2012,0.008020476147286959
203,2013,0.007595592100410683
203,2014,0.00717278355603912
203,2015,0.0068027400571093995
203,2016,0.00688907291861235
203,2017,0.0067592347760195735
203,2018,0.0066775942079825654
203,2019,0.006804198100747346
203,2020,0.0042576797844604535
203,2021,0.0033387717261267264
203,2022,0.005914467711923829
203,2023,0.006340921376482325
204,2008,0.004368982212522826
204,2009,0.004130339849196296
204,2010,0.004318242696208133
204,2011,0.0041345522965342395
204,2012,0.004584034830425261
204,2013,0.00499233758424936
204,2014,0.005318592421320162
204,2015,0.005468837963695377
204,2016,0.005006633469559566
204,2017,0.005232950964553135
204,2018,0.005117893717762297
204,2019,0.0047218409811424535
204,2020,0.0028205595937091685
204,2021,0.00328942840040255
204,2022,0.004390045161905402
204,2023,0.0044151486029484445
205,2008,0.006544085631117409
205,2009,0.005206061547545592
205,2010,0.005072542045006392
205,2011,0.005387222696084978
205,2012,0.007656260701173506
205,2013,0.00798604606818891
205,2014,0.010257106520864359
205,2015,0.012723937277876634
205,2016,0.014442252090309285
205,2017,0.011930047089288355
205,2018,0.009603079673953085
205,2019,0.01246473990948083
205,2020,0.0025333690723744256
205,2021,0.0019129663509797053
205,2022,0.0033469802756017604
205,2023,0.007645583170049639
206,2008,0.061733403966589516
206,2009,0.06832237654091111
206,2010,0.07326985435929587
206,2011,0.07366216287437906
206,2012,0.07440153398060363
206,2013,0.0795241897707572
206,2014,0.08200392162671565
206,2015,0.07783618046047959
206,2016,0.0798977279447871
206,2017,0.07886236588151045
206,2018,0.07906350148939927
206,2019,0.0816707624628013
206,2020,0.024870760892691267
206,2021,0.007863119336613746
206,2022,0.0352551804160846
206,2023,0.05845259103056402
207,2008,0.027476172044933234
207,2009,0.022333478895196584
207,2010,0.026007411836956058
207,2011,0.026200110135963583
207,2012,0.026860643914248236
207,2013,0.02639567557825744
207,2014,0.025936123741836816
207,2015,0.02706425437747037
207,2016,0.027535990468277243
207,2017,0.029112093313413415
207,2018,0.02969089180276346
207,2019,0.03274321872822192
207,2020,0.015349659863287254
207,2021,0.013473631371900305
207,2022,0.0223230559523176
207,2023,0.026423821824559466
208,2008,0.11369157169806042
208,2009,0.09700771888980875
208,2010,0.10588531906492771
208,2011,0.12076595203596968
208,2012,0.12111520064013462
208,2013,0.12088383637191137
208,2014,0.12101223493075104
208,2015,0.1109950470744861
208,2016,0.11732789897121686
208,2017,0.11422559594548619
208,2018,0.10787507138693478
208,2019,0.1078117868985337
208,2020,0.04300685820740612
208,2021,0.0341851083616743
208,2022,0.05673865983207829
208,2023,0.08370536728319238
209,2008,0.006912336848400766
209,2009,0.0068438768381097375
209,2010,0.007116639981892888
209,2011,0.008172802668323266
209,2012,0.009302946209769666
209,2013,0.00951298818788761
209,2014,0.009681662858664584
209,2015,0.009749360343565376
209,2016,0.010079412881004255
209,2017,0.010274594905289128
209,2018,0.010302154848197458
209,2019,0.010574928309170012
209,2020,0.0037666629236211007
209,2021,0.004244144243206259
209,2022,0.0031105300322173406
209,2023,0.007090806922818687
210,2008,0.030835754054087523
210,2009,0.029884107412425434
210,2010,0.02693727391786377
210,2011,0.026344807587917556
210,2012,0.026286243027239704
210,2013,0.027086325901669005
210,2014,0.025207645838985573
210,2015,0.02765519900208585
210,2016,0.0282117740223495
210,2017,0.02849293248268834
210,2018,0.02851184074939914
210,2019,0.030174447903593925
210,2020,0.012231583211861368
210,2021,0.010160413365783643
210,2022,0.019891040087790218
210,2023,0.028157368114226627
212,2008,NA
212,2009,NA
212,2010,NA
212,2011,NA
212,2012,NA
212,2013,NA
212,2014,NA
212,2015,NA
212,2016,NA
212,2017,NA
212,2018,NA
212,2019,NA
212,2020,NA
212,2021,NA
212,2022,NA
212,2023,NA
214,2008,0.010455444160671755
214,2009,0.009283292557252337
214,2010,0.009278353099166942
214,2011,0.006703604072857933
214,2012,0.0069526639130160885
214,2013,0.005311045209554663
214,2014,0.0057643996859205555
214,2015,0.005388214352900866
214,2016,0.004639118742898447
214,2017,0.0075464150313661925
214,2018,0.008211599456979671
214,2019,0.007701520884283824
214,2020,0.0034223727534677963
214,2021,0.005079046965806534
214,2022,0.006571474956572273
214,2023,0.007850446241612834
215,2008,0.01934652634458331
215,2009,0.017350269690556187
215,2010,0.019766642920580585
215,2011,0.017671275813435007
215,2012,0.01925428859279933
215,2013,0.017958328722563744
215,2014,0.017491526630568018
215,2015,0.013843507136303898
215,2016,0.011827460748510776
215,2017,0.012716015777437818
215,2018,0.014181857216746691
215,2019,0.015458422697713392
215,2020,0.003686192569714494
215,2021,0.007413144603940983
215,2022,0.014844668221920878
215,2023,0.01757084495026189
216,2008,0.025053129425815453
216,2009,0.02248286478540801
216,2010,0.021540979575275686
216,2011,0.020597147368012585
216,2012,0.020350889756833263
216,2013,0.019962514992884785
216,2014,0.022073532624291573
216,2015,0.022047493367572682
216,2016,0.020969926984807867
216,2017,0.020692050827494854
216,2018,0.02172589456457408
216,2019,0.02132829670795065
216,2020,0.006942853452479949
216,2021,0.005840639671662947
216,2022,0.013555853884231021
216,2023,0.01728469400996424
218,2008,0.008121479713203088
218,2009,0.008169452250607367
218,2010,0.008179995825638421
218,2011,0.008160649839106728
218,2012,0.008168317128327175
218,2013,0.008046746515185282
218,2014,0.008008213651516388
218,2015,0.008243864081139512
218,2016,0.008494729787568187
218,2017,0.00851519450475532
218,2018,0.008633753909134604
218,2019,0.008778653450776337
218,2020,0.004448692484381271
218,2021,0.004348809185606382
218,2022,0.006515622892946908
218,2023,0.007394992378247277
220,2008,0.0917357501157661
220,2009,0.08641187223679923
220,2010,0.08744625446169342
220,2011,0.09357505272820442
220,2012,0.10706872444850414
220,2013,0.11669015662007354
220,2014,0.11259240585273445
220,2015,0.09712515455239731
220,2016,0.0894065257034582
220,2017,0.0861133717202759
220,2018,0.09574120684380266
220,2019,0.09433043630269836
220,2020,0.046470123876759736
220,2021,0.07968539503367199
220,2022,0.1114998967303303
220,2023,0.11496383663560832
222,2008,0.04342029836979853
222,2009,0.04446099063161545
222,2010,0.04033611024709426
222,2011,0.04071964367403328
222,2012,0.04227042801257016
222,2013,0.03972958737576858
222,2014,0.04086434012867819
222,2015,0.0394507237289763
222,2016,0.040169087329968045
222,2017,0.0376782901913763
222,2018,0.03807144913289269
222,2019,0.037041542665639304
222,2020,0.02514367624870305
222,2021,0.027821031882117854
222,2022,0.03591272170377745
222,2023,0.037177663214294956
223,2008,0.03453023113572666
223,2009,0.03613017663608209
223,2010,0.03445217642041769
223,2011,0.03358141731166782
223,2012,0.03372961913477356
223,2013,0.03451853672014544
223,2014,0.03856995887594191
223,2015,0.04063792702533688
223,2016,0.042810508681619404
223,2017,0.0415473915290946
223,2018,0.04135442493458003
223,2019,0.0433890347220242
223,2020,0.029670923229892333
223,2021,0.027432998833161273
223,2022,0.034938716573042754
223,2023,0.0381770762522721
224,2008,0.021169249197301048
224,2009,0.02006829886097022
224,2010,0.01822427073224322
224,2011,0.01982690639975679
224,2012,0.021260578049651497
224,2013,0.02155800778050048
224,2014,0.021075409623503953
224,2015,0.02163336782221325
224,2016,0.021813631137449118
224,2017,0.02160411062051186
224,2018,0.02067582038652998
224,2019,0.020215159121579118
224,2020,0.012702044281042428
224,2021,0.013569529221960941
224,2022,0.018005967290472477
224,2023,0.019262337896114368
232,2008,0.008904974807832294
232,2009,0.008418038871463845
232,2010,0.007949211489922406
232,2011,0.008211281756609581
232,2012,0.006388353890916969
232,2013,0.007778537168433608
232,2014,0.007913706816490215
232,2015,0.009080176913230771
232,2016,0.009523477480123797
232,2017,0.010547355428801078
232,2018,0.011338286821850913
232,2019,0.01255231272921205
232,2020,0.00515232473708475
232,2021,0.009588940118415159
232,2022,0.012950771905645968
232,2023,0.01437312597285993
244,2008,0.03938520563575477
244,2009,0.03748356601071114
244,2010,0.0389428758321108
244,2011,0.0413769481726049
244,2012,0.04826904496486114
244,2013,0.05281005153839336
244,2014,0.053487916572285875
244,2015,0.04662403608587607
244,2016,0.0435570399418465
244,2017,0.039680630329998814
244,2018,0.04130849489586767
244,2019,0.04107922248213574
244,2020,0.022751059373151673
244,2021,0.03866813263104974
244,2022,0.05871604255222551
244,2023,0.05688555582330347
247,2008,0.03437398446013368
247,2009,0.04475222479710721
247,2010,0.03824540052424809
247,2011,0.0314995173336757
247,2012,0.029052071664172032
247,2013,0.026719268220681356
247,2014,0.023975520544544934
247,2015,0.038069419743773945
247,2016,0.04158128318900092
247,2017,0.04298622312268595
247,2018,0.04132503284121073
247,2019,0.04215334338092251
247,2020,0.0166623924303258
247,2021,0.019044602506102334
247,2022,0.02368884141938562
247,2023,0.0344171408131714
250,2008,0.412407518893468
250,2009,0.4247076230436826
250,2010,0.4539981725336112
250,2011,0.447177531916994
250,2012,0.4667746951846055
250,2013,0.47519530729599857
250,2014,0.5012530075213991
250,2015,0.4830730610641472
250,2016,0.509625865839196
250,2017,0.518997176810532
250,2018,0.5351333165498409
250,2019,0.5345428675071617
250,2020,0.37093351161739646
250,2021,0.5221010561921546
250,2022,0.600225405086016
250,2023,0.6391173549944552
