rgn_id,year,quantity
6,2008,19.012588197625
6,2009,22.06489902004348
6,2010,22.565265305408474
6,2011,20.485999056331952
6,2012,24.3401737
6,2013,27.4911728
6,2014,25.3295612
6,2015,23.9769363
6,2016,25.74798
6,2017,26.6584778
6,2018,26.805994
6,2019,22.6633987
6,2020,14.9304543
6,2021,15.8068371
6,2022,17.47281095869806
6,2023,18.090679088232175
7,2008,16.4969177
7,2009,19.4495983
7,2010,24.4313469
7,2011,22.70181
7,2012,22.70215
7,2013,22.7773972
7,2014,21.7719917
7,2015,22.874831707802546
7,2016,25.432613528910753
7,2017,24.091778943427297
7,2018,28.077541153730273
7,2019,25.848391444288904
7,2020,19.78197006626857
7,2021,20.78003657547082
7,2022,22.833444058054923
7,2023,23.93509037373671
14,2008,660.1313354642886
14,2009,638.0394463772444
14,2010,686.6924223618902
14,2011,752.9808364857813
14,2012,791.8470512722088
14,2013,808.628533480012
14,2014,860.6995397724621
14,2015,797.6797192428669
14,2016,693.585599150087
14,2017,739.5026106161963
14,2018,767.9032868631348
14,2019,793.1882390488167
14,2020,711.6141378858995
14,2021,682.745573297934
14,2022,745.3021842832126
14,2023,782.1744308281797
15,2008,5908.251092017663
15,2009,6315.397156740215
15,2010,6727.838237697683
15,2011,7373.385243512446
15,2012,7543.7859487564
15,2013,7746.093128386056
15,2014,7929.7541498289675
15,2015,7753.015807814722
15,2016,8338.046733518273
15,2017,8600.165261664575
15,2018,9256.21490216727
15,2019,9799.020403102282
15,2020,3381.226785691428
15,2021,4156.767359555859
15,2022,7697.067366701552
15,2023,9980.67702109352
16,2008,1033.6293394965003
16,2009,1097.0651619953492
16,2010,1149.7724150880385
16,2011,1105.7775825289968
16,2012,1111.418445209355
16,2013,1132.261519038357
16,2014,1144.62835396909
16,2015,1161.373422555404
16,2016,1204.1903340744498
16,2017,1248.8985108270422
16,2018,1327.6338345740937
16,2019,1257.4264282348872
16,2020,997.7947970677035
16,2021,987.5039278500501
16,2022,1270.1769583008013
16,2023,1360.3602816903856
17,2008,25.372250088419683
17,2009,39.73069539935289
17,2010,36.0968558029738
17,2011,30.617920554213846
17,2012,25.77723031673316
17,2013,26.523817354217286
17,2014,25.368866312954143
17,2015,17.37075441918148
17,2016,17.769645581444482
17,2017,20.491111864150525
17,2018,22.252383394276947
17,2019,20.889501352220584
17,2020,18.06478364999691
17,2021,19.1222337640359
17,2022,26.603213452146143
17,2023,28.8643522460844
18,2008,76.0032959
18,2009,84.70279
18,2010,80.16599885861388
18,2011,77.41148084309211
18,2012,83.68851570936542
18,2013,88.30704910355895
18,2014,91.0424973323228
18,2015,83.98050707590413
18,2016,87.72006276722524
18,2017,87.74166
18,2018,90.23631
18,2019,89.43347
18,2020,59.5413055
18,2021,64.9217758
18,2022,78.23685
18,2023,87.51981
20,2008,904.3038377738569
20,2009,918.9583960106406
20,2010,875.1097750356387
20,2011,900.6258947586949
20,2012,964.4538011263235
20,2013,981.9370750714593
20,2014,1015.2450138458762
20,2015,980.5998133555518
20,2016,1052.8934936067974
20,2017,1055.604393695683
20,2018,1159.7614075806282
20,2019,1237.828022431638
20,2020,1079.3432495206475
20,2021,1121.599811913989
20,2022,1160.2124746297598
20,2023,1222.7198430196627
24,2008,111.6968841105042
24,2009,128.59285970425023
24,2010,140.88101594955174
24,2011,147.83258592676293
24,2012,162.90176805592262
24,2013,150.71517393579398
24,2014,165.91196869003008
24,2015,169.56670211335074
24,2016,167.4165201884215
24,2017,172.75354709499658
24,2018,185.00829144383113
24,2019,190.526408405204
24,2020,149.25103878206255
24,2021,168.74536936963702
24,2022,174.38134693183216
24,2023,180.9184398995963
25,2008,2217.3645966372746
25,2009,2147.4559068027525
25,2010,2057.008803812793
25,2011,1998.431885914326
25,2012,2279.0589559577047
25,2013,2308.0984201053852
25,2014,2392.741487947788
25,2015,2328.5014152123167
25,2016,2376.794016633495
25,2017,2479.0302410553168
25,2018,2618.912338087669
25,2019,2567.2528428236355
25,2020,2563.9852773138873
25,2021,2811.3139232238736
25,2022,2659.5428014488193
25,2023,2865.2629176743676
28,2008,12.2748022
28,2009,11.2153482
28,2010,12.901474
28,2011,14.2233019
28,2012,14.1665249
28,2013,14.2678394
28,2014,16.5267239
28,2015,17.0416374
28,2016,17.3798923
28,2017,19.5009842
28,2018,21.08805
28,2019,21.58147
28,2020,15.7267065
28,2021,21.0754871
28,2022,21.939064
28,2023,23.0478153
31,2008,16.143214623154346
31,2009,17.175469012025808
31,2010,15.845327769361703
31,2011,16.406944768225
31,2012,17.71534767002449
31,2013,16.216933671552475
31,2014,14.21576591592233
31,2015,15.369405933650942
31,2016,21.465511744761468
31,2017,22.967704288893692
31,2018,23.27730867702456
31,2019,23.018065776034483
31,2020,15.541177623800841
31,2021,18.677109585568033
31,2022,21.09159399059274
31,2023,21.70888321606299
32,2008,21.13159888983051
32,2009,22.31175788204072
32,2010,20.876974027738715
32,2011,21.982960976410862
32,2012,23.010948138353427
32,2013,24.945618090047393
32,2014,28.2789082156181
32,2015,28.086495241206467
32,2016,27.53437161364097
32,2017,28.159404272169375
32,2018,28.7211037
32,2019,28.6583843
32,2020,23.5994015
32,2021,24.6809864
32,2022,27.1980915
32,2023,28.3578472
37,2008,138.272888
37,2009,112.82502
37,2010,116.257607
37,2011,109.093
37,2012,109.710838
37,2013,98.56455
37,2014,89.39956
37,2015,101.406624
37,2016,105.5518
37,2017,107.419357
37,2018,109.523941
37,2019,106.134216
37,2020,52.1092
37,2021,51.8199158
37,2022,64.29929
37,2023,77.27122
39,2008,94.9791641
39,2009,94.11205
39,2010,103.561775
39,2011,116.807732
39,2012,125.314339
39,2013,140.190628
39,2014,150.97474749308353
39,2015,134.19118771543944
39,2016,121.18600602715595
39,2017,116.61912586549889
39,2018,120.46004840322318
39,2019,117.4716177196625
39,2020,84.00947171717172
39,2021,139.65661277511396
39,2022,150.81206561236712
39,2023,156.36906311680002
40,2008,380.8912999482738
40,2009,358.30456909871
40,2010,346.95299310735976
40,2011,383.91985179033526
40,2012,404.32721166707154
40,2013,453.8209692486605
40,2014,508.24239057846046
40,2015,575.0470534413123
40,2016,625.4970801532777
40,2017,658.4484358099082
40,2018,684.0048317118454
40,2019,636.3430580085753
40,2020,491.6287101772111
40,2021,530.3296420263474
40,2022,567.7341698932308
40,2023,579.0649144914258
41,2008,190.09928821973244
41,2009,198.03174504816926
41,2010,211.37631084289933
41,2011,209.17390873607465
41,2012,269.2835749206603
41,2013,293.16857660966457
41,2014,309.6187334261893
41,2015,287.9812846692806
41,2016,244.33043312083242
41,2017,230.29566411358326
41,2018,255.63071311691272
41,2019,263.42780935335713
41,2020,210.65852696585873
41,2021,228.26370185606515
41,2022,234.90967596103943
41,2023,250.66667433002624
42,2008,113.75233660411311
42,2009,139.19275723204748
42,2010,157.6191762170966
42,2011,176.4947308536542
42,2012,196.86460003634673
42,2013,192.73375489679182
42,2014,218.64617367210312
42,2015,236.71099599499482
42,2016,281.56480371400625
42,2017,259.45898109859684
42,2018,272.0898113052796
42,2019,283.1638862050454
42,2020,214.02748456245715
42,2021,233.64329977085364
42,2022,254.41297380166662
42,2023,259.3720516552494
43,2008,79.3224266453751
43,2009,73.73371167895502
43,2010,83.30283390729402
43,2011,94.60849625979901
43,2012,89.40991329100602
43,2013,95.99404659676611
43,2014,99.68181024138866
43,2015,98.2375305484767
43,2016,95.87582747992248
43,2017,96.42778980121243
43,2018,102.41413566396089
43,2019,117.17934277361356
43,2020,95.15383580918079
43,2021,106.39838638624232
43,2022,114.81490117034537
43,2023,125.32366864492462
47,2008,64.21946068912905
47,2009,69.80249353294587
47,2010,78.55261926359184
47,2011,70.47001118848745
47,2012,84.8305196480845
47,2013,79.80235634609879
47,2014,83.63688667886198
47,2015,52.44546758131231
47,2016,55.64492988257921
47,2017,36.042571949640454
47,2018,26.08367614451161
47,2019,24.789008517859
47,2020,20.702087165052887
47,2021,21.957234017555926
47,2022,24.877495359052272
47,2023,26.382130970474815
48,2008,101.095130964903
48,2009,122.64409992327118
48,2010,109.86904430585778
48,2011,115.06922984529096
48,2012,116.12858084776141
48,2013,121.81973739494147
48,2014,125.04506982735727
48,2015,144.19293612939896
48,2016,152.02793211035188
48,2017,145.52415855838754
48,2018,147.0736083020567
48,2019,117.38659490054218
48,2020,107.24418848020696
48,2021,85.46769879491505
48,2022,114.718361784797
48,2023,126.6445240612763
49,2008,6.246825074185223
49,2009,6.901384839708989
49,2010,8.832554189392296
49,2011,7.9170135665956565
49,2012,9.520835184916063
49,2013,10.857371155441303
49,2014,13.033065188618291
49,2015,11.663123561592126
49,2016,13.556806062787276
49,2017,14.39904994987992
49,2018,24.410447779618274
49,2019,27.996076573095586
49,2020,23.244676251019058
49,2021,26.39988808519125
49,2022,29.109474663026887
49,2023,29.943790053658294
50,2008,466.8405133090984
50,2009,510.49991729066613
50,2010,420.6433110491108
50,2011,479.5233937621398
50,2012,486.8448794749725
50,2013,496.95994312053153
50,2014,511.0036868442513
50,2015,592.6590611559152
50,2016,667.4650337296875
50,2017,624.9029676781505
50,2018,707.9110687069214
50,2019,724.6741083117763
50,2020,555.5576678718764
50,2021,613.7938953682686
50,2022,757.0463046532731
50,2023,858.191245830781
51,2008,64.90211
51,2009,73.6160309778315
51,2010,65.3333622089191
51,2011,54.13048308118582
51,2012,57.14610960565137
51,2013,63.38538674534977
51,2014,74.082892546767
51,2015,98.60165432423076
51,2016,94.87438288147159
51,2017,89.08540898525594
51,2018,85.25659064405086
51,2019,89.94306564294116
51,2020,82.32020064779928
51,2021,86.32534502756873
51,2022,97.78569687386138
51,2023,100.95463669762322
52,2008,50.824463529558855
52,2009,56.926865053298606
52,2010,60.74616003934568
52,2011,74.66607
52,2012,76.98451
52,2013,77.09369
52,2014,81.32756
52,2015,95.90732
52,2016,96.13815418559771
52,2017,98.66496113933925
52,2018,95.0062547534966
52,2019,90.42376327758875
52,2020,76.22444
52,2021,72.3670654
52,2022,82.29216
52,2023,93.55124
53,2008,226.99193274312077
53,2009,259.3306499013717
53,2010,286.05551236064224
53,2011,271.7002514848194
53,2012,270.99019051378696
53,2013,291.5179978472845
53,2014,293.261723775733
53,2015,429.03830668400735
53,2016,437.9646545908199
53,2017,482.23595199537726
53,2018,465.7912806790201
53,2019,495.2847540097645
53,2020,420.69919296480737
53,2021,485.0393238913612
53,2022,559.7928324197793
53,2023,592.3011471456572
54,2008,243.35150570345917
54,2009,261.57234109120145
54,2010,313.18606687696143
54,2011,300.8939394905498
54,2012,301.7513575795185
54,2013,345.3317156265752
54,2014,362.14767112916593
54,2015,387.98718199394915
54,2016,388.80944158055354
54,2017,382.6193339334787
54,2018,627.5698266129948
54,2019,683.5913077928283
54,2020,571.7156200750866
54,2021,639.8005399536469
54,2022,711.2149344670286
54,2023,719.1932722843083
56,2008,56.744200630781556
56,2009,54.242728104880946
56,2010,69.66663
56,2011,72.939
56,2012,72.49846
56,2013,74.6226959
56,2014,78.52044
56,2015,78.22645
56,2016,82.87544
56,2017,89.1408539
56,2018,96.01566
56,2019,100.263191
56,2020,55.1829071
56,2021,55.6602631
56,2022,74.91611
56,2023,84.46842
59,2008,118.71694948256142
59,2009,110.95624589076436
59,2010,107.94515887640911
59,2011,110.68570900970822
59,2012,111.41617409831338
59,2013,115.09103828185654
59,2014,109.59160492731174
59,2015,103.09867592525359
59,2016,102.17144251652441
59,2017,109.79531484945036
59,2018,115.54478078189474
59,2019,123.27355843077558
59,2020,109.33948629570894
59,2021,109.3045709089737
59,2022,121.92477908089074
59,2023,125.54802908265721
61,2008,285.17722415238205
61,2009,269.7445814021142
61,2010,268.93760433131087
61,2011,212.0083794247298
61,2012,238.91129317955057
61,2013,235.0482346568518
61,2014,246.7537665453124
61,2015,198.99787864721733
61,2016,201.2393375714386
61,2017,216.97254717147786
61,2018,260.4894997455649
61,2019,301.7055632997314
61,2020,219.68646863592687
61,2021,239.9602913147849
61,2022,277.43551251996547
61,2023,296.32466279506275
62,2008,798.786371520149
62,2009,635.6708913233084
62,2010,682.0879239609546
62,2011,706.0728359740392
62,2012,747.1241103707146
62,2013,700.7674210302481
62,2014,679.2955537121765
62,2015,608.478792238631
62,2016,612.4252768542556
62,2017,630.4876590741437
62,2018,671.745754513652
62,2019,683.1345971935416
62,2020,588.3199783047766
62,2021,562.0440252126393
62,2022,612.6463357046082
62,2023,693.0105139364971
65,2008,34.80060621003468
65,2009,34.63540257353037
65,2010,37.216353481023695
65,2011,36.39120654676215
65,2012,44.08332155560963
65,2013,36.29441078699952
65,2014,49.252993377516404
65,2015,45.35167252196924
65,2016,47.53056620732032
65,2017,58.241164418946816
65,2018,69.27557578142303
65,2019,66.68955671167215
65,2020,58.49294902002012
65,2021,60.803839082520035
65,2022,69.0694984221278
65,2023,72.96346373967454
66,2008,175.61342526663307
66,2009,166.18975998063556
66,2010,144.7935315180034
66,2011,157.25153873206787
66,2012,161.1456161997238
66,2013,160.10890912634542
66,2014,153.7627628339044
66,2015,152.9349409542774
66,2016,160.68430055804782
66,2017,164.3281103620767
66,2018,161.95999876016566
66,2019,169.07652196659873
66,2020,130.0388216147719
66,2021,135.26569553628505
66,2022,160.04805715032305
66,2023,175.03872056015715
67,2008,57.819187352100826
67,2009,143.44256906736751
67,2010,96.35307221634483
67,2011,120.4438368956886
67,2012,69.11180750161385
67,2013,105.80200690288645
67,2014,187.68399095567236
67,2015,123.08456947332027
67,2016,105.16138975055378
67,2017,64.06775559601168
67,2018,47.6872533268727
67,2019,43.6435393527292
67,2020,30.282074626212818
67,2021,35.58439722397592
67,2022,39.69518306825602
67,2023,42.041550859411224
68,2008,32.16034193492823
68,2009,31.682230343825
68,2010,33.901400146761375
68,2011,37.72404057079882
68,2012,39.57896417071267
68,2013,40.373616894007014
68,2014,42.87287298648019
68,2015,41.0328824582125
68,2016,41.130201511466666
68,2017,48.06924172710739
68,2018,47.27219298157941
68,2019,49.56294664648138
68,2020,40.151716718147576
68,2021,41.577453893793106
68,2022,42.7824135904186
68,2023,48.45000210928301
69,2008,50.956339770136864
69,2009,46.23423811204346
69,2010,43.25478593906177
69,2011,46.77331604688193
69,2012,50.21619717519805
69,2013,53.06309373971344
69,2014,55.563173818981014
69,2015,53.29859505788922
69,2016,53.68221725411884
69,2017,50.18940517075385
69,2018,51.67579796756657
69,2019,50.29705640091667
69,2020,43.01760231558427
69,2021,44.18939675430306
69,2022,52.05716813403835
69,2023,56.836432261166266
70,2008,45.33581280742728
70,2009,38.89822421020958
70,2010,37.272681209471116
70,2011,42.99411491645714
70,2012,42.93903204599003
70,2013,48.62491462904545
70,2014,47.71229887521277
70,2015,51.23459849718203
70,2016,52.18387707816109
70,2017,52.795264973601824
70,2018,53.223506899241855
70,2019,54.114007741403775
70,2020,46.12711497336343
70,2021,39.727749585527896
70,2022,40.10865798157764
70,2023,41.14544190519385
71,2008,48.611950296295234
71,2009,41.3249396945898
71,2010,35.50013532468185
71,2011,34.446197010323885
71,2012,35.31504724201742
71,2013,39.16298553415705
71,2014,39.64604084687978
71,2015,38.2442322561719
71,2016,41.799821984440655
71,2017,45.3647573712419
71,2018,45.81304011293617
71,2019,44.18891202735
71,2020,34.320251270238664
71,2021,35.2367196882085
71,2022,36.95651771844545
71,2023,39.809414051489796
72,2008,31.50477739312597
72,2009,26.53515074368725
72,2010,26.746820293802116
72,2011,28.267000676259947
72,2012,28.291677830342472
72,2013,27.34213127712411
72,2014,28.170855130117417
72,2015,27.879908334777372
72,2016,28.285083461740477
72,2017,30.151542843257488
72,2018,31.14877322523954
72,2019,31.488415156173915
72,2020,28.471675935896776
72,2021,24.29456217437306
72,2022,23.995043860155292
72,2023,28.07483515733737
73,2008,402.1704056325167
73,2009,415.8906067804108
73,2010,389.250840244685
73,2011,388.8489931471487
73,2012,390.05506538750404
73,2013,386.05489013906123
73,2014,371.112953294303
73,2015,362.181158076053
73,2016,395.33124053288464
73,2017,391.4381377820347
73,2018,392.7340903133037
73,2019,399.51332693327515
73,2020,378.57511544158166
73,2021,391.0849161739199
73,2022,330.0328338002882
73,2023,348.8441128600909
74,2008,54.05709912825702
74,2009,60.59150467402494
74,2010,66.07072843320543
74,2011,70.77056256042236
74,2012,89.85793335243903
74,2013,101.12957173938284
74,2014,117.54757435965102
74,2015,141.10951483535177
74,2016,152.63311420767906
74,2017,180.5175793234168
74,2018,165.92174114528444
74,2019,166.49958977895022
74,2020,81.163552174739
74,2021,121.01444334949657
74,2022,150.66631755684824
74,2023,173.16358785902287
75,2008,222.64853642045813
75,2009,214.06406430302255
75,2010,206.45918070342
75,2011,203.45052932177512
75,2012,216.4268017655495
75,2013,212.33790722255185
75,2014,147.0695907349361
75,2015,135.35649049997164
75,2016,133.3703691793716
75,2017,137.80132888149325
75,2018,145.8149931592695
75,2019,160.5919440929082
75,2020,151.99701703837096
75,2021,158.14153725542155
75,2022,46.03657673328342
75,2023,53.61722812997055
76,2008,771.6694776023178
76,2009,895.385235395205
76,2010,803.0265933250305
76,2011,955.4589452955659
76,2012,1026.9935744703896
76,2013,1136.8135066574375
76,2014,1227.9545381282596
76,2015,1172.6773509768118
76,2016,961.128246360512
76,2017,1008.3404385642442
76,2018,1129.2979386102868
76,2019,1292.502068560595
76,2020,1091.2442116101117
76,2021,1090.6749881698297
76,2022,1559.7247951251218
76,2023,1597.6768756770807
77,2008,55.742111720876
77,2009,70.49537907028282
77,2010,94.59622498178138
77,2011,50.75912199564548
77,2012,44.38976089592807
77,2013,32.03051694018104
77,2014,30.29690536138232
77,2015,27.939077716889045
77,2016,31.75364678549519
77,2017,26.493249881621715
77,2018,25.599057621737657
77,2019,37.258828401508325
77,2020,29.745814830186497
77,2021,32.30467235958155
77,2022,34.86810800286138
77,2023,36.87099121499652
78,2008,307.08398500480376
78,2009,298.47530046803786
78,2010,331.7387555280398
78,2011,326.6204976113366
78,2012,334.3700195712779
78,2013,357.8897237008672
78,2014,375.6419
78,2015,385.2059
78,2016,372.5904571686424
78,2017,402.8225476985236
78,2018,422.7723501914074
78,2019,416.631317
78,2020,278.358673
78,2021,288.869324
78,2022,257.226852478857
78,2023,265.2615749232737
79,2008,184.750687
79,2009,177.525848
79,2010,188.013763
79,2011,192.200974
79,2012,208.072479
79,2013,211.056442
79,2014,202.127289
79,2015,214.337692
79,2016,214.236
79,2017,223.355286
79,2018,232.711624
79,2019,236.793442
79,2020,198.230515
79,2021,199.7079
79,2022,212.566223
79,2023,227.627258
80,2008,682.1094755143594
80,2009,654.0480204039328
80,2010,589.8419547031922
80,2011,569.1713856843737
80,2012,518.1286880353699
80,2013,543.2698709718823
80,2014,579.3490847869509
80,2015,609.0515924302582
80,2016,616.3242136506677
80,2017,666.7862292758429
80,2018,710.3726817654469
80,2019,753.4892627113486
80,2020,589.3805058430578
80,2021,706.278148945914
80,2022,744.5508051195278
80,2023,771.6734472120592
81,2008,37.16525576766728
81,2009,42.593372877926186
81,2010,43.30705285434316
81,2011,46.189843939020406
81,2012,53.95845626444637
81,2013,49.23995235122928
81,2014,48.36469344746018
81,2015,45.212041714349134
81,2016,48.597565547027685
81,2017,53.16443678857142
81,2018,54.987766063282976
81,2019,55.40317754926505
81,2020,42.30984953875676
81,2021,52.33163232962977
81,2022,55.18581564344075
81,2023,57.30771416803588
82,2008,167.69204919880318
82,2009,171.36237605121022
82,2010,132.1949412229732
82,2011,133.7738474603489
82,2012,154.38518117880454
82,2013,131.61453738941628
82,2014,139.06407175385272
82,2015,149.7987245107404
82,2016,171.73972486406458
82,2017,186.48865572052446
82,2018,194.2789202912972
82,2019,201.796552148222
82,2020,154.95990419202363
82,2021,188.97875018379727
82,2022,209.28468244345024
82,2023,227.54702076824947
84,2008,293.3658131593818
84,2009,336.60687739957257
84,2010,298.5230999216052
84,2011,278.1969002306762
84,2012,333.25497354739963
84,2013,376.7623052739587
84,2014,346.7046747522969
84,2015,356.71281976512194
84,2016,347.53973913024316
84,2017,335.3413587904231
84,2018,329.0852718387308
84,2019,328.2348990564649
84,2020,233.43848019597624
84,2021,263.00124380085134
84,2022,312.1782980345168
84,2023,346.7588012086143
96,2008,25.407494462646504
96,2009,21.073527402319915
96,2010,23.684397310170983
96,2011,23.756506418124996
96,2012,15.394220956027326
96,2013,14.15120586290448
96,2014,10.676056626671027
96,2015,14.567429279069442
96,2016,18.098194582385165
96,2017,15.767121855542443
96,2018,15.737443714990063
96,2019,16.994330880937326
96,2020,13.953002245569621
96,2021,13.253685515942802
96,2022,18.971820311984423
96,2023,20.209664857156287
98,2008,12.503581984489243
98,2009,14.816237142247376
98,2010,18.3927251377986
98,2011,24.87735987037075
98,2012,29.506333676438775
98,2013,33.626330936592524
98,2014,33.396701279658444
98,2015,34.729762682797165
98,2016,38.01715583720103
98,2017,38.35537610961418
98,2018,37.55288087781292
98,2019,36.38054093710885
98,2020,30.48385316831193
98,2021,27.24751786789948
98,2022,31.080696285428473
98,2023,32.83194327062745
99,2008,79.42222579188031
99,2009,74.08968208657885
99,2010,74.54665875593275
99,2011,81.22361117384058
99,2012,83.60665536269522
99,2013,81.92951279011942
99,2014,73.0755159400936
99,2015,92.340716489881
99,2016,80.54439479675521
99,2017,94.3367448692956
99,2018,96.97025688786046
99,2019,115.84308257700049
99,2020,92.82511608412328
99,2021,97.10510889906902
99,2022,107.96788260628017
99,2023,116.72187508157742
100,2008,9.182928088177443
100,2009,10.574310731829389
100,2010,7.699336013685346
100,2011,7.0276048144632135
100,2012,7.55656417978219
100,2013,10.545996571069196
100,2014,11.110623334479252
100,2015,17.3594486675973
100,2016,18.48225353556891
100,2017,12.635612803939766
100,2018,12.09817686202186
100,2019,12.316501231440089
100,2020,11.055565723635404
100,2021,12.053967373793661
100,2022,13.53551968182489
100,2023,15.49715559626719
101,2008,5.011307150885827
101,2009,5.362478681572259
101,2010,4.730326405085284
101,2011,4.583311467442408
101,2012,5.6556308643397974
101,2013,5.823531323586999
101,2014,6.764662658282209
101,2015,7.512474376309138
101,2016,6.491726208337489
101,2017,6.841059363223302
101,2018,7.41184711616529
101,2019,7.745611900855338
101,2020,8.6496489271875
101,2021,8.612496071516606
101,2022,8.876965851252193
101,2023,8.979910155478484
102,2008,389.7240704536703
102,2009,367.66652814695647
102,2010,342.73180793305266
102,2011,348.00739925133854
102,2012,363.2375571568805
102,2013,366.2227651808419
102,2014,366.736097778938
102,2015,416.5073877730322
102,2016,404.24333758240715
102,2017,386.95755184480913
102,2018,425.4823242554259
102,2019,541.3397691186577
102,2020,335.3586710315751
102,2021,348.58725156078305
102,2022,402.04246090650673
102,2023,452.927865688734
103,2008,4.845227
103,2009,5.475522
103,2010,5.744962013155556
103,2011,7.110330773687065
103,2012,6.218323414680851
103,2013,8.246815414518325
103,2014,11.139705971692306
103,2015,13.849943079226131
103,2016,13.491739124028712
103,2017,12.464191612963415
103,2018,12.40158946249665
103,2019,8.30510726114151
103,2020,6.038182074040744
103,2021,7.451255492672727
103,2022,7.89995515167857
103,2023,8.10928638660262
106,2008,233.70032233743999
106,2009,225.19204506199551
106,2010,179.43142041147763
106,2011,198.28320334923973
106,2012,233.30776480090117
106,2013,207.957394624939
106,2014,199.02452140463308
106,2015,192.3802241993796
106,2016,194.1184968701138
106,2017,192.8282460211519
106,2018,200.71562819573154
106,2019,240.10348524536494
106,2020,185.45935689162604
106,2021,245.3610638078122
106,2022,259.9588747542262
106,2023,274.58015610173305
108,2008,7.863896
108,2009,7.902887
108,2010,8.38326
108,2011,10.643856
108,2012,9.311608
108,2013,8.045673
108,2014,7.635108
108,2015,6.901716
108,2016,7.003777
108,2017,7.31836653
108,2018,7.49962759
108,2019,7.591146
108,2020,3.16987514
108,2021,2.73352742
108,2022,4.63237667
108,2023,6.529809
110,2008,64.30531117314607
110,2009,57.91090921062223
110,2010,57.32115670547945
110,2011,55.02779490496
110,2012,58.90559097965295
110,2013,58.74233179392573
110,2014,61.6135093697622
110,2015,61.27048551238672
110,2016,71.02743957751937
110,2017,69.28855072831158
110,2018,81.73935412090255
110,2019,87.2728032135533
110,2020,61.12931986387651
110,2021,82.35411509217171
110,2022,85.22674205440806
110,2023,99.25615
112,2008,557.3519330635961
112,2009,499.4607634932082
112,2010,509.8242116011863
112,2011,477.5314225453138
112,2012,494.07103642547776
112,2013,489.89837026473185
112,2014,462.9669052473083
112,2015,500.5583543534972
112,2016,508.2643558277122
112,2017,524.2104076050808
112,2018,483.82325948270085
112,2019,470.12507225354375
112,2020,373.8542997972033
112,2021,326.4419933394898
112,2022,376.93943018459026
112,2023,433.54570592084144
113,2008,7.828310634479999
113,2009,7.6789818989423075
113,2010,8.220469633811321
113,2011,8.487243826472728
113,2012,9.440015898857142
113,2013,9.6598963507
113,2014,10.300728842528812
113,2015,10.452177394937705
113,2016,10.492739946129033
113,2017,11.012035119028125
113,2018,11.71894612577077
113,2019,12.007723719610448
113,2020,9.638184149717647
113,2021,10.703221322533334
113,2022,11.667123917459154
113,2023,12.459045324886112
114,2008,291.0458508152831
114,2009,311.1633216477575
114,2010,323.2182204212078
114,2011,326.60600200703504
114,2012,354.57509951632784
114,2013,380.9202304450163
114,2014,378.11118683987183
114,2015,450.7740021519763
114,2016,502.12453269375357
114,2017,482.3492357657701
114,2018,474.9580751156918
114,2019,520.2039840626891
114,2020,397.03728318350034
114,2021,408.77314129900634
114,2022,442.914282827284
114,2023,477.3149944936387
115,2008,521.8819099099758
115,2009,485.4557770248877
115,2010,482.559878387779
115,2011,489.92890361448957
115,2012,522.6246477468369
115,2013,546.0141555478931
115,2014,575.9172759777279
115,2015,615.9246199560139
115,2016,648.327137054393
115,2017,683.6155204676907
115,2018,673.6137363259487
115,2019,686.7617885993651
115,2020,518.8986474568454
115,2021,571.2646206080134
115,2022,657.7826563108327
115,2023,710.1776305240805
116,2008,172.7219127
116,2009,122.6742633
116,2010,123.39366950443727
116,2011,124.93200660000001
116,2012,133.2511826
116,2013,132.23015854232662
116,2014,130.9172287
116,2015,138.320339
116,2016,136.5288091
116,2017,126.66180308902474
116,2018,130.6619398
116,2019,136.6177569290485
116,2020,92.31117468233256
116,2021,111.49322000000001
116,2022,120.67756404803244
116,2023,131.52218217283655
117,2008,6.049871417307692
117,2009,5.653011377308518
117,2010,6.289226314157143
117,2011,7.317606
117,2012,8.111895
117,2013,8.174131
117,2014,8.760216
117,2015,9.269197
117,2016,9.020133901777777
117,2017,7.01765776
117,2018,6.65866756
117,2019,6.99960136
117,2020,4.8997817
117,2021,5.026638596676052
117,2022,6.601191
117,2023,6.79515934
118,2008,2.69690871
118,2009,2.86531448
118,2010,3.23663545
118,2011,3.40400219
118,2012,3.68146753
118,2013,4.05884075
118,2014,3.93182588
118,2015,3.8230288
118,2016,4.05378056
118,2017,4.464259
118,2018,4.107466
118,2019,4.90033674
118,2020,3.5163455
118,2021,3.87947226
118,2022,4.345763
118,2023,4.6790905
119,2008,9.776456505372341
119,2009,7.559265568787234
119,2010,9.437514
119,2011,10.429553
119,2012,11.0405865
119,2013,11.8430786
119,2014,12.5251026
119,2015,12.0594616
119,2016,12.1147518
119,2017,12.322978
119,2018,12.4721365
119,2019,12.1963005
119,2020,9.35465
119,2021,10.4523535
119,2022,11.2688732
119,2023,11.818594
120,2008,32.6009865
120,2009,33.5948944
120,2010,31.4250832
120,2011,31.4526577
120,2012,30.7531357
120,2013,29.8753567
120,2014,29.884304
120,2015,29.0959244
120,2016,29.4084511
120,2017,29.061657
120,2018,29.88341
120,2019,33.1978455
120,2020,25.0389156
120,2021,26.4936066
120,2022,30.3195076
120,2023,32.01038
122,2008,42.350054322616074
122,2009,39.284720819719524
122,2010,37.140711451117646
122,2011,37.80241339318889
122,2012,39.01994193941861
122,2013,40.19296240797688
122,2014,42.85039131905517
122,2015,43.27202652331429
122,2016,47.234987719104
122,2017,53.43284754170455
122,2018,56.747677320762705
122,2019,60.48496790508475
122,2020,42.03728219087135
122,2021,45.69729273916201
122,2022,54.96895120948491
122,2023,58.93446861105531
123,2008,11.9798021
123,2009,12.0318527
123,2010,13.8275118
123,2011,15.0265722
123,2012,11.7071686
123,2013,14.7383823
123,2014,17.1023235
123,2015,15.653265
123,2016,14.5605087
123,2017,12.9619522
123,2018,8.72744
123,2019,11.32421
123,2020,8.518768
123,2021,8.800272
123,2022,9.565117
123,2023,10.0445518
124,2008,46.2585335
124,2009,43.2836571
124,2010,43.3354568
124,2011,41.5881233
124,2012,38.1101036
124,2013,40.34062
124,2014,36.1813049
124,2015,38.9219437
124,2016,42.1929
124,2017,42.43363
124,2018,43.3651466
124,2019,46.88001
124,2020,21.5236664
124,2021,22.64724
124,2022,32.72947
124,2023,37.3633652
125,2008,14.581738582528828
125,2009,14.109325105234236
125,2010,16.910027574466667
125,2011,16.4135347919125
125,2012,15.823480998562502
125,2013,15.740794877070796
125,2014,23.76531901138421
125,2015,23.2427938889
125,2016,23.18452129156522
125,2017,24.28088103166261
125,2018,24.68074353767069
125,2019,26.297663387625
125,2020,17.27818221942931
125,2021,19.667613948008547
125,2022,25.308275962961538
125,2023,28.254080638607693
126,2008,32.94041045798393
126,2009,52.9785035408
126,2010,49.356613153312146
126,2011,46.80238547279942
126,2012,52.726207750357396
126,2013,53.78182569921875
126,2014,55.74894193126324
126,2015,56.65169564390175
126,2016,53.58846488110258
126,2017,53.8314583225449
126,2018,44.734668732714695
126,2019,39.804664603664385
126,2020,31.85126030926678
126,2021,33.881330755680594
126,2022,44.53241036005362
126,2023,46.70788104812533
127,2008,16.3041172
127,2009,13.69898946832973
127,2010,14.461971265719999
127,2011,13.94655011860909
127,2012,15.337437347027523
127,2013,14.841363453703705
127,2014,14.596280454483335
127,2015,16.22300021805701
127,2016,16.693182352867286
127,2017,16.59260139108679
127,2018,18.288377616240002
127,2019,17.876870125333333
127,2020,14.376035552682692
127,2021,14.629295027941746
127,2022,17.12971969217451
127,2023,18.119099872780392
129,2008,196.05848623041106
129,2009,191.59091990655324
129,2010,205.1316595316713
129,2011,229.18459744300708
129,2012,265.50344425080516
129,2013,285.8463409183544
129,2014,277.9853546883359
129,2015,268.43192035761587
129,2016,283.01619435225336
129,2017,297.4716686513042
129,2018,306.33612470638604
129,2019,300.8554542023789
129,2020,155.25625782485682
129,2021,203.4137702910602
129,2022,374.22778207613516
129,2023,386.4523889456379
130,2008,96.33333197445918
130,2009,78.76216427289485
130,2010,78.98301785385625
130,2011,75.5901026407266
130,2012,80.31998113648652
130,2013,86.5659667560128
130,2014,85.309073167159
130,2015,84.82669497878781
130,2016,87.60134661928309
130,2017,92.26457656443263
130,2018,97.71396126994328
130,2019,104.43346661048375
130,2020,62.67144700057383
130,2021,66.81374552252288
130,2022,89.82005738900513
130,2023,100.31402465540977
131,2008,112.97378320643291
131,2009,116.62258275479167
131,2010,126.39043191037301
131,2011,121.1283681135964
131,2012,123.24445401602507
131,2013,125.28273335660778
131,2014,123.63358312241694
131,2015,127.2750770043222
131,2016,134.20938714515685
131,2017,140.08466568101946
131,2018,125.01395334731016
131,2019,132.4527304706613
131,2020,124.90842060627372
131,2021,120.66681413068888
131,2022,139.7793465808999
131,2023,163.66351880362166
132,2008,164.47679794079812
132,2009,158.09848538288765
132,2010,156.7457256850476
132,2011,149.58868196095676
132,2012,159.8842244257924
132,2013,157.2254195588933
132,2014,159.69722426980667
132,2015,177.59131942918276
132,2016,205.03038735340172
132,2017,202.49769419284306
132,2018,209.053706135403
132,2019,211.18036533816849
132,2020,168.73851404898363
132,2021,167.93760090737243
132,2022,185.07716991372473
132,2023,198.77121963177217
133,2008,148.07793569504037
133,2009,148.12093488426243
133,2010,148.00571767608795
133,2011,143.94424251113213
133,2012,152.6944899129578
133,2013,160.80780535098842
133,2014,161.40951936236632
133,2015,166.18939950087542
133,2016,161.5282751483125
133,2017,169.0620058229158
133,2018,171.6075547234601
133,2019,160.453750975411
133,2020,110.67741882986147
133,2021,128.72793488784694
133,2022,145.59994520771232
133,2023,166.17739560658555
134,2008,216.58188692270483
134,2009,181.29730673428315
134,2010,165.63175387032223
134,2011,179.7167266240959
134,2012,182.8952322758833
134,2013,204.19357735394286
134,2014,205.9387433292505
134,2015,218.22118508071384
134,2016,212.16022690728244
134,2017,228.40170101925398
134,2018,238.9692163491359
134,2019,280.7483014524173
134,2020,227.53537941858266
134,2021,220.60159731775374
134,2022,297.2176637717478
134,2023,344.08310941536934
135,2008,1025.897868446449
135,2009,1009.7609585230861
135,2010,1000.4670631834721
135,2011,1022.7417565182867
135,2012,1075.0099925011104
135,2013,1176.8476889869878
135,2014,1172.5344276917847
135,2015,1233.3371932214188
135,2016,1261.1387410345083
135,2017,1277.3185869019126
135,2018,1326.365700304312
135,2019,1371.0716412163395
135,2020,1042.5785990724423
135,2021,1235.6982321893101
135,2022,1364.5134968707039
135,2023,1409.6097447678806
136,2008,61.31157232609642
136,2009,52.79756360924782
136,2010,57.90394288247422
136,2011,57.81625700478694
136,2012,60.60717425427108
136,2013,54.68152678125
136,2014,62.594381262591504
136,2015,56.44861095562699
136,2016,54.25498123022029
136,2017,53.41428675208805
136,2018,57.316891160651025
136,2019,58.41186197289811
136,2020,50.68897946655406
136,2021,58.45054024100125
136,2022,67.12752942004744
136,2023,74.79268841756283
137,2008,97.64841222398448
137,2009,89.83932177416693
137,2010,83.77387300241574
137,2011,96.41215680338715
137,2012,112.63314185520939
137,2013,121.53913854034693
137,2014,127.77305379005011
137,2015,141.74726338229152
137,2016,148.17300434909706
137,2017,163.05168332596378
137,2018,173.37174981966868
137,2019,164.57978805465103
137,2020,122.79722131258032
137,2021,144.1710060962881
137,2022,152.26523131567677
137,2023,164.18833034545608
138,2008,605.4750307534621
138,2009,596.6377103283365
138,2010,563.5438387796046
138,2011,533.4956323339501
138,2012,540.4821699137193
138,2013,565.1120283993073
138,2014,561.51058375814
138,2015,562.2701648908935
138,2016,570.5014174955861
138,2017,562.8122636170202
138,2018,584.3945690076613
138,2019,582.5171536023435
138,2020,423.8640973872651
138,2021,527.8254475400042
138,2022,550.2411594170295
138,2023,565.7360437536234
139,2008,500.47099243853114
139,2009,555.4137660448977
139,2010,493.7067187443637
139,2011,513.4616952364805
139,2012,545.7164566613707
139,2013,626.408247851162
139,2014,596.2866564681162
139,2015,441.0496967620816
139,2016,713.4722917594117
139,2017,669.5261637099302
139,2018,688.1695396418108
139,2019,805.0486579082185
139,2020,531.0266246314371
139,2021,601.0448572038149
139,2022,681.013055772454
139,2023,757.5176593501392
140,2008,22.246757600000002
140,2009,19.9007807
140,2010,20.5744986
140,2011,23.2845916
140,2012,23.343503
140,2013,23.9785824
140,2014,24.2119799
140,2015,22.080148453025
140,2016,22.13121277594592
140,2017,23.5297051
140,2018,23.00629079288866
140,2019,23.985463696113843
140,2020,18.240861388766103
140,2021,19.819777374646915
140,2022,22.358256189121533
140,2023,24.130838400000002
143,2008,22.75149278191139
143,2009,20.352377242876177
143,2010,21.028192252088996
143,2011,22.828256260926647
143,2012,25.5653305895
143,2013,28.9259321710559
143,2014,33.028834120000006
143,2015,36.421093
143,2016,43.8732452
143,2017,48.9672852
143,2018,48.90685526694441
143,2019,44.899199803249296
143,2020,35.22112612729643
143,2021,34.40379842586017
143,2022,38.24944795967154
143,2023,43.234666177656244
155,2008,2.57834554
155,2009,2.7383647
155,2010,2.659833
155,2011,3.3062379622444444
155,2012,4.109855179999999
155,2013,4.45073133071028
155,2014,3.8164171424299065
155,2015,3.86932755
155,2016,5.47770262
155,2017,4.885596
155,2018,5.038117
155,2019,5.91233253
155,2020,5.23955536
155,2021,5.183104240754717
155,2022,5.394533
155,2023,5.6354847
162,2008,439.2110042615028
162,2009,433.5182688306003
162,2010,403.8213346860992
162,2011,399.91312436043955
162,2012,388.91674398184034
162,2013,387.6568275882485
162,2014,385.83517247015175
162,2015,415.3072636554743
162,2016,419.79517837468603
162,2017,428.03775146212166
162,2018,417.4708429000823
162,2019,414.31654014214894
162,2020,338.2182426744491
162,2021,261.6337837801129
162,2022,370.784858758216
162,2023,394.1702005920579
163,2008,5411.197071542278
163,2009,4831.843478907876
163,2010,4706.400000106817
163,2011,5014.611282942494
163,2012,5104.531545218723
163,2013,5267.325478194254
163,2014,5308.07299824397
163,2015,5148.927839297981
163,2016,5164.250385415228
163,2017,5375.793794753911
163,2018,5641.026556002258
163,2019,5774.633254514829
163,2020,3634.753021111436
163,2021,4804.926823639468
163,2022,5942.6199042787885
163,2023,6580.280325393009
164,2008,28.67556986822
164,2009,29.346342580178572
164,2010,29.988431615996216
164,2011,25.5687852087963
164,2012,31.102813262849544
164,2013,35.37553810153846
164,2014,37.01238302203566
164,2015,37.91696437060567
164,2016,42.586890073300836
164,2017,43.524829642844175
164,2018,50.36264392106101
164,2019,55.24460355101828
164,2020,42.286860105
164,2021,48.08668725443511
164,2022,60.986505288916874
164,2023,64.5595998625843
166,2008,247.882538
166,2009,249.772751
166,2010,244.266083
166,2011,232.429062
166,2012,235.9923
166,2013,245.677841
166,2014,271.618683
166,2015,277.612
166,2016,301.238647
166,2017,322.8616
166,2018,344.06380185273247
166,2019,377.1484443344437
166,2020,295.3045256667292
166,2021,320.91359556360305
166,2022,356.48753948605
166,2023,383.20433048257047
167,2008,20.524403807594446
167,2009,16.632444007243027
167,2010,19.35166821341944
167,2011,19.74483709924278
167,2012,16.16087632835597
167,2013,16.827452712147593
167,2014,18.960098060489365
167,2015,15.348638125792593
167,2016,15.773875662618922
167,2017,16.300485113620365
167,2018,12.51215329429105
167,2019,17.304221175172415
167,2020,16.797201765856165
167,2021,18.05048358810345
167,2022,20.2241433845685
167,2023,21.607964300513594
168,2008,7.144309834494381
168,2009,6.1199855032
168,2010,5.201422907001828
168,2011,5.986119920207522
168,2012,6.004726021548193
168,2013,6.382501406374558
168,2014,6.169069930007377
168,2015,6.580792195343696
168,2016,8.051682645935044
168,2017,6.87225069389171
168,2018,6.623538707227805
168,2019,4.738256179709302
168,2020,3.577178164646601
168,2021,3.6877298355219508
168,2022,4.351828097006451
168,2023,4.6094624958046
171,2008,2334.387866772176
171,2009,2387.879102504027
171,2010,2430.175346645232
171,2011,2565.1714570386434
171,2012,2490.2233698582277
171,2013,2523.475778398679
171,2014,2650.827058322317
171,2015,2622.6994433299237
171,2016,2538.2214310207996
171,2017,2443.9365007595543
171,2018,2515.2029730674776
171,2019,2626.253890576292
171,2020,2147.317616134639
171,2021,2198.507504135988
171,2022,2580.0595433484295
171,2023,2717.11450249968
172,2008,403.08891529782886
172,2009,385.3179629790103
172,2010,370.4543873909571
172,2011,378.70402915794926
172,2012,362.6710651630357
172,2013,370.84546040923374
172,2014,348.36858755383685
172,2015,342.14866920536736
172,2016,346.36555179168005
172,2017,382.38135182184175
172,2018,352.5034384468266
172,2019,340.67213907744195
172,2020,274.30202207697766
172,2021,276.2269971562075
172,2022,386.85903364229995
172,2023,402.71499921174023
173,2008,115.26581326562159
173,2009,131.88840577789898
173,2010,141.11057893268168
173,2011,159.18023349253085
173,2012,165.6568426702678
173,2013,158.88595820107784
173,2014,160.07665603372874
173,2015,161.1081855186032
173,2016,174.81953519987047
173,2017,198.61949444716456
173,2018,191.79358726219223
173,2019,196.24800418263175
173,2020,159.53786056571278
173,2021,162.30671963294648
173,2022,173.08094921161216
173,2023,190.3535739115521
174,2008,133.7850559411887
174,2009,120.51089192965078
174,2010,119.13341945554272
174,2011,125.36116619077954
174,2012,132.51704902411998
174,2013,129.8638803876838
174,2014,125.60959286925612
174,2015,126.27279367306433
174,2016,128.08546367606706
174,2017,137.3739702726513
174,2018,137.74132116756104
174,2019,141.47360444200578
174,2020,122.68357735195094
174,2021,121.41418636211745
174,2022,129.3372831497044
174,2023,134.45486978197673
175,2008,131.7833458244613
175,2009,128.86694409530662
175,2010,138.58287755530407
175,2011,143.7202307283593
175,2012,140.8075587485655
175,2013,142.1414724734958
175,2014,143.08947038648188
175,2015,156.58083634120285
175,2016,162.13857608076032
175,2017,168.3143873689473
175,2018,180.29980262436774
175,2019,180.7978680236824
175,2020,166.84197022534775
175,2021,163.12470369473272
175,2022,187.06129629517181
175,2023,194.8959683798112
176,2008,519.4149656229728
176,2009,535.0738490495667
176,2010,533.7993752484653
176,2011,529.9649507318476
176,2012,541.4078946140128
176,2013,566.9984766107433
176,2014,610.1262328144105
176,2015,589.6779596023571
176,2016,573.2549561692176
176,2017,582.4857931178109
176,2018,590.0909976757595
176,2019,599.1629096446744
176,2020,355.0647097542894
176,2021,334.5336447511126
176,2022,523.9502216022117
176,2023,565.3668104727118
177,2008,786.83263974268
177,2009,853.9977385819931
177,2010,941.19857428082
177,2011,966.6103418724963
177,2012,950.8283931499495
177,2013,945.6700352159825
177,2014,917.3630235089461
177,2015,903.205114825653
177,2016,922.244397324484
177,2017,928.0377599254745
177,2018,962.5724455713744
177,2019,998.2678777175034
177,2020,1036.3114238786513
177,2021,887.5230671810922
177,2022,941.5769728810827
177,2023,965.4168241706476
178,2008,70.76184153727908
178,2009,61.17142318081282
178,2010,52.40330673406639
178,2011,57.231370277206175
178,2012,61.8495394425843
178,2013,64.36255665742256
178,2014,66.39407324886055
178,2015,66.15534806665795
178,2016,68.90351903446403
178,2017,71.9040127509851
178,2018,76.37271758558393
178,2019,77.42706219433813
178,2020,66.65412187361433
178,2021,69.64281424385399
178,2022,76.15262444556615
178,2023,79.61798755603647
179,2008,650.9582139558083
179,2009,619.6551733847285
179,2010,597.2890263626442
179,2011,652.7088488063093
179,2012,635.9902507777604
179,2013,674.2669062246582
179,2014,679.5574397053908
179,2015,634.7760122480873
179,2016,626.0054915747451
179,2017,656.0549759439584
179,2018,722.5750211259453
179,2019,714.1954142493527
179,2020,638.4379375214777
179,2021,669.0188850669825
179,2022,711.2830889771811
179,2023,752.262246897772
180,2008,1865.6416640436648
180,2009,1975.5555092027478
180,2010,1987.127007605114
180,2011,2046.0097506042648
180,2012,2246.944628879536
180,2013,2672.5505607774153
180,2014,2460.6245557993993
180,2015,2517.0620340368014
180,2016,2650.486511034823
180,2017,2670.5102095167385
180,2018,2611.7684073421447
180,2019,2903.0551679162936
180,2020,1797.903136521481
180,2021,1097.4472800308506
180,2022,1933.9296074924614
180,2023,2716.4896992372924
181,2008,112.52212128937795
181,2009,103.48089735915025
181,2010,108.36251488647527
181,2011,111.49364825873086
181,2012,123.94031414356363
181,2013,119.76975021643895
181,2014,125.8330173799957
181,2015,117.13218397976698
181,2016,128.60453684458642
181,2017,133.5758149651046
181,2018,124.45512647260071
181,2019,124.040388625938
181,2020,103.75840569909732
181,2021,108.89265167270636
181,2022,124.70687554767115
181,2023,127.53600952326947
182,2008,1258.0295286616417
182,2009,1122.4319487692408
182,2010,1233.159659490613
182,2011,1249.8469869741507
182,2012,1248.3764482697395
182,2013,1219.5414004974677
182,2014,1295.1309026124397
182,2015,1350.7375164052007
182,2016,1398.6911804367082
182,2017,1495.346656984565
182,2018,1531.8353834690408
182,2019,1566.954555308365
182,2020,1134.7391752876024
182,2021,1229.0243264273468
182,2022,1326.3495193661915
182,2023,1451.3354042750002
183,2008,449.2313263024783
183,2009,431.54653865443703
183,2010,483.6454791817821
183,2011,499.4257510763121
183,2012,506.4413400222317
183,2013,495.19307750884286
183,2014,534.482517639118
183,2015,661.5395338927092
183,2016,668.9000469854798
183,2017,718.7965280730044
183,2018,755.5140648863659
183,2019,793.2576909933515
183,2020,756.5563252588223
183,2021,681.0166897470276
183,2022,818.3135211637316
183,2023,879.365460427702
184,2008,1676.2860555017103
184,2009,1511.2928288174248
184,2010,1469.2444132883054
184,2011,1633.0640408565707
184,2012,1626.3589879260485
184,2013,1618.0993378851233
184,2014,1621.331584233077
184,2015,1596.397354117699
184,2016,1627.2774114541744
184,2017,1687.7536079636116
184,2018,1749.5308388223352
184,2019,1768.8025707153113
184,2020,1471.516713002848
184,2021,1534.753144417385
184,2022,1723.7320298726415
184,2023,1822.2482192989423
186,2008,30.475065691315166
186,2009,29.35660898805687
186,2010,27.024178956028482
186,2011,27.657434992417247
186,2012,31.433312807816748
186,2013,31.89692855264196
186,2014,32.439942073333334
186,2015,39.27388595642857
186,2016,41.57460142859425
186,2017,43.92823149792202
186,2018,45.07424805631068
186,2019,46.71624797439739
186,2020,33.570953980105244
186,2021,31.765800104602807
186,2022,34.44420234070432
186,2023,41.026086646337575
187,2008,130.93285881635774
187,2009,113.1508197600816
187,2010,101.3593029007662
187,2011,107.91569582560606
187,2012,115.95876852962034
187,2013,108.37632118550587
187,2014,113.44097359437917
187,2015,120.72671591401333
187,2016,117.82225890417084
187,2017,125.29954448811287
187,2018,133.04446555843836
187,2019,145.041283705346
187,2020,120.54991435054005
187,2021,131.8759515820315
187,2022,151.81218966944516
187,2023,166.07850167553266
188,2008,13.449556292498912
188,2009,14.244882933293885
188,2010,14.243760476475769
188,2011,14.875185395405667
188,2012,13.921868102802245
188,2013,13.69743230785489
188,2014,13.591357437784255
188,2015,13.916758671248179
188,2016,14.098617482493934
188,2017,14.878393576362754
188,2018,16.248497539777023
188,2019,16.472564459842484
188,2020,13.956217616212339
188,2021,13.785046779337748
188,2022,14.77133066832939
188,2023,29.387187033427757
189,2008,5.711809888166823
189,2009,5.613856425261715
189,2010,5.935399118994272
189,2011,5.641673609946937
189,2012,6.624418889730359
189,2013,5.9522584800592195
189,2014,6.171766628126528
189,2015,7.513892652559891
189,2016,7.779281088098996
189,2017,7.47173252618603
189,2018,7.056759924483986
189,2019,8.046436991059034
189,2020,6.902593828138819
189,2021,7.231563499599571
189,2022,7.843286599383954
189,2023,7.736783787785991
190,2008,33.10764979980314
190,2009,28.03531925395201
190,2010,25.45376245797704
190,2011,88.16822
190,2012,118.769775
190,2013,133.231339
190,2014,153.326813
190,2015,194.9612381965191
190,2016,205.5511357875301
190,2017,230.81268433533808
190,2018,219.28578435137854
190,2019,232.3893300894482
190,2020,214.00160116428268
190,2021,204.939660179828
190,2022,225.92813100710814
190,2023,261.41399711067544
191,2008,48.66651351307981
191,2009,50.35657403887706
191,2010,54.29219915868828
191,2011,50.36855816999101
191,2012,43.76825273228003
191,2013,44.04717397682244
191,2014,62.45542140108213
191,2015,73.88487444343448
191,2016,75.45278163172208
191,2017,72.38414742200783
191,2018,62.235518274528
191,2019,55.825863865618906
191,2020,41.49594589334949
191,2021,43.945451358195875
191,2022,44.48296009994828
191,2023,49.150936693978
192,2008,5.353018875506679
192,2009,5.886367951179466
192,2010,6.375616709097623
192,2011,5.381471967587003
192,2012,5.698701945203917
192,2013,6.3907912160239775
192,2014,6.930402488299123
192,2015,7.763124025306896
192,2016,9.497324670985206
192,2017,9.570503037926246
192,2018,9.434404515403905
192,2019,6.444385547848711
192,2020,4.658800820018251
192,2021,5.070697584853963
192,2022,5.353894596620054
192,2023,5.8405628786858035
194,2008,13.154294392369913
194,2009,15.826229347718563
194,2010,16.235516272491477
194,2011,19.404986535739667
194,2012,20.56402071784132
194,2013,21.76856080790664
194,2014,21.81730519622948
194,2015,27.56636224464477
194,2016,27.370399433931865
194,2017,28.155380375417074
194,2018,29.2652218709021
194,2019,22.25371930801803
194,2020,18.599701500500682
194,2021,20.748911545061183
194,2022,23.296738880086625
194,2023,25.18702289863799
195,2008,166.398843389969
195,2009,148.61406613275813
195,2010,154.05618513688233
195,2011,159.05334023626568
195,2012,183.335055059839
195,2013,224.9302968346214
195,2014,235.1361798672375
195,2015,287.1474472060008
195,2016,261.9592139858074
195,2017,252.97565640662953
195,2018,299.36129483897594
195,2019,271.2812430503025
195,2020,200.73676079552462
195,2021,214.27303065536157
195,2022,233.36677869777245
195,2023,258.79857304443726
196,2008,461.01364860445705
196,2009,354.60709802874464
196,2010,280.899719318031
196,2011,261.15947018274363
196,2012,292.7374550278516
196,2013,336.66891413397764
196,2014,440.5537377363129
196,2015,409.22545335997853
196,2016,357.66629269776416
196,2017,456.54133468967643
196,2018,533.3324226860857
196,2019,578.5784039574723
196,2020,239.39788472784895
196,2021,251.98659046288398
196,2022,295.20095363562865
196,2023,325.3144316576323
197,2008,74.6897844331713
197,2009,78.76536518441613
197,2010,71.52239742494841
197,2011,103.96563375214556
197,2012,112.44627882555078
197,2013,125.86545983417315
197,2014,143.50262210728408
197,2015,137.59830626223035
197,2016,138.88702323125622
197,2017,140.49601678601235
197,2018,157.93464037418053
197,2019,169.93936403047107
197,2020,136.4362801737982
197,2021,152.1433868127755
197,2022,161.7740917468828
197,2023,169.13527864281377
198,2008,6.504862062614801
198,2009,7.591138010123698
198,2010,7.491421438649468
198,2011,5.1069733500744
198,2012,5.799080965766262
198,2013,7.273001437445107
198,2014,8.040061749921943
198,2015,7.436015097821979
198,2016,8.293747033657025
198,2017,8.349469353701503
198,2018,9.39187717243167
198,2019,9.59060219075
198,2020,7.3601849484549025
198,2021,7.546506090004894
198,2022,8.774039838519133
198,2023,9.587877242405126
199,2008,1.8138716537834412
199,2009,2.316284028015389
199,2010,1.4882071613241814
199,2011,1.0757112559362172
199,2012,1.9435412543866712
199,2013,1.717904656955091
199,2014,1.5789494159877293
199,2015,1.6318571190423024
199,2016,1.6488693744180964
199,2017,1.8905574162248406
199,2018,2.0062542489543973
199,2019,2.351124668104108
199,2020,1.868302291277684
199,2021,2.072920584440692
199,2022,2.2382514237272537
199,2023,2.520868650982578
200,2008,37.58487780654586
200,2009,57.18817285271206
200,2010,48.870128915948996
200,2011,56.69587697683842
200,2012,68.76613625234508
200,2013,78.15045208223172
200,2014,154.86681171908313
200,2015,158.85564805836708
200,2016,148.26189503389799
200,2017,161.5291536442098
200,2018,138.39740967806307
200,2019,142.76920553621832
200,2020,118.54298852784292
200,2021,121.24767414070996
200,2022,127.5410692774955
200,2023,135.74425397494127
202,2008,125.00546604291733
202,2009,149.04422212439138
202,2010,128.45178230733833
202,2011,141.20153232980013
202,2012,171.5056383992262
202,2013,201.56655242792652
202,2014,209.06000084860526
202,2015,224.57796292687192
202,2016,228.21262641856268
202,2017,237.97106632150556
202,2018,260.0192909058187
202,2019,265.62310872318244
202,2020,217.2247676841475
202,2021,214.98866895273696
202,2022,232.90334318095566
202,2023,258.34196565942125
203,2008,4084.962441308562
203,2009,4024.4731680555774
203,2010,3910.4564536673115
203,2011,3959.311131164923
203,2012,3878.096494781203
203,2013,3969.214191230677
203,2014,4285.375763155421
203,2015,4583.948318255479
203,2016,4685.858357091544
203,2017,4828.040118217866
203,2018,4888.055940873059
203,2019,5044.912394334615
203,2020,3642.4887328183495
203,2021,4258.296650396945
203,2022,5078.431555702448
203,2023,5674.350898027384
204,2008,320.1474815467767
204,2009,310.31172986786515
204,2010,285.92369730673136
204,2011,280.61763097112606
204,2012,320.6397546001209
204,2013,354.7705188447043
204,2014,384.76227351169865
204,2015,399.6148806522336
204,2016,370.6088877856321
204,2017,387.2061061289214
204,2018,394.6692830159592
204,2019,375.64641887335506
204,2020,325.7806115831322
204,2021,342.3859769283661
204,2022,392.1371615695837
204,2023,412.85079395280746
205,2008,171.75719006268568
205,2009,153.35769573672616
205,2010,148.46981306829053
205,2011,149.86426791882556
205,2012,226.4750774458922
205,2013,240.18578613591768
205,2014,319.44141281438334
205,2015,405.78799328436287
205,2016,459.2772876139512
205,2017,384.7664534507369
205,2018,318.6363205941998
205,2019,392.0238140026502
205,2020,102.62202893681675
205,2021,53.65291912379911
205,2022,85.11969305127506
205,2023,142.36824452388453
206,2008,1087.9041734423924
206,2009,1186.95037719056
206,2010,1367.7656965668746
206,2011,1466.6880024038608
206,2012,1553.8946410545616
206,2013,1731.5544002377721
206,2014,1743.9246220971702
206,2015,1679.8338518769328
206,2016,1800.2748365439916
206,2017,1811.6561829665823
206,2018,1873.0156002482556
206,2019,1986.3091665205811
206,2020,1675.7502202472472
206,2021,1559.2907995331718
206,2022,1947.6767418345785
206,2023,1976.7882078441387
207,2008,2521.4388261095414
207,2009,2093.6134213813993
207,2010,2148.010264216296
207,2011,2104.844895000675
207,2012,2180.773006462773
207,2013,2169.313188450467
207,2014,2161.177591553445
207,2015,2228.026817870248
207,2016,2326.5234106072576
207,2017,2484.5570102965585
207,2018,2588.958365214738
207,2019,2858.1796768551903
207,2020,2209.861741458499
207,2021,2292.318770438805
207,2022,2539.5427689818707
207,2023,2865.615185053671
208,2008,390.266302444031
208,2009,347.0384635775061
208,2010,422.9499560685623
208,2011,509.179626
208,2012,538.064758
208,2013,558.4203
208,2014,565.304443
208,2015,514.108459
208,2016,548.6448
208,2017,551.3225
208,2018,530.220459
208,2019,544.305847
208,2020,437.492065
208,2021,468.944183
208,2022,520.852051
208,2023,538.6918
209,2008,11289.661851394796
209,2009,11191.492774287433
209,2010,11393.492590386297
209,2011,12017.605442544937
209,2012,13533.057791288844
209,2013,13841.182627127453
209,2014,14265.885180771324
209,2015,14549.46631960798
209,2016,14864.755739646906
209,2017,15190.7502136336
209,2018,15888.384143559282
209,2019,16256.570325717135
209,2020,13924.425656350522
209,2021,15085.548086496014
209,2022,13155.330739530895
209,2023,15467.267647246226
210,2008,4021.3552733968813
210,2009,3895.3509319472937
210,2010,3560.3006380696897
210,2011,3635.143362808581
210,2012,3538.2564423195645
210,2013,3653.0339342173515
210,2014,3509.14139799217
210,2015,4126.88638778226
210,2016,4445.92174850483
210,2017,4458.332645620773
210,2018,4779.5650681637435
210,2019,5109.923659061755
210,2020,3470.4154854718627
210,2021,3367.4817607550885
210,2022,4332.356937524268
210,2023,4746.747392877229
212,2008,NA
212,2009,NA
212,2010,NA
212,2011,NA
212,2012,NA
212,2013,NA
212,2014,NA
212,2015,NA
212,2016,NA
212,2017,NA
212,2018,NA
212,2019,NA
212,2020,NA
212,2021,NA
212,2022,NA
212,2023,NA
214,2008,730.4092141249583
214,2009,644.7678693486947
214,2010,653.4494603879418
214,2011,511.8189009455482
214,2012,481.5656206479017
214,2013,349.7519929162119
214,2014,353.12748468781086
214,2015,335.18481693409126
214,2016,321.62203240984417
214,2017,498.06856977987826
214,2018,503.73303734458585
214,2019,476.84463920428146
214,2020,362.7993630494767
214,2021,423.18183894418075
214,2022,480.7438265641696
214,2023,529.6575001912994
215,2008,32.374812531354245
215,2009,29.987090209592544
215,2010,34.45420247901998
215,2011,33.56223042736288
215,2012,35.648899066618064
215,2013,34.58696176935661
215,2014,34.080604817585304
215,2015,29.193352272422082
215,2016,24.70018526278388
215,2017,26.346475896405334
215,2018,28.040595053880512
215,2019,28.68367343346999
215,2020,26.503542412552264
215,2021,28.164063952047137
215,2022,30.738600462824905
215,2023,33.49982744858994
216,2008,6991.86932568283
216,2009,6990.3707652289795
216,2010,6884.385105731976
216,2011,6895.488813572673
216,2012,7146.363087149985
216,2013,7376.927404720936
216,2014,7959.752725700102
216,2015,8461.769226812547
216,2016,8511.73249890464
216,2017,8539.790435072551
216,2018,8985.466103810208
216,2019,9124.864459723336
216,2020,6969.519212300006
216,2021,8111.956741938916
216,2022,8311.811694281738
216,2023,8870.57932303788
218,2008,285.47537763575775
218,2009,283.63921538260234
218,2010,282.34615517879064
218,2011,284.6998655884978
218,2012,288.55904298269814
218,2013,293.670159710168
218,2014,293.0043161599343
218,2015,300.07957445208956
218,2016,324.5279860589616
218,2017,315.7621301913818
218,2018,319.5825362849135
218,2019,329.4987117403326
218,2020,245.4897181812236
218,2021,251.5294993590429
218,2022,302.76739430999663
218,2023,320.0375186522934
220,2008,2.74746846542
220,2009,2.4750001819636362
220,2010,2.6643995832835294
220,2011,2.724312191846471
220,2012,3.2107446246857148
220,2013,3.5624794771748576
220,2014,3.160473144111111
220,2015,2.8744709245405407
220,2016,2.861799711877895
220,2017,2.564002745038462
220,2018,2.5974112635128206
220,2019,2.7132782518695
220,2020,2.0284483982487806
220,2021,2.255432318829268
220,2022,2.4815131718138095
220,2023,2.7494790091500003
222,2008,277.94435904741374
222,2009,276.83241995824477
222,2010,265.89862359013495
222,2011,264.4937070848182
222,2012,277.02619536217054
222,2013,267.44707827187295
222,2014,275.154701687099
222,2015,273.26370508637666
222,2016,285.42775821378723
222,2017,283.44443921095626
222,2018,280.7327266982518
222,2019,278.7954731891691
222,2020,240.16135959295858
222,2021,222.52365423677043
222,2022,270.9952358331951
222,2023,288.1054483428005
223,2008,214.6306982013933
223,2009,218.0093503182238
223,2010,224.13973394246602
223,2011,221.27605942520327
223,2012,223.03327263388488
223,2013,237.86123160482222
223,2014,258.3232896245191
223,2015,258.7924191386978
223,2016,272.5749987555886
223,2017,281.31929648768926
223,2018,287.21482295136923
223,2019,296.88188435225226
223,2020,254.58465778272222
223,2021,264.3207933592284
223,2022,287.1673478891982
223,2023,290.9433933889889
224,2008,252.64874919207352
224,2009,244.41671606681635
224,2010,247.75498596127753
224,2011,281.68972211633985
224,2012,286.0293110241574
224,2013,317.5304435242131
224,2014,319.7770567605672
224,2015,327.57561097360815
224,2016,335.73048963921735
224,2017,337.5839152974178
224,2018,334.264332588725
224,2019,335.3375501205623
224,2020,239.28455023060883
224,2021,255.94137466875955
224,2022,301.4489822299191
224,2023,320.65624659618425
232,2008,6.924844018965344
232,2009,6.233314439170133
232,2010,5.899591880488819
232,2011,6.0203046243367755
232,2012,4.639391739768007
232,2013,5.775173829343314
232,2014,6.249135885351171
232,2015,7.114247511963399
232,2016,7.624412929610984
232,2017,8.733379218744927
232,2018,9.7219484667402991
232,2019,11.066465513976834
232,2020,9.317819154117148
232,2021,10.68963380431145
232,2022,11.137980578948678
232,2023,11.80861078987439
244,2008,2.90123386
244,2009,2.6265438
244,2010,2.81517716
244,2011,2.746285751478217
244,2012,3.2432971181
244,2013,3.5432494104809877
244,2014,3.227593162585366
244,2015,2.976747847421687
244,2016,2.9470649958658686
244,2017,2.666448818752381
244,2018,2.658288689
244,2019,2.444823327942165
244,2020,1.9334141972383785
244,2021,2.1227487008
244,2022,2.491178664155459
244,2023,2.6036094916414054
245,2008,NA
245,2009,NA
245,2010,NA
245,2011,NA
245,2012,NA
245,2013,NA
245,2014,NA
245,2015,NA
245,2016,NA
245,2017,NA
245,2018,NA
245,2019,NA
245,2020,NA
245,2021,NA
245,2022,NA
245,2023,NA
247,2008,11.5620842
247,2009,14.4587173
247,2010,12.7300663
247,2011,10.7261982
247,2012,9.740664
247,2013,9.39651
247,2014,8.862015
247,2015,13.4347563
247,2016,14.3859911
247,2017,15.1209869
247,2018,14.8860035
247,2019,14.3554993
247,2020,10.9920864
247,2021,10.3279915
247,2022,11.1152067
247,2023,12.5660915
248,2008,NA
248,2009,NA
248,2010,NA
248,2011,NA
248,2012,NA
248,2013,NA
248,2014,NA
248,2015,NA
248,2016,NA
248,2017,NA
248,2018,NA
248,2019,NA
248,2020,NA
248,2021,NA
248,2022,NA
248,2023,NA
250,2008,25.1931381
250,2009,23.5765781
250,2010,25.1535072
250,2011,25.4347229
250,2012,27.00351
250,2013,28.8678188
250,2014,29.9950218
250,2015,30.5926971
250,2016,32.51632
250,2017,33.4576759
250,2018,35.39076
250,2019,35.5902176
250,2020,26.5345688
250,2021,32.174942
250,2022,38.3049736
250,2023,40.6665344
5,2008,NA
5,2009,NA
5,2010,NA
5,2011,NA
5,2012,NA
5,2013,NA
5,2014,NA
5,2015,NA
5,2016,NA
5,2017,NA
5,2018,NA
5,2019,NA
5,2020,NA
5,2021,NA
5,2022,NA
5,2023,NA
13,2008,NA
13,2009,NA
13,2010,NA
13,2011,NA
13,2012,NA
13,2013,NA
13,2014,NA
13,2015,NA
13,2016,NA
13,2017,NA
13,2018,NA
13,2019,NA
13,2020,NA
13,2021,NA
13,2022,NA
13,2023,NA
21,2008,NA
21,2009,NA
21,2010,NA
21,2011,NA
21,2012,NA
21,2013,NA
21,2014,NA
21,2015,NA
21,2016,NA
21,2017,NA
21,2018,NA
21,2019,NA
21,2020,NA
21,2021,NA
21,2022,NA
21,2023,NA
44,2008,NA
44,2009,NA
44,2010,NA
44,2011,NA
44,2012,NA
44,2013,NA
44,2014,NA
44,2015,NA
44,2016,NA
44,2017,NA
44,2018,NA
44,2019,NA
44,2020,NA
44,2021,NA
44,2022,NA
44,2023,NA
45,2008,NA
45,2009,NA
45,2010,NA
45,2011,NA
45,2012,NA
45,2013,NA
45,2014,NA
45,2015,NA
45,2016,NA
45,2017,NA
45,2018,NA
45,2019,NA
45,2020,NA
45,2021,NA
45,2022,NA
45,2023,NA
46,2008,NA
46,2009,NA
46,2010,NA
46,2011,NA
46,2012,NA
46,2013,NA
46,2014,NA
46,2015,NA
46,2016,NA
46,2017,NA
46,2018,NA
46,2019,NA
46,2020,NA
46,2021,NA
46,2022,NA
46,2023,NA
64,2008,NA
64,2009,NA
64,2010,NA
64,2011,NA
64,2012,NA
64,2013,NA
64,2014,NA
64,2015,NA
64,2016,NA
64,2017,NA
64,2018,NA
64,2019,NA
64,2020,NA
64,2021,NA
64,2022,NA
64,2023,NA
97,2008,NA
97,2009,NA
97,2010,NA
97,2011,NA
97,2012,NA
97,2013,NA
97,2014,NA
97,2015,NA
97,2016,NA
97,2017,NA
97,2018,NA
97,2019,NA
97,2020,NA
97,2021,NA
97,2022,NA
97,2023,NA
104,2008,NA
104,2009,NA
104,2010,NA
104,2011,NA
104,2012,NA
104,2013,NA
104,2014,NA
104,2015,NA
104,2016,NA
104,2017,NA
104,2018,NA
104,2019,NA
104,2020,NA
104,2021,NA
104,2022,NA
104,2023,NA
147,2008,NA
147,2009,NA
147,2010,NA
147,2011,NA
147,2012,NA
147,2013,NA
147,2014,NA
147,2015,NA
147,2016,NA
147,2017,NA
147,2018,NA
147,2019,NA
147,2020,NA
147,2021,NA
147,2022,NA
147,2023,NA
152,2008,NA
152,2009,NA
152,2010,NA
152,2011,NA
152,2012,NA
152,2013,NA
152,2014,NA
152,2015,NA
152,2016,NA
152,2017,NA
152,2018,NA
152,2019,NA
152,2020,NA
152,2021,NA
152,2022,NA
152,2023,NA
193,2008,NA
193,2009,NA
193,2010,NA
193,2011,NA
193,2012,NA
193,2013,NA
193,2014,NA
193,2015,NA
193,2016,NA
193,2017,NA
193,2018,NA
193,2019,NA
193,2020,NA
193,2021,NA
193,2022,NA
193,2023,NA
231,2008,NA
231,2009,NA
231,2010,NA
231,2011,NA
231,2012,NA
231,2013,NA
231,2014,NA
231,2015,NA
231,2016,NA
231,2017,NA
231,2018,NA
231,2019,NA
231,2020,NA
231,2021,NA
231,2022,NA
231,2023,NA
8,2008,NA
8,2009,NA
8,2010,NA
8,2011,NA
8,2012,NA
8,2013,NA
8,2014,NA
8,2015,NA
8,2016,NA
8,2017,NA
8,2018,NA
8,2019,NA
8,2020,NA
8,2021,NA
8,2022,NA
8,2023,NA
9,2008,NA
9,2009,NA
9,2010,NA
9,2011,NA
9,2012,NA
9,2013,NA
9,2014,NA
9,2015,NA
9,2016,NA
9,2017,NA
9,2018,NA
9,2019,NA
9,2020,NA
9,2021,NA
9,2022,NA
9,2023,NA
10,2008,NA
10,2009,NA
10,2010,NA
10,2011,NA
10,2012,NA
10,2013,NA
10,2014,NA
10,2015,NA
10,2016,NA
10,2017,NA
10,2018,NA
10,2019,NA
10,2020,NA
10,2021,NA
10,2022,NA
10,2023,NA
11,2008,NA
11,2009,NA
11,2010,NA
11,2011,NA
11,2012,NA
11,2013,NA
11,2014,NA
11,2015,NA
11,2016,NA
11,2017,NA
11,2018,NA
11,2019,NA
11,2020,NA
11,2021,NA
11,2022,NA
11,2023,NA
19,2008,NA
19,2009,NA
19,2010,NA
19,2011,NA
19,2012,NA
19,2013,NA
19,2014,NA
19,2015,NA
19,2016,NA
19,2017,NA
19,2018,NA
19,2019,NA
19,2020,NA
19,2021,NA
19,2022,NA
19,2023,NA
121,2008,NA
121,2009,NA
121,2010,NA
121,2011,NA
121,2012,NA
121,2013,NA
121,2014,NA
121,2015,NA
121,2016,NA
121,2017,NA
121,2018,NA
121,2019,NA
121,2020,NA
121,2021,NA
121,2022,NA
121,2023,NA
141,2008,NA
141,2009,NA
141,2010,NA
141,2011,NA
141,2012,NA
141,2013,NA
141,2014,NA
141,2015,NA
141,2016,NA
141,2017,NA
141,2018,NA
141,2019,NA
141,2020,NA
141,2021,NA
141,2022,NA
141,2023,NA
145,2008,NA
145,2009,NA
145,2010,NA
145,2011,NA
145,2012,NA
145,2013,NA
145,2014,NA
145,2015,NA
145,2016,NA
145,2017,NA
145,2018,NA
145,2019,NA
145,2020,NA
145,2021,NA
145,2022,NA
145,2023,NA
153,2008,NA
153,2009,NA
153,2010,NA
153,2011,NA
153,2012,NA
153,2013,NA
153,2014,NA
153,2015,NA
153,2016,NA
153,2017,NA
153,2018,NA
153,2019,NA
153,2020,NA
153,2021,NA
153,2022,NA
153,2023,NA
154,2008,NA
154,2009,NA
154,2010,NA
154,2011,NA
154,2012,NA
154,2013,NA
154,2014,NA
154,2015,NA
154,2016,NA
154,2017,NA
154,2018,NA
154,2019,NA
154,2020,NA
154,2021,NA
154,2022,NA
154,2023,NA
156,2008,NA
156,2009,NA
156,2010,NA
156,2011,NA
156,2012,NA
156,2013,NA
156,2014,NA
156,2015,NA
156,2016,NA
156,2017,NA
156,2018,NA
156,2019,NA
156,2020,NA
156,2021,NA
156,2022,NA
156,2023,NA
161,2008,NA
161,2009,NA
161,2010,NA
161,2011,NA
161,2012,NA
161,2013,NA
161,2014,NA
161,2015,NA
161,2016,NA
161,2017,NA
161,2018,NA
161,2019,NA
161,2020,NA
161,2021,NA
161,2022,NA
161,2023,NA
185,2008,NA
185,2009,NA
185,2010,NA
185,2011,NA
185,2012,NA
185,2013,NA
185,2014,NA
185,2015,NA
185,2016,NA
185,2017,NA
185,2018,NA
185,2019,NA
185,2020,NA
185,2021,NA
185,2022,NA
185,2023,NA
228,2008,NA
228,2009,NA
228,2010,NA
228,2011,NA
228,2012,NA
228,2013,NA
228,2014,NA
228,2015,NA
228,2016,NA
228,2017,NA
228,2018,NA
228,2019,NA
228,2020,NA
228,2021,NA
228,2022,NA
228,2023,NA
