rgn_id,year,tour_rev_prop
6,2008,0.3253263096032074
6,2009,0.3703871405118262
6,2010,0.3617368478638204
6,2011,0.32490043307213173
6,2012,0.35468762706177215
6,2013,0.3993421539917608
6,2014,0.35538101526702076
6,2015,0.31145071687293713
6,2016,0.3271030182661601
6,2017,0.3179533329144094
6,2018,0.3099274497556504
6,2019,0.2637946199399949
6,2020,0.07539110726761647
6,2021,0.019707368833905264
6,2022,0.06204288925675655
6,2023,0.05432285963275582
7,2008,0.05273428120136238
7,2009,0.05934850307521005
7,2010,0.06649095905869236
7,2011,0.07096011834576535
7,2012,0.0651905949667725
7,2013,0.06459855433911553
7,2014,0.05943419210706539
7,2015,0.05793372916360657
7,2016,0.06204151747843258
7,2017,0.06369032837672574
7,2018,0.06624021953016163
7,2019,0.05999111220560533
7,2020,0.016022197556669455
7,2021,0.017982724009912215
7,2022,0.02015964065905903
7,2023,0.03687580018747834
14,2008,0.041248746529648196
14,2009,0.04388494592220412
14,2010,0.04580719055363857
14,2011,0.04710708212428396
14,2012,0.04949055377240842
14,2013,0.049640248526502416
14,2014,0.05324017606920917
14,2015,0.051380895493438716
14,2016,0.04547858895456629
14,2017,0.04616058504058114
14,2018,0.048005892584564114
14,2019,0.05128898942853701
14,2020,0.022195591980842613
14,2021,0.01841845153715146
14,2022,0.02570580771324933
14,2023,0.03741908732875899
15,2008,0.055437986776468676
15,2009,0.05534338919412759
15,2010,0.06405700175814581
15,2011,0.07464034316811759
15,2012,0.07809464215512146
15,2013,0.08160319549746389
15,2014,0.09040057308953028
15,2015,0.10554135777921038
15,2016,0.11326819973849855
15,2017,0.131975823832685
15,2018,0.14485312360986735
15,2019,0.15087050228006074
15,2020,0.03015131547983428
15,2021,0.033553493829391885
15,2022,0.06555130375207359
15,2023,0.10560435518365777
16,2008,0.06429907674351454
16,2009,0.0626182691056637
16,2010,0.05911465898353939
16,2011,0.058225685598138496
16,2012,0.05856775677393497
16,2013,0.05912665348924715
16,2014,0.059694177536248394
16,2015,0.06216225395027868
16,2016,0.06318348479827292
16,2017,0.0635964720232883
16,2018,0.06716028404860926
16,2019,0.05463844063619188
16,2020,0.039393849581959246
16,2021,0.039127830258233985
16,2022,0.05804617210267916
16,2023,0.059088489849273576
17,2008,0.013033496780691968
17,2009,0.021395714355458915
17,2010,0.018018085432043123
17,2011,0.015991697664952505
17,2012,0.012137819491492367
17,2013,0.012010335939435297
17,2014,0.01266544381220937
17,2015,0.012539322808450555
17,2016,0.012449093961887484
17,2017,0.012659357406847168
17,2018,0.012739923745731609
17,2019,0.012122292267677371
17,2020,0.00966418337229523
17,2021,0.010648267713523363
17,2022,0.011749691025249101
17,2023,0.011939426138550204
18,2008,0.2951630875704646
18,2009,0.27478381421317966
18,2010,0.27959694430975346
18,2011,0.26889518768123033
18,2012,0.26732258289883953
18,2013,0.24987304346028674
18,2014,0.23616559751160643
18,2015,0.24155948939215238
18,2016,0.241777467742611
18,2017,0.2367967715304139
18,2018,0.24795521088543518
18,2019,0.2522602045655509
18,2020,0.07899965354131594
18,2021,0.05711128754439026
18,2022,0.2300931841733574
18,2023,0.30545418087683673
20,2008,0.02144760611363234
20,2009,0.022143550241302955
20,2010,0.020983038184829623
20,2011,0.02220031765524063
20,2012,0.023245236056258348
20,2013,0.022730432320971144
20,2014,0.023468402388621263
20,2015,0.021255274931326337
20,2016,0.02174758962856002
20,2017,0.02020012765995172
20,2018,0.02262648985947621
20,2019,0.023955395456217807
20,2020,0.013584112904085306
20,2021,0.013476288847496807
20,2022,0.01745086310537631
20,2023,0.020787091212321213
24,2008,0.14563354631727102
24,2009,0.15804303272980985
24,2010,0.1692660527413167
24,2011,0.19300176182639797
24,2012,0.2008049508624953
24,2013,0.1951268480349142
24,2014,0.19142616389171616
24,2015,0.1848553069880157
24,2016,0.18021164967596381
24,2017,0.18340681446520946
24,2018,0.19046655799600776
24,2019,0.1898814236833838
24,2020,0.051383056138304385
24,2021,0.02785501356124621
24,2022,0.06724638572304192
24,2023,0.11773684894278642
25,2008,0.10514870298138375
25,2009,0.09796943977389787
25,2010,0.09477628413068943
25,2011,0.11109649387338544
25,2012,0.11691863632186544
25,2013,0.132181997395829
25,2014,0.13231136845310856
25,2015,0.1475792388279689
25,2016,0.1543339153083573
25,2017,0.16387036495799415
25,2018,0.1617710570726324
25,2019,0.15805709563707618
25,2020,0.05259249329247875
25,2021,0.022256124294358987
25,2022,0.06399691354241856
25,2023,0.10527150598811319
28,2008,0.07253009406165312
28,2009,0.0616032629060548
28,2010,0.06585472659111379
28,2011,0.07138920525288843
28,2012,0.06730455520733376
28,2013,0.06383719302829248
28,2014,0.07149978768242987
28,2015,0.07322400470404582
28,2016,0.07168170812179818
28,2017,0.07526975378640298
28,2018,0.0808607574388024
28,2019,0.07808201626178166
28,2020,0.0252397297438246
28,2021,0.06355133663405281
28,2022,0.07992128590797608
28,2023,0.07624559099929107
31,2008,0.35271197256446984
31,2009,0.35579202162922924
31,2010,0.32459653543924766
31,2011,0.3212024023672401
31,2012,0.3488148744392805
31,2013,0.3406701337940664
31,2014,0.33233268872935207
31,2015,0.31993571459640685
31,2016,0.439564971557581
31,2017,0.4609212853018154
31,2018,0.44122377981997446
31,2019,0.4352006470814416
31,2020,0.23420069028645565
31,2021,0.37211751644972063
31,2022,0.43834364306631457
31,2023,0.4299361748347787
37,2008,0.16888950723357624
37,2009,0.1463848887280565
37,2010,0.14316783941291245
37,2011,0.1417730600659074
37,2012,0.1377949863171262
37,2013,0.1190762666209007
37,2014,0.11917673353551428
37,2015,0.12450976306867388
37,2016,0.12713397954393452
37,2017,0.1273118974357766
37,2018,0.12741581118588213
37,2019,0.12246796960965299
37,2020,0.043585513861980896
37,2021,0.03498030863414932
37,2022,0.11191113923974164
37,2023,0.13045276169025716
39,2008,0.6008615451651474
39,2009,0.5518711562004626
39,2010,0.5808910286428315
39,2011,0.6198291958728845
39,2012,0.615699649503656
39,2013,0.6425711850179632
39,2014,0.6644842794136557
39,2015,0.5712924283181443
39,2016,0.5255481023153885
39,2017,0.5047688706946857
39,2018,0.4964617440776647
39,2019,0.48751625425551653
39,2020,0.33427095660713446
39,2021,0.5907942235612215
39,2022,0.6440283146854561
39,2023,0.5634234404389902
40,2008,0.04104454298350269
40,2009,0.037788971260037524
40,2010,0.03989324381961148
40,2011,0.046074413919948355
40,2012,0.04767781958461738
40,2013,0.052727308971747835
40,2014,0.06016399722562937
40,2015,0.06390896059810348
40,2016,0.06764440960020411
40,2017,0.06789355973816535
40,2018,0.07325770091206388
40,2019,0.06868298619909603
40,2020,0.02499401807430474
40,2021,0.020013061706415605
40,2022,0.034266422244885436
40,2023,0.04657604264819716
41,2008,0.037655252660735376
41,2009,0.04241425970520415
41,2010,0.04435647977559492
41,2011,0.040453925931290095
41,2012,0.04400602073568107
41,2013,0.05067409171591858
41,2014,0.057035193093338106
41,2015,0.06013873641095066
41,2016,0.04677623089414624
41,2017,0.045303439986885734
41,2018,0.05242095297537946
41,2019,0.04711712751858623
41,2020,0.030413953779198276
41,2021,0.03670952232763034
41,2022,0.04139570965324526
41,2023,0.0385791189639179
42,2008,0.05048702603260537
42,2009,0.04552411439242492
42,2010,0.05240698525816737
42,2011,0.0523853936678647
42,2012,0.06074314310838999
42,2013,0.059536801360699734
42,2014,0.0684843549046695
42,2015,0.07273556128598492
42,2016,0.08640427488547556
42,2017,0.07472139961754816
42,2018,0.07320844277680506
42,2019,0.07722761459862466
42,2020,0.0215191840323428
42,2021,0.01743514531614667
42,2022,0.037841952236428306
42,2023,0.05504924644818582
43,2008,0.05865185149638964
43,2009,0.05223866454719452
43,2010,0.060383312029302735
43,2011,0.06490962605646443
43,2012,0.06392549929284654
43,2013,0.055575203954782826
43,2014,0.053296001181788955
43,2015,0.050822894262440105
43,2016,0.04866133291865037
43,2017,0.04763860173953574
43,2018,0.04833937358452359
43,2019,0.046828636076915765
43,2020,0.022654006600254507
43,2021,0.028244633638202326
43,2022,0.039999835030711056
43,2023,0.042016310062326444
47,2008,0.0208552663923526
47,2009,0.02302173180761814
47,2010,0.02388528686512336
47,2011,0.019977737291108483
47,2012,0.02288628994821004
47,2013,0.021885147813533838
47,2014,0.020363363930779144
47,2015,0.011436057063688623
47,2016,0.012279721539332291
47,2017,0.011937420357902217
47,2018,0.012165948711771329
47,2019,0.012426175485367924
47,2020,0.009248410665489074
47,2021,0.01127737439518821
47,2022,0.014706312931864581
47,2023,0.015194883332721941
48,2008,0.05456724312857709
48,2009,0.0674857359171749
48,2010,0.06462891388246941
48,2011,0.06272019930449978
48,2012,0.06315178242056915
48,2013,0.06602182945143106
48,2014,0.06567102905036742
48,2015,0.07740535947911173
48,2016,0.07792295346758454
48,2017,0.07476731161066608
48,2018,0.05860130729579148
48,2019,0.06571071166880922
48,2020,0.038292102535260414
48,2021,0.03767816785428081
48,2022,0.044931776310882375
48,2023,0.06360769720931501
49,2008,0.08486834841377452
49,2009,0.09558360693175558
49,2010,0.08065852458589177
49,2011,0.0773089111647551
49,2012,0.1297616425582665
49,2013,0.13974095169875825
49,2014,0.15941400524342073
49,2015,0.15831281146185452
49,2016,0.14169022368289044
49,2017,0.13113709523982667
49,2018,0.17712191394863527
49,2019,0.17674878851885867
49,2020,0.10440158480383328
49,2021,0.21075786202024607
49,2022,0.184517232976088
49,2023,0.2816612774395027
50,2008,0.04948700817539924
50,2009,0.052086590846333075
50,2010,0.043429822731226614
50,2011,0.04552639437617859
50,2012,0.040416230995510456
50,2013,0.03854092751149925
50,2014,0.04181719486324343
50,2015,0.05622319737614711
50,2016,0.0679588816996745
50,2017,0.06138441072402145
50,2018,0.05551438523744631
50,2019,0.06808928685843345
50,2020,0.02874744021437246
50,2021,0.03854034239054187
50,2022,0.05247613417885707
50,2023,0.06723569311188403
51,2008,0.03306792658235392
51,2009,0.04408464703394577
51,2010,0.038703488105570935
51,2011,0.03294049280145747
51,2012,0.03440102107835315
51,2013,0.038013832308357635
51,2014,0.043229450492120396
51,2015,0.057477459032416946
51,2016,0.056092137587752194
51,2017,0.051324643777998925
51,2018,0.04881791291704458
51,2019,0.0511811717899923
51,2020,0.029141101650877594
51,2021,0.03580048127861527
51,2022,0.04380341778001406
51,2023,0.05697299738486786
52,2008,0.15408728664848662
52,2009,0.1685135220076817
52,2010,0.18366030968157415
52,2011,0.12585935405686324
52,2012,0.11999526008355957
52,2013,0.12471387342121351
52,2014,0.13067601226814357
52,2015,0.14619160510691134
52,2016,0.13484405736835625
52,2017,0.13822907531684406
52,2018,0.13618906825095953
52,2019,0.12443147473716054
52,2020,0.1269013234050441
52,2021,0.12582140562852961
52,2022,0.1349287839588608
52,2023,0.1533063369433606
53,2008,0.035143266173042614
53,2009,0.036239696383771704
53,2010,0.03682593457535988
53,2011,0.036680676437519
53,2012,0.03497224633795789
53,2013,0.03716019141769127
53,2014,0.03571393507948336
53,2015,0.03387215363841938
53,2016,0.03358442057723282
53,2017,0.034919327914148236
53,2018,0.03459373268777417
53,2019,0.03443846932284816
53,2020,0.02073168959861815
53,2021,0.024199504685782497
53,2022,0.03371146864302757
53,2023,0.03576150830235323
54,2008,0.06067985408686132
54,2009,0.07025811608021613
54,2010,0.06813946286074239
54,2011,0.06540459985727444
54,2012,0.06610312226089046
54,2013,0.07549869671428405
54,2014,0.07686174940172177
54,2015,0.0958441047365045
54,2016,0.10420015370606388
54,2017,0.10090608013634407
54,2018,0.1006998577746118
54,2019,0.10885049269836802
54,2020,0.05112276285517808
54,2021,0.07692061611214925
54,2022,0.10715138148079752
54,2023,0.12423457762677403
56,2008,0.21792564710269494
56,2009,0.1879273225564982
56,2010,0.2075844459098487
56,2011,0.21988118179077132
56,2012,0.24421817404298332
56,2013,0.25179755377325574
56,2014,0.234298527238867
56,2015,0.22977547226103565
56,2016,0.22588854816670478
56,2017,0.2368895207518618
56,2018,0.24118225739494709
56,2019,0.2570153423179589
56,2020,0.10842652106470166
56,2021,0.09134120587849039
56,2022,0.20648330963112077
56,2023,0.2273248028001552
59,2008,0.0657147608793453
59,2009,0.061473030560938384
59,2010,0.058248896880686046
59,2011,0.05932063806628845
59,2012,0.06104696646214866
59,2013,0.06315386228031135
59,2014,0.06127686268197549
59,2015,0.05475480091312319
59,2016,0.053425567252861954
59,2017,0.05584094485948951
59,2018,0.05655239741131609
59,2019,0.0592758364763976
59,2020,0.03858790097590227
59,2021,0.049626775242591147
59,2022,0.0546537057710949
59,2023,0.05522449072872334
61,2008,0.11476314841661618
61,2009,0.10911636482734813
61,2010,0.11113663998062288
61,2011,0.0860975381540731
61,2012,0.10129284745790092
61,2013,0.09819006733809553
61,2014,0.10097096092916555
61,2015,0.07739166522245583
61,2016,0.07737021363382506
61,2017,0.08312636830449961
61,2018,0.10141407244436153
61,2019,0.11688128195354847
61,2020,0.048423553692428886
61,2021,0.06186007797166053
61,2022,0.10075308350898284
61,2023,0.11305903542856748
62,2008,0.10912662126827972
62,2009,0.1018776626416461
62,2010,0.10358115658597049
62,2011,0.1062848964773111
62,2012,0.10416819720926222
62,2013,0.0966412375973668
62,2014,0.09986472129341878
62,2015,0.0933967176453361
62,2016,0.09360145450507042
62,2017,0.09872479589711593
62,2018,0.09773862266725376
62,2019,0.09975967679501441
62,2020,0.05082246178015935
62,2021,0.05081516866041417
62,2022,0.1017584376168879
62,2023,0.10615089577158343
65,2008,0.08143831534746365
65,2009,0.07614374063407206
65,2010,0.07939919295274345
65,2011,0.08134944804301847
65,2012,0.09020259190288096
65,2013,0.0705719025929333
65,2014,0.10347901351621762
65,2015,0.08143700373623929
65,2016,0.07389397209018994
65,2017,0.10060138397360102
65,2018,0.11909695373451964
65,2019,0.10149821956748625
65,2020,0.04765644367847191
65,2021,0.051433237092257646
65,2022,0.0877518793179291
65,2023,0.1353590452694115
66,2008,0.07796380710321837
66,2009,0.07043197992700347
66,2010,0.06972225018976486
66,2011,0.07794474818416322
66,2012,0.07446152784308434
66,2013,0.07125761075199313
66,2014,0.06734292902901427
66,2015,0.06517811460287713
66,2016,0.06641335035004176
66,2017,0.06596976729362684
66,2018,0.06470210570016531
66,2019,0.06537707645965278
66,2020,0.03682069260977
66,2021,0.04744167508993913
66,2022,0.05225738169974566
66,2023,0.05520523961411963
67,2008,0.013090415264373217
67,2009,0.04270308618041293
67,2010,0.027867285706460878
67,2011,0.02889193999278502
67,2012,0.021335793446217353
67,2013,0.02690698229086803
67,2014,0.032235909484016015
67,2015,0.017864941205056894
67,2016,0.013712387560448342
67,2017,0.010319390914800478
67,2018,0.009152362603503654
67,2019,0.009093631960113445
67,2020,0.005231413098930399
67,2021,0.005906643116419848
67,2022,0.00819849771206135
67,2023,0.010942143213553857
68,2008,0.1584460866417464
68,2009,0.14121349067793115
68,2010,0.14845875860293611
68,2011,0.16385591542888714
68,2012,0.16907326294357697
68,2013,0.16203683083366424
68,2014,0.16014840662627358
68,2015,0.1525386015604055
68,2016,0.15058429607826435
68,2017,0.1627303906336661
68,2018,0.1412751531156127
68,2019,0.142630070335629
68,2020,0.036021281255845486
68,2021,0.054386087771958296
68,2022,0.10530254510389507
68,2023,0.11933217305027362
69,2008,0.060070403477679925
69,2009,0.06921289916571761
69,2010,0.07245735392804048
69,2011,0.07165450781726232
69,2012,0.07187179228175052
69,2013,0.0728854843196851
69,2014,0.07586003006580015
69,2015,0.08238333150586917
69,2016,0.0816359641591497
69,2017,0.07291463247861515
69,2018,0.07098323319313547
69,2019,0.06957413513492217
69,2020,0.05255751480625443
69,2021,0.054226572271966575
69,2022,0.06888949792401519
69,2023,0.06927528622630914
70,2008,0.10904924816490624
70,2009,0.1194481772154762
70,2010,0.11957805471351002
70,2011,0.11750317492783278
70,2012,0.11673999951049575
70,2013,0.12718418372332674
70,2014,0.13187862932547256
70,2015,0.1298456006722692
70,2016,0.1249062796161692
70,2017,0.12435249525096312
70,2018,0.12367522222717096
70,2019,0.12286101243925036
70,2020,0.054798906596346134
70,2021,0.05621507644326437
70,2022,0.08195216973386728
70,2023,0.09368466220081605
71,2008,0.13120495804289234
71,2009,0.12053547670836513
71,2010,0.11229204450366376
71,2011,0.11400139690593895
71,2012,0.11238627223552328
71,2013,0.12151385014200262
71,2014,0.1218182291641536
71,2015,0.10817456060010336
71,2016,0.12024781795013041
71,2017,0.12419579147574804
71,2018,0.11352247224961728
71,2019,0.104163725324344
71,2020,0.04453263053215081
71,2021,0.05408468590374663
71,2022,0.06687646784391993
71,2023,0.0715060685410539
72,2008,0.0793029626539415
72,2009,0.0739938188665114
72,2010,0.07618056558939408
72,2011,0.07664036209739133
72,2012,0.07800963422922164
72,2013,0.07734801391328923
72,2014,0.0784002434510726
72,2015,0.07963620338407501
72,2016,0.08095628092163078
72,2017,0.08414385734535046
72,2018,0.08341247748318387
72,2019,0.07987950784877548
72,2020,0.04784391305029558
72,2021,0.059291295496602
72,2022,0.08525185372087134
72,2023,0.08339727499806163
73,2008,0.0375914987446267
73,2009,0.04092140149196873
73,2010,0.037371523255950195
73,2011,0.036264418795052655
73,2012,0.035042767730985476
73,2013,0.03509699031342239
73,2014,0.03657625792785096
73,2015,0.035668026828477674
73,2016,0.03664031059628287
73,2017,0.03598623509038106
73,2018,0.0363498636840727
73,2019,0.035297962113221074
73,2020,0.01970064368198857
73,2021,0.025622492196029873
73,2022,0.02736179138711485
73,2023,0.029577462641158972
74,2008,0.08858319862970651
74,2009,0.10100563800299464
74,2010,0.10921780560752183
74,2011,0.11577256057970478
74,2012,0.14171055652734152
74,2013,0.15929170979924115
74,2014,0.16264687249666024
74,2015,0.19285475911583203
74,2016,0.21363424076140056
74,2017,0.2526430434944508
74,2018,0.2677408703783097
74,2019,0.28773208432219083
74,2020,0.07338659039261518
74,2021,0.11610291887283479
74,2022,0.20676831223327813
74,2023,0.22670704347919782
75,2008,0.1174987930226892
75,2009,0.12177079783642585
75,2010,0.11755969416041874
75,2011,0.1163497405626807
75,2012,0.12023001056429394
75,2013,0.1182438286772988
75,2014,0.08769627977092856
75,2015,0.09014091936036375
75,2016,0.09009480503485921
75,2017,0.09165895102956524
75,2018,0.09326343601655336
75,2019,0.09335525242611248
75,2020,0.048412905544691257
75,2021,0.06835851769001952
75,2022,0.05208479565119467
75,2023,0.06514546550363413
76,2008,0.048572750069660914
76,2009,0.05294409383750205
76,2010,0.04654750385485118
76,2011,0.04917144528043246
76,2012,0.05420294512667751
76,2013,0.056735259200061096
76,2014,0.05856282900602833
76,2015,0.056275534119141504
76,2016,0.045468246127523655
76,2017,0.050629534319343
76,2018,0.060013864626033565
76,2019,0.06608198417720366
76,2020,0.03307694478219001
76,2021,0.04896747828346327
76,2022,0.07594011153061767
76,2023,0.07365237697145992
77,2008,0.05653877082814297
77,2009,0.06372702676494228
77,2010,0.08813211526049967
77,2011,0.04853627562778166
77,2012,0.06892843505657646
77,2013,0.07099436739796844
77,2014,0.0770709313189209
77,2015,0.07730765479937109
77,2016,0.08790587268304126
77,2017,0.06697294348398294
77,2018,0.06157535707691867
77,2019,0.051802435449951945
77,2020,0.020670147975228703
77,2021,0.03223569007108731
77,2022,0.037456331785573026
77,2023,0.046678926635238156
78,2008,0.49520517222632493
78,2009,0.45322244867870237
78,2010,0.47181102563817295
78,2011,0.43627572692537364
78,2012,0.36701171321495396
78,2013,0.3421988749562914
78,2014,0.3183217087854434
78,2015,0.31000587031136584
78,2016,0.3100093741731153
78,2017,0.3280131050674364
78,2018,0.3408583643409128
78,2019,0.3481999060365074
78,2020,0.080893895257495
78,2021,0.05813044897506955
78,2022,0.039709957455833354
78,2023,0.07838077285428394
79,2008,0.04594234126393768
79,2009,0.04417569668359865
79,2010,0.04444210037086624
79,2011,0.042728625816049165
79,2012,0.04483196002449995
79,2013,0.04357024998196261
79,2014,0.0414006457537111
79,2015,0.041995174158417456
79,2016,0.04077543574409271
79,2017,0.041308200860206534
79,2018,0.04236611086649228
79,2019,0.042235894020058645
79,2020,0.013844936750419354
79,2021,0.018204741889053855
79,2022,0.03072597295815677
79,2023,0.03224821633530814
80,2008,0.08498211372926412
80,2009,0.08462102200642671
80,2010,0.08362994985254649
80,2011,0.09340847027730347
80,2012,0.09828071769657115
80,2013,0.11071976573309159
80,2014,0.1186355989020758
80,2015,0.1237642653066929
80,2016,0.12087135821300105
80,2017,0.12840416392916015
80,2018,0.1360818541064065
80,2019,0.14326427760427352
80,2020,0.05492622861832165
80,2021,0.08639800887496642
80,2022,0.12010330368617646
80,2023,0.13286177933288312
81,2008,0.1162442703067615
81,2009,0.09725584208215056
81,2010,0.0972892113926358
81,2011,0.10163240584613421
81,2012,0.1109033810265883
81,2013,0.12621530976423137
81,2014,0.12684284711965285
81,2015,0.12324419602875965
81,2016,0.1299865555609118
81,2017,0.13416470792951277
81,2018,0.12748733115428074
81,2019,0.1184531555446379
81,2020,0.026993848163401387
81,2021,0.06527344035328322
81,2022,0.08746906807260932
81,2023,0.09990382814021971
82,2008,0.2266682727198196
82,2009,0.25690976218374234
82,2010,0.23644431531423846
82,2011,0.23402112155316948
82,2012,0.2529917752427587
82,2013,0.23392326129585916
82,2014,0.2417759630637572
82,2015,0.24840207215148577
82,2016,0.2616168804155469
82,2017,0.26906369040633943
82,2018,0.2670810624142261
82,2019,0.2759295251572125
82,2020,0.14570989966537287
82,2021,0.23409227245840536
82,2022,0.2892000357504028
82,2023,0.3452959137518568
84,2008,0.039803705922153425
84,2009,0.04701725145922165
84,2010,0.04226889836199567
84,2011,0.04046516636789908
84,2012,0.041768724515511585
84,2013,0.04541065517109103
84,2014,0.04197907514886925
84,2015,0.044032346976726845
84,2016,0.04155071620318375
84,2017,0.04093954845989803
84,2018,0.040311126820857385
84,2019,0.04005489907845636
84,2020,0.02201840300370918
84,2021,0.028881334303426622
84,2022,0.0347823098681909
84,2023,0.03923026779052009
96,2008,0.01711519405368079
96,2009,0.017787898337033963
96,2010,0.015484148604792991
96,2011,0.01641727173318929
96,2012,0.010494627458233553
96,2013,0.011640584537116265
96,2014,0.008751112935517438
96,2015,0.010115978395423544
96,2016,0.012173478565097942
96,2017,0.01037240324565933
96,2018,0.010363430765285522
96,2019,0.010846072202362876
96,2020,0.006389781321763098
96,2021,0.005328407640018407
96,2022,0.00654895866403625
96,2023,0.007270069335989056
98,2008,0.022883166834281626
98,2009,0.027137111394252064
98,2010,0.031636087120497314
98,2011,0.04148426818180956
98,2012,0.04340860439951305
98,2013,0.04791661381495828
98,2014,0.044427588736942136
98,2015,0.04472666573083465
98,2016,0.04952000909620863
98,2017,0.04954271111349674
98,2018,0.04793259595394682
98,2019,0.04585230931551467
98,2020,0.025459420588528767
98,2021,0.02167310461057724
98,2022,0.026701490598848486
98,2023,0.029709728041859146
99,2008,0.03640774354461982
99,2009,0.03138758819505865
99,2010,0.031582708131759264
99,2011,0.03518606872973093
99,2012,0.0358691581877681
99,2013,0.03442291108768597
99,2014,0.028599546722847945
99,2015,0.03564774676923264
99,2016,0.029089757102361235
99,2017,0.033402655696198165
99,2018,0.0324646356703873
99,2019,0.03694901946621334
99,2020,0.024155243716316305
99,2021,0.0260068886623876
99,2022,0.02847447119037858
99,2023,0.03074885394378274
100,2008,0.028144554668933713
100,2009,0.030058372391496804
100,2010,0.020079391583384728
100,2011,0.01992482020959915
100,2012,0.01623433026646771
100,2013,0.01706716522888411
100,2014,0.017198950723459838
100,2015,0.02384551311295536
100,2016,0.027561137468519167
100,2017,0.022904616634707838
100,2018,0.02002843146119319
100,2019,0.021176435716079113
100,2020,0.013292227369717406
100,2021,0.018457549977654426
100,2022,0.020662153298942332
100,2023,0.02368406267226916
101,2008,0.11328478672800989
101,2009,0.12268467037829574
101,2010,0.10251381516678662
101,2011,0.10500248323652712
101,2012,0.09544245432685365
101,2013,0.09789495726645699
101,2014,0.10834248908891728
101,2015,0.11549636823778013
101,2016,0.08967871891639027
101,2017,0.09580607719297156
101,2018,0.1004570230409387
101,2019,0.10802823323558657
101,2020,0.09855605101337998
101,2021,0.10840652663512963
101,2022,0.12308272085953934
101,2023,0.126464568620717
102,2008,0.05114793066127088
102,2009,0.04818845781741628
102,2010,0.04792470954380402
102,2011,0.045842201997398274
102,2012,0.04907160922681064
102,2013,0.04927994203957049
102,2014,0.05083439408442874
102,2015,0.054589102917990476
102,2016,0.05558690380348243
102,2017,0.04883589458369283
102,2018,0.05135160552056399
102,2019,0.07014599746013384
102,2020,0.041115251449653875
102,2021,0.04329429924444372
102,2022,0.05474272019433031
102,2023,0.06041575949228935
103,2008,0.12752020364206917
103,2009,0.13029401656317732
103,2010,0.13716125120087544
103,2011,0.1763200050374122
103,2012,0.14589522777532332
103,2013,0.20825453244453573
103,2014,0.27954744692701944
103,2015,0.34549551195438394
103,2016,0.3422168537029202
103,2017,0.3042350604099268
103,2018,0.29783627036230115
103,2019,0.19557076628520123
103,2020,0.07815368779871648
103,2021,0.11836554367176297
103,2022,0.17037830053720468
103,2023,0.18686167319820973
106,2008,0.042420834253928306
106,2009,0.04043613730476379
106,2010,0.03431910242399609
106,2011,0.037538079517041016
106,2012,0.04387973729185302
106,2013,0.04072421032105409
106,2014,0.03793519198733647
106,2015,0.03632240323800728
106,2016,0.033611195127230424
106,2017,0.03401986761611085
106,2018,0.03307152910779366
106,2019,0.040624339388900296
106,2020,0.01715415143585154
106,2021,0.025703320420309355
106,2022,0.03399205717564575
106,2023,0.03480158582957438
108,2008,0.09329282791150767
108,2009,0.08986602157582255
108,2010,0.10324429367649846
108,2011,0.1356459951948824
108,2012,0.11407038848087679
108,2013,0.1116048622118088
108,2014,0.11404257137859722
108,2015,0.1054376600021183
108,2016,0.11287184899330108
108,2017,0.11610209149045307
108,2018,0.11978632106665595
108,2019,0.1189915879349595
108,2020,0.042044226964519656
108,2021,0.04921716723567143
108,2022,0.07828183024104814
108,2023,0.1155095255871858
110,2008,0.24450214991703736
110,2009,0.23856971286978396
110,2010,0.24096189264988355
110,2011,0.23439760992882483
110,2012,0.22545070490513422
110,2013,0.2307703512011186
110,2014,0.22311597818553625
110,2015,0.22872026119086114
110,2016,0.2708604990384158
110,2017,0.24933052938647296
110,2018,0.30255562544048037
110,2019,0.3224225338684261
110,2020,0.11015889791970178
110,2021,0.21254566190323806
110,2022,0.308654213821846
110,2023,0.3222669830856432
112,2008,0.028954691022535766
112,2009,0.02589172773568087
112,2010,0.02636039378211687
112,2011,0.026163316614548966
112,2012,0.025775936979462816
112,2013,0.025668704878550854
112,2014,0.024494394527652445
112,2015,0.024425065382707317
112,2016,0.024823488761751278
112,2017,0.02522116644475287
112,2018,0.022684982088221693
112,2019,0.02139256723330104
112,2020,0.010432825482300179
112,2021,0.02253276194968826
112,2022,0.03254742703866706
112,2023,0.04974852158328896
113,2008,0.10239361287823458
113,2009,0.10302846654520112
113,2010,0.11135658924460957
113,2011,0.11871298606673193
113,2012,0.13139212140809178
113,2013,0.1345051015739961
113,2014,0.13925081699118227
113,2015,0.1410950367265973
113,2016,0.13692642467102567
113,2017,0.1415497776634358
113,2018,0.14412981519045254
113,2019,0.14221317402490802
113,2020,0.045988250528164146
113,2021,0.05913386955744296
113,2022,0.10650634429457456
113,2023,0.11825356974552009
114,2008,0.09013133481095557
114,2009,0.08968644432017542
114,2010,0.07594995398196777
114,2011,0.08294830970030724
114,2012,0.08410886540620378
114,2013,0.08887226555903095
114,2014,0.09061693326201173
114,2015,0.10657832848740553
114,2016,0.1087981365478596
114,2017,0.09753952288806066
114,2018,0.10016949075633995
114,2019,0.111675632709625
114,2020,0.04307947273302216
114,2021,0.04666395508614413
114,2022,0.04865867981907803
114,2023,0.051465527991092934
115,2008,0.11735455123669507
115,2009,0.11308324100088754
115,2010,0.10547035002524759
115,2011,0.10407043161628757
115,2012,0.10708135055159206
115,2013,0.11047205775022054
115,2014,0.1136908255265016
115,2015,0.11615179902086367
115,2016,0.11863035523417918
115,2017,0.12050763886993232
115,2018,0.11933955474420879
115,2019,0.11417087803332329
115,2020,0.0487094108920084
115,2021,0.08530449642618067
115,2022,0.10057904587687765
115,2023,0.10889681345668939
116,2008,0.07132115963313422
116,2009,0.06428843547585618
116,2010,0.06510413073017415
116,2011,0.0713070043828503
116,2012,0.07381179508907633
116,2013,0.07525074386497987
116,2014,0.07819791262425764
116,2015,0.08244342100455122
116,2016,0.08492399444628204
116,2017,0.07373747425553943
116,2018,0.07252086614834716
116,2019,0.08064448315433331
116,2020,0.05077859570869901
116,2021,0.09182261664956286
116,2022,0.0977552766421839
116,2023,0.11237976018171746
119,2008,0.35754308580880967
119,2009,0.27808032431770696
119,2010,0.2898258000939018
119,2011,0.32450561641470466
119,2012,0.33161263425085163
119,2013,0.3372498813467378
119,2014,0.32432297390282094
119,2015,0.31752202626415815
119,2016,0.31245085071905754
119,2017,0.31400729929435384
119,2018,0.3199634941682228
119,2019,0.31056199026897574
119,2020,0.1253143677083026
119,2021,0.17643972383762566
119,2022,0.2907195834917169
119,2023,0.310948635291306
120,2008,0.6016090348598722
120,2009,0.624388763972456
120,2010,0.6389474931351922
120,2011,0.6701955713132717
120,2012,0.6348133381366435
120,2013,0.6098442013773547
120,2014,0.6181203982507808
120,2015,0.5954005883990527
120,2016,0.5898581167828064
120,2017,0.561934044607496
120,2018,0.5346819846930794
120,2019,0.5960600119628614
120,2020,0.3145808328748827
120,2021,0.3368187285733921
120,2022,0.5029501894798225
120,2023,0.5076130872403446
122,2008,0.4354729779405577
122,2009,0.4184658183561196
122,2010,0.4068544191792857
122,2011,0.4066497391202581
122,2012,0.41247388139916386
122,2013,0.4189957111460484
122,2014,0.44206327755968394
122,2015,0.45246743656882543
122,2016,0.42007462539388385
122,2017,0.4380146820541801
122,2018,0.4639937317918475
122,2019,0.5015445370860717
122,2020,0.2531465365412354
122,2021,0.32769533467044615
122,2022,0.46937858108629543
122,2023,0.5021241257263143
123,2008,0.27062862090758677
123,2009,0.25985472775311524
123,2010,0.3067006888305021
123,2011,0.33834730214192005
123,2012,0.25409685923609343
123,2013,0.32582670080190307
123,2014,0.38828189927113094
123,2015,0.35646270026793864
123,2016,0.33330055084394644
123,2017,0.30795597193151636
123,2018,0.17529919529766408
123,2019,0.23325381811313758
123,2020,0.08585882924307364
123,2021,0.06839688002991232
123,2022,0.1380767467501593
123,2023,0.15869303983318342
124,2008,0.2703467350913834
124,2009,0.2583028155454541
124,2010,0.24798234057074459
124,2011,0.2308337347367446
124,2012,0.218102272159019
124,2013,0.22329205835065036
124,2014,0.2062523755114419
124,2015,0.22636279774281876
124,2016,0.2447951329893126
124,2017,0.24716711795450538
124,2018,0.24900490077267323
124,2019,0.26292369044283415
124,2020,0.14484319777131005
124,2021,0.15559347690636358
124,2022,0.18284568748189914
124,2023,0.19350126091787923
125,2008,0.31403683825768075
125,2009,0.299143182488814
125,2010,0.29521039954054445
125,2011,0.2814029883478352
125,2012,0.26348197747141844
125,2013,0.2510445552768692
125,2014,0.399277741906881
125,2015,0.3805019042115594
125,2016,0.3734086563371092
125,2017,0.3887253665385872
125,2018,0.3996171897298635
125,2019,0.4137601640488707
125,2020,0.1558081450702786
125,2021,0.1842847233350263
125,2022,0.3183581687648692
125,2023,0.4493669329192448
126,2008,0.05824345248231402
126,2009,0.06756524780607355
126,2010,0.07348476355070424
126,2011,0.06840803121788751
126,2012,0.07447263643835086
126,2013,0.07224214047734413
126,2014,0.0714250792195005
126,2015,0.07234482718440684
126,2016,0.0751407280931175
126,2017,0.07808257131794777
126,2018,0.07045529396664968
126,2019,0.06930402177625067
126,2020,0.04055910994987857
126,2021,0.05014970415860382
126,2022,0.06558826092071607
126,2023,0.0768804765111786
127,2008,0.27491689025824456
127,2009,0.2538545717085531
127,2010,0.24997068659266514
127,2011,0.26389882024069417
127,2012,0.261062536969614
127,2013,0.24548791188583444
127,2014,0.24401547889109756
127,2015,0.27772362637245857
127,2016,0.2821403720586239
127,2017,0.26735803985129747
127,2018,0.2869582944953659
127,2019,0.28191976426252446
127,2020,0.1122200985863105
127,2021,0.08145972042008438
127,2022,0.20552675213449434
127,2023,0.24085620052849144
129,2008,0.09604744601361224
129,2009,0.09086845498174571
129,2010,0.09643660624006845
129,2011,0.10820133804592513
129,2012,0.11724238010779571
129,2013,0.1217763352221913
129,2014,0.11814089220197804
129,2015,0.11100465573465294
129,2016,0.11399807836001687
129,2017,0.11543605192591466
129,2018,0.11580789154024218
129,2019,0.11072402229965748
129,2020,0.043400098921571276
129,2021,0.06643152790223601
129,2022,0.10533133478305028
129,2023,0.11154184888820275
130,2008,0.11378928794856068
130,2009,0.09396938602889134
130,2010,0.08695721639913005
130,2011,0.08373246123720203
130,2012,0.07971132233392136
130,2013,0.08246561859486587
130,2014,0.08027255367483746
130,2015,0.07958195805798045
130,2016,0.08155623563336709
130,2017,0.08479901622720926
130,2018,0.0858870419705712
130,2019,0.08830580044796621
130,2020,0.03335547702581761
130,2021,0.042991111850576066
130,2022,0.07506634838532433
130,2023,0.0755205283264914
131,2008,0.08339335338822923
131,2009,0.08594065037429215
131,2010,0.08509026355563865
131,2011,0.08191754852909443
131,2012,0.08082667721885729
131,2013,0.08178812586674153
131,2014,0.07941592067387379
131,2015,0.07879086158523962
131,2016,0.08126736281157203
131,2017,0.08317320142726634
131,2018,0.07087143281542284
131,2019,0.07476789428639234
131,2020,0.06320490643024752
131,2021,0.06621959292910629
131,2022,0.09112341484429057
131,2023,0.09898059112752654
132,2008,0.031954569472183086
132,2009,0.03356592676978861
132,2010,0.030608940507504786
132,2011,0.027842682077464837
132,2012,0.02707052430916016
132,2013,0.02656464555701007
132,2014,0.025610011473902888
132,2015,0.029801643754142546
132,2016,0.032680207292496315
132,2017,0.031992024670299005
132,2018,0.032664468988326076
132,2019,0.032234626658851157
132,2020,0.013129505049791532
132,2021,0.016780375921986616
132,2022,0.028316383477110667
132,2023,0.03256288471408721
133,2008,0.1174650474886004
133,2009,0.11440363934264469
133,2010,0.11141197893309462
133,2011,0.10892290432412254
133,2012,0.10838577946045155
133,2013,0.10764667805220038
133,2014,0.10946742436971076
133,2015,0.10441300987137817
133,2016,0.09822903554134763
133,2017,0.09673419230660785
133,2018,0.09611106786311958
133,2019,0.09336843035707014
133,2020,0.05260478147254012
133,2021,0.07298671598054222
133,2022,0.08699618080478734
133,2023,0.09348257060292664
134,2008,0.07167901557662366
134,2009,0.06135976414755003
134,2010,0.0652088122587819
134,2011,0.07293685904178797
134,2012,0.07357334929977778
134,2013,0.0808518869080368
134,2014,0.0920465744471035
134,2015,0.0878895945374048
134,2016,0.07871937184517885
134,2017,0.08198540587212158
134,2018,0.08479999767283157
134,2019,0.09635743568485725
134,2020,0.04891765575825891
134,2021,0.0706316068206857
134,2022,0.10103857173355293
134,2023,0.12631355416294177
135,2008,0.13106926315670353
135,2009,0.13082418307198265
135,2010,0.12776578013235873
135,2011,0.125757183759041
135,2012,0.126143046331466
135,2013,0.13669008986061754
135,2014,0.13374444626474524
135,2015,0.1374608308902668
135,2016,0.13666199020158268
135,2017,0.13535058634852482
135,2018,0.13707776308306108
135,2019,0.1385291675282473
135,2020,0.10415100889400149
135,2021,0.1175099347391666
135,2022,0.1378052567723746
135,2023,0.13736392988599797
136,2008,0.07220188130534921
136,2009,0.06683581018633716
136,2010,0.06291292595012102
136,2011,0.057035855186893296
136,2012,0.056214043551853624
136,2013,0.054987255030763404
136,2014,0.05344255791804547
136,2015,0.05068311100859831
136,2016,0.04930674104079333
136,2017,0.04759678850252239
136,2018,0.04765151366521565
136,2019,0.04634133032523755
136,2020,0.02097488823140409
136,2021,0.028781310290658876
136,2022,0.038376828204311104
136,2023,0.04270323182148557
137,2008,0.022109134656185952
137,2009,0.02237912742872094
137,2010,0.0222298859885047
137,2011,0.023498140537593856
137,2012,0.02390665638595958
137,2013,0.024430962868096637
137,2014,0.02581696676251001
137,2015,0.028702582037748173
137,2016,0.030880103789204295
137,2017,0.03246627977079349
137,2018,0.034665650131842
137,2019,0.03304844769748455
137,2020,0.013649941298236514
137,2021,0.01880147439883368
137,2022,0.027688426957690044
137,2023,0.029608212502667666
138,2008,0.07047921845146841
138,2009,0.06938103029448885
138,2010,0.06135004526661247
138,2011,0.05812384395750811
138,2012,0.05779025582346305
138,2013,0.060049651145840606
138,2014,0.06026358734777674
138,2015,0.0619609477080612
138,2016,0.06258755923461778
138,2017,0.06098165387656324
138,2018,0.05998835969123865
138,2019,0.060498307806545304
138,2020,0.02002487265451515
138,2021,0.033409288675354636
138,2022,0.047176889081119555
138,2023,0.049792470817634375
139,2008,0.10541386934348189
139,2009,0.1268748294207736
139,2010,0.09125242341120055
139,2011,0.10021534648385796
139,2012,0.09812606601343331
139,2013,0.15943168585590503
139,2014,0.17040515717478463
139,2015,0.1443569133085402
139,2016,0.12876072039040956
139,2017,0.15858527255450205
139,2018,0.15056030420108435
139,2019,0.1926894236861364
139,2020,0.1403219500558358
139,2021,0.1612154517792448
139,2022,0.12448250361976596
139,2023,0.12540074031713458
143,2008,0.11127327516337046
143,2009,0.11816211830564279
143,2010,0.12324684997962555
143,2011,0.13576091779814764
143,2012,0.1558232485683844
143,2013,0.16521590470997602
143,2014,0.18708766667161797
143,2015,0.20795606666545835
143,2016,0.24564115948189966
143,2017,0.2533090614175176
143,2018,0.24987277068673575
143,2019,0.2309939638445021
143,2020,0.09139933813424748
143,2021,0.13533696129481335
143,2022,0.20451111319199036
143,2023,0.23849539477384102
155,2008,0.05342560188867753
155,2009,0.05697943768672667
155,2010,0.04762536921447371
155,2011,0.07316036555053507
155,2012,0.079724777261851107
155,2013,0.0977899711214888
155,2014,0.08327052574467986
155,2015,0.08348917926124305
155,2016,0.1163577867633591
155,2017,0.09751177835913681
155,2018,0.09343760572122937
155,2019,0.10804789772100316
155,2020,0.09206221124788595
155,2021,0.02436254526168866
155,2022,0.027067801191589906
155,2023,0.08149911610471919
162,2008,0.12233368241378338
162,2009,0.11744825717543421
162,2010,0.11250741027254384
162,2011,0.11080180795552458
162,2012,0.1089297715279682
162,2013,0.10729433172920215
162,2014,0.10902316772589198
162,2015,0.11827935530929533
162,2016,0.11613395811407498
162,2017,0.11442664675529422
162,2018,0.11457431510620804
162,2019,0.11064698499661924
162,2020,0.08476007419158368
162,2021,0.06948794631631673
162,2022,0.08003460981449603
162,2023,0.09113274558078598
163,2008,0.05740211515232425
163,2009,0.051507531631082626
163,2010,0.052839600238731174
163,2011,0.05796042198621195
163,2012,0.05824658742655343
163,2013,0.05999284797501108
163,2014,0.05974974196242945
163,2015,0.05751506470251675
163,2016,0.05662712064186547
163,2017,0.05726415050138895
163,2018,0.05890137252512459
163,2019,0.05884900108660623
163,2020,0.029180697501751163
163,2021,0.044145939123078896
163,2022,0.055675161546245244
163,2023,0.05825603627822055
164,2008,0.1903331503666245
164,2009,0.17916563985601358
164,2010,0.17940814958360957
164,2011,0.16437526643355505
164,2012,0.1845802674418471
164,2013,0.20090037489811535
164,2014,0.2055544794930704
164,2015,0.19736174107592144
164,2016,0.2011276600139505
164,2017,0.215698037893428
164,2018,0.237188425933548
164,2019,0.24834381902160121
164,2020,0.13447663753567196
164,2021,0.16805747885065841
164,2022,0.23468455552753223
164,2023,0.26842708036874563
166,2008,0.1729268037676341
166,2009,0.17951680982116258
166,2010,0.16500766196848884
166,2011,0.15274429421607405
166,2012,0.15177062111389525
166,2013,0.15887301056088662
166,2014,0.17850426643814235
166,2015,0.185440879090184
166,2016,0.1947470793968261
166,2017,0.2048872078609788
166,2018,0.21395284339752718
166,2019,0.24419799432249423
166,2020,0.10214890920818623
166,2021,0.1561623503844922
166,2022,0.22261188672760676
166,2023,0.25188351431550987
167,2008,0.045982460196441574
167,2009,0.037709584670883485
167,2010,0.04895428631385034
167,2011,0.05217310010634319
167,2012,0.041029879534105564
167,2013,0.04239226203528419
167,2014,0.04543813972008673
167,2015,0.039667292515745405
167,2016,0.043342714527028
167,2017,0.04198522512052715
167,2018,0.02848135430444597
167,2019,0.046762841613759154
167,2020,0.022958266850282707
167,2021,0.024499182082877914
167,2022,0.02121684354732222
167,2023,0.02236582938854016
168,2008,0.02730971413189515
168,2009,0.022122240799558008
168,2010,0.020323881206056365
168,2011,0.021171803452295787
168,2012,0.021128698273228334
168,2013,0.022670986011630197
168,2014,0.023191853209551753
168,2015,0.02474370727070322
168,2016,0.03140170243392074
168,2017,0.024889822280445336
168,2018,0.02284951306195568
168,2019,0.019242834092167937
168,2020,0.01001405508001221
168,2021,0.010851195310972953
168,2022,0.01431493595151775
168,2023,0.015238419732754437
171,2008,0.04629163689854352
171,2009,0.04820065812336617
171,2010,0.045417063022543135
171,2011,0.04497065706634359
171,2012,0.0441696077269666
171,2013,0.0434117814128732
171,2014,0.04499825535767901
171,2015,0.046982621767635686
171,2016,0.04638509774021238
171,2017,0.04357655370380991
171,2018,0.04382459508516483
171,2019,0.04477091084644264
171,2020,0.030460670736485056
171,2021,0.039294733004203615
171,2022,0.04535974168990492
171,2023,0.04577924978349117
172,2008,0.039642203376092706
172,2009,0.03813250733103673
172,2010,0.0359428861201781
172,2011,0.03311247176695623
172,2012,0.030995833379007125
172,2013,0.029540155983127904
172,2014,0.02915841761343469
172,2015,0.027020863018968704
172,2016,0.029446330105151755
172,2017,0.030821486747698107
172,2018,0.028915445216708233
172,2019,0.028553142351661228
172,2020,0.01332235250012737
172,2021,0.013845976873996212
172,2022,0.02889676510921666
172,2023,0.032655674806166615
173,2008,0.0714523912280145
173,2009,0.07147153166156575
173,2010,0.07703569727738672
173,2011,0.09048857332586992
173,2012,0.09003876722862787
173,2013,0.08421015929098932
173,2014,0.08582277366242766
173,2015,0.08833068282010778
173,2016,0.0990348811028557
173,2017,0.11373323113009927
173,2018,0.10737770467217449
173,2019,0.10620441087909605
173,2020,0.06901860807039695
173,2021,0.07202192076973529
173,2022,0.09997868684177658
173,2023,0.11152342119431043
174,2008,0.06956265895331089
174,2009,0.06402952620388173
174,2010,0.06287784662624056
174,2011,0.06372398160403725
174,2012,0.06505236043029233
174,2013,0.06523605073940367
174,2014,0.06407438409328592
174,2015,0.06090203150716251
174,2016,0.06078840952983717
174,2017,0.06428110533690708
174,2018,0.06543778719352111
174,2019,0.0666633414566337
174,2020,0.04097283757608689
174,2021,0.04350202921951798
174,2022,0.05494073842089742
174,2023,0.06051377539996655
175,2008,0.04134263580075633
175,2009,0.04001132350631533
175,2010,0.040346971947599904
175,2011,0.04311574713564978
175,2012,0.04383997351159721
175,2013,0.04540074822826111
175,2014,0.04706013289819231
175,2015,0.048712093902549936
175,2016,0.05097350425807085
175,2017,0.053970635329047015
175,2018,0.05347356702760117
175,2019,0.052371785129784826
175,2020,0.03760283860273559
175,2021,0.03759091151466848
175,2022,0.046126356093841414
175,2023,0.049689555530915676
176,2008,0.10223871026874562
176,2009,0.10461176294234138
176,2010,0.10386979823233002
176,2011,0.10591456442255956
176,2012,0.10859477019361143
176,2013,0.11035039815964597
176,2014,0.11320374004026225
176,2015,0.1134848519882403
176,2016,0.11154599939975675
176,2017,0.11076447543760042
176,2018,0.11042325836309826
176,2019,0.10854808907602878
176,2020,0.047656959597034025
176,2021,0.04568282660602866
176,2022,0.09426756940527199
176,2023,0.10367566150132569
177,2008,0.07055032558072169
177,2009,0.08235957741277036
177,2010,0.0918876505585918
177,2011,0.0946826955279506
177,2012,0.09642852239015945
177,2013,0.09657551089025984
177,2014,0.0975274138435016
177,2015,0.09794896508537289
177,2016,0.09922203351645043
177,2017,0.1007924854866472
177,2018,0.1009249126497434
177,2019,0.09801752435457325
177,2020,0.06260387088139364
177,2021,0.061865174419110644
177,2022,0.08442695620773774
177,2023,0.08837783083082645
178,2008,0.037839975165985126
178,2009,0.03271839491380994
178,2010,0.027992223994404968
178,2011,0.03104662719750782
178,2012,0.03479556751657068
178,2013,0.03658453703466674
178,2014,0.03652462661841739
178,2015,0.03595244406671304
178,2016,0.0379909765575714
178,2017,0.039146157273215416
178,2018,0.04027280573121602
178,2019,0.040375325666495314
178,2020,0.019493439262104506
178,2021,0.021253025202503415
178,2022,0.033801446390872174
178,2023,0.03249703040578525
179,2008,0.06234819150732347
179,2009,0.060628443443617744
179,2010,0.059475581413481256
179,2011,0.06210559853826533
179,2012,0.061532406747699345
179,2013,0.06463353005383148
179,2014,0.0643080353632661
179,2015,0.06263810411582214
179,2016,0.06103815495845021
179,2017,0.06319778529274635
179,2018,0.0668989741447439
179,2019,0.06542701005419377
179,2020,0.045148055903622766
179,2021,0.04867459275074368
179,2022,0.06337179921384543
179,2023,0.06569015188987024
180,2008,0.061434542354316064
180,2009,0.06210698310382218
180,2010,0.060837300647419164
180,2011,0.06428673509812025
180,2012,0.0679912881431473
180,2013,0.06985361313587105
180,2014,0.06809047919464757
180,2015,0.07129149550831844
180,2016,0.06695129526845002
180,2017,0.06695365617627781
180,2018,0.0640215994278615
180,2019,0.07092164081799783
180,2020,0.029934706374723424
180,2021,0.024991778463178984
180,2022,0.04898046119633864
180,2023,0.06576008719070253
181,2008,0.04553339063148519
181,2009,0.046455836331830855
181,2010,0.04679242158072226
181,2011,0.04807025798498504
181,2012,0.04876781566946641
181,2013,0.05011639852211283
181,2014,0.050059511600360984
181,2015,0.043326309140548726
181,2016,0.047207659612699134
181,2017,0.046670699054749784
181,2018,0.04203453582008097
181,2019,0.04009713881857855
181,2020,0.01097425259954948
181,2021,0.011528438544974408
181,2022,0.027993920048566868
181,2023,0.03515329054092232
182,2008,0.08908089309994925
182,2009,0.08209331072024369
182,2010,0.08382545766976464
182,2011,0.08874193784447595
182,2012,0.09171781258667695
182,2013,0.09355785829518452
182,2014,0.09611137768635146
182,2015,0.09584694069212639
182,2016,0.09767781307441376
182,2017,0.10373677322178268
182,2018,0.10341802306920075
182,2019,0.1032982192978532
182,2020,0.04311408854790422
182,2021,0.06060139411856623
182,2022,0.09870572531294253
182,2023,0.10861825654345592
183,2008,0.0870287877771165
183,2009,0.08514610533908296
183,2010,0.09154592009602931
183,2011,0.0999731661992899
183,2012,0.10720855346623574
183,2013,0.11303254974649656
183,2014,0.12173322736021648
183,2015,0.12588352041032322
183,2016,0.129656789691904
183,2017,0.14548534035690502
183,2018,0.1509884856746438
183,2019,0.15589746903473412
183,2020,0.08604319051850018
183,2021,0.0998749533941965
183,2022,0.17569808930583777
183,2023,0.18968458691975146
184,2008,0.06776071805318874
184,2009,0.06491737776436535
184,2010,0.06484010341936869
184,2011,0.0692063440849678
184,2012,0.07044529950579097
184,2013,0.0718409582729425
184,2014,0.07283222016394772
184,2015,0.07383265435696572
184,2016,0.07369482022063356
184,2017,0.07482269774577639
184,2018,0.07478340151922767
184,2019,0.07526741740006593
184,2020,0.050359297153733974
184,2021,0.05640932225541147
184,2022,0.06996250535195575
184,2023,0.07296601783966943
186,2008,0.24765234554322704
186,2009,0.25817132730522613
186,2010,0.2550919273999977
186,2011,0.27453190084087886
186,2012,0.28659870513323016
186,2013,0.28016995047862814
186,2014,0.2815128619295096
186,2015,0.3245198559626555
186,2016,0.311137874301896
186,2017,0.31393114368761393
186,2018,0.30564343428561347
186,2019,0.30787881222906144
186,2020,0.07028757861940327
186,2021,0.21260348275056815
186,2022,0.24500171386313943
186,2023,0.2996328326450165
187,2008,0.18194707134534005
187,2009,0.1662379397274115
187,2010,0.16181555207322518
187,2011,0.17410733726027244
187,2012,0.19140425953984994
187,2013,0.17823508709103483
187,2014,0.19160962179997715
187,2015,0.20210793868656055
187,2016,0.21259900520714523
187,2017,0.2232652767454939
187,2018,0.21774285689997372
187,2019,0.22887332225569235
187,2020,0.12160216054019227
187,2021,0.18809408098803324
187,2022,0.22314032825654193
187,2023,0.22892136737192795
188,2008,0.0872305721152268
188,2009,0.09222911367311751
188,2010,0.09268844398290077
188,2011,0.09468874108306019
188,2012,0.09427978686226904
188,2013,0.09552026427463248
188,2014,0.09402313986905282
188,2015,0.09168549140495212
188,2016,0.09229145807135752
188,2017,0.09496559878612318
188,2018,0.09353090370026594
188,2019,0.09341020566911143
188,2020,0.05807060096621041
188,2021,0.0649757464748351
188,2022,0.08869434266344149
188,2023,0.08896019204167596
189,2008,0.06914232373737358
189,2009,0.06515277800907658
189,2010,0.062306969875620184
189,2011,0.0633504013678393
189,2012,0.0652426131272979
189,2013,0.06347543282072997
189,2014,0.06353426205960236
189,2015,0.06268899019540534
189,2016,0.06368220314516644
189,2017,0.06364918240447963
189,2018,0.06388784753502316
189,2019,0.0623291559851619
189,2020,0.027741295330876155
189,2021,0.031727615843610675
189,2022,0.04696129674449346
189,2023,0.05395326375613768
190,2008,0.023166415165784455
190,2009,0.02160469404215957
190,2010,0.02051683762659049
190,2011,0.0296017409434497
190,2012,0.038818091486741396
190,2013,0.04235357530880854
190,2014,0.05013033102080815
190,2015,0.08010252284403696
190,2016,0.0913258711140908
190,2017,0.09131186867404027
190,2018,0.08333427555825579
190,2019,0.09056981881588554
190,2020,0.058490602723970476
190,2021,0.05480984546319052
190,2022,0.06809984710748329
190,2023,0.11607010053001796
191,2008,0.01963846570480302
191,2009,0.021857220402588088
191,2010,0.020476707855158212
191,2011,0.020474013380900363
191,2012,0.026512902385429894
191,2013,0.026657733036777702
191,2014,0.027571713687766484
191,2015,0.0316286762683757
191,2016,0.030030060138037985
191,2017,0.027939148888760385
191,2018,0.03396895988685406
191,2019,0.03609456405989325
191,2020,0.016317656488080805
191,2021,0.017862814655401644
191,2022,0.02770103089095532
191,2023,0.033846662609972836
192,2008,0.02386341758342965
192,2009,0.028503503496351203
192,2010,0.02596292949780913
192,2011,0.019348666842173363
192,2012,0.021766970246866225
192,2013,0.024796339259480868
192,2014,0.025434654244674313
192,2015,0.03636472390076527
192,2016,0.038554948946522415
192,2017,0.036681530049819146
192,2018,0.028111903690883778
192,2019,0.02991486107744205
192,2020,0.0137665353424977
192,2021,0.018780802259481137
192,2022,0.024968967013007496
192,2023,0.033362423901437094
194,2008,0.03154214860146629
194,2009,0.0340007692402628
194,2010,0.03396213469664575
194,2011,0.042027080303153476
194,2012,0.04235997921522014
194,2013,0.042142347421974626
194,2014,0.0416523924796476
194,2015,0.04593383782868128
194,2016,0.043947507414925785
194,2017,0.04408530445867828
194,2018,0.045442223103417494
194,2019,0.031800028660861054
194,2020,0.02166830641313379
194,2021,0.02615300917470545
194,2022,0.028417307945604764
194,2023,0.028129968274786515
195,2008,0.05140962257422963
195,2009,0.047459960451492623
195,2010,0.047190902149859416
195,2011,0.047677162446999356
195,2012,0.05682870629795073
195,2013,0.06439908535530664
195,2014,0.0636727270136746
195,2015,0.0787547693910447
195,2016,0.07158173764147746
195,2017,0.0680090310808899
195,2018,0.07514734075064544
195,2019,0.06531926330449778
195,2020,0.03100779438049996
195,2021,0.033720011051625504
195,2022,0.03902008263450431
195,2023,0.04554000255883653
196,2008,0.009670103301354847
196,2009,0.007604557882521706
196,2010,0.006445304316702499
196,2011,0.006825669931732999
196,2012,0.007146331567356841
196,2013,0.0072516207018926875
196,2014,0.007034721424854221
196,2015,0.006756265713007178
196,2016,0.008209419563875454
196,2017,0.00892964039298759
196,2018,0.00776352743889657
196,2019,0.007027985401304966
196,2020,0.003936406902037283
196,2021,0.004630765188087304
196,2022,0.005729499432338579
196,2023,0.005857288306120534
197,2008,0.03911398006987292
197,2009,0.04236010862076624
197,2010,0.040672317666203314
197,2011,0.05234043906088957
197,2012,0.0556464357213887
197,2013,0.059363523370840617
197,2014,0.05980808399160259
197,2015,0.055454678313844555
197,2016,0.05403838195268754
197,2017,0.053379812152773556
197,2018,0.05885475425832228
197,2019,0.061081435853522124
197,2020,0.03735752265873148
197,2021,0.046300819259773765
197,2022,0.0557946921877756
197,2023,0.05188566749278282
198,2008,0.020366325758749887
198,2009,0.0233025026374212
198,2010,0.024063602871802908
198,2011,0.01660074196861839
198,2012,0.01784482400272196
198,2013,0.021365218931373893
198,2014,0.02116399359452806
198,2015,0.019840311613638292
198,2016,0.021293311937251973
198,2017,0.021705005012440257
198,2018,0.021160845933518687
198,2019,0.020821821891666686
198,2020,0.013384398767442336
198,2021,0.014096987506413779
198,2022,0.01591935289239803
198,2023,0.018056201061138175
199,2008,0.012270295623040354
199,2009,0.014790252486153907
199,2010,0.00941734381864419
199,2011,0.007702437712629569
199,2012,0.013282788715079692
199,2013,0.011321505155122157
199,2014,0.00971845298908384
199,2015,0.009339471540030215
199,2016,0.011190833561404705
199,2017,0.011155437915196981
199,2018,0.012294276542984308
199,2019,0.013020280585079364
199,2020,0.008683186967665714
199,2021,0.010407071938193757
199,2022,0.00941222308729242
199,2023,0.010844440750314242
200,2008,0.016390395368446272
200,2009,0.021478324948666194
200,2010,0.01955584232883874
200,2011,0.016708842669816263
200,2012,0.02193489315553584
200,2013,0.02361325652506905
200,2014,0.022496249266242902
200,2015,0.021936175836249266
200,2016,0.019279192317727897
200,2017,0.019775488352103025
200,2018,0.018016901279487563
200,2019,0.016966825868732608
200,2020,0.009583025531252155
200,2021,0.011082457430731808
200,2022,0.013080292066257531
200,2023,0.013944572405729676
202,2008,0.04934004626315911
202,2009,0.04338204755303
202,2010,0.04412632768756442
202,2011,0.04635296708818903
202,2012,0.04899172771180904
202,2013,0.04847604444852098
202,2014,0.04974183713579434
202,2015,0.05095254717583476
202,2016,0.05053312373364059
202,2017,0.049947125680141036
202,2018,0.053709400100068784
202,2019,0.05295653477878249
202,2020,0.019725027428297164
202,2021,0.028561747458692385
202,2022,0.04460792534215668
202,2023,0.05168771185462166
203,2008,0.0759449510324968
203,2009,0.07311021939825654
203,2010,0.06807137635396565
203,2011,0.06533555737563207
203,2012,0.06252320977932188
203,2013,0.05929573224972488
203,2014,0.05601256215386747
203,2015,0.05310572003994271
203,2016,0.053761768417719576
203,2017,0.0527770548278924
203,2018,0.052664147692843694
203,2019,0.053653597395330016
203,2020,0.033464517832590863
203,2021,0.0262043567447118
203,2022,0.04507198421068879
203,2023,0.04842162963071112
204,2008,0.023872884131946027
204,2009,0.022520990325741206
204,2010,0.02379205164971259
204,2011,0.022628734102334833
204,2012,0.025461290385161064
204,2013,0.02755581029969309
204,2014,0.02917226447941487
204,2015,0.02978706498963723
204,2016,0.02975806641235605
204,2017,0.030128526567601184
204,2018,0.02934224809824171
204,2019,0.027027472208781853
204,2020,0.01610832265371918
204,2021,0.01878589759654029
204,2022,0.024406410963889853
204,2023,0.024714416294341658
205,2008,0.021172084814076
205,2009,0.016776152635903784
205,2010,0.014834366719581948
205,2011,0.01571211763326477
205,2012,0.022334008842194122
205,2013,0.02323973012210751
205,2014,0.03102799531126516
205,2015,0.03863846115129688
205,2016,0.04376126148640935
205,2017,0.039661873321705406
205,2018,0.031983226057020746
205,2019,0.04135400440044835
205,2020,0.007941253233503198
205,2021,0.005992277168335506
205,2022,0.010293802356945934
205,2023,0.023852612544199552
206,2008,0.07608812877476481
206,2009,0.08447835174948186
206,2010,0.08412994709342463
206,2011,0.0847696725649642
206,2012,0.08449718658099847
206,2013,0.09049575319767292
206,2014,0.09346924946729297
206,2015,0.08896547388764177
206,2016,0.091631588198946
206,2017,0.09065449996045308
206,2018,0.09103785524379734
206,2019,0.09418646117012389
206,2020,0.028746280182050197
206,2021,0.008952898134899523
206,2022,0.04018286413735269
206,2023,0.06760083897771398
207,2008,0.05143350852956461
207,2009,0.042479431848547224
207,2010,0.05060194837447801
207,2011,0.05101236563582526
207,2012,0.05295839553983608
207,2013,0.0521152329890022
207,2014,0.051286174619072394
207,2015,0.05366398052341762
207,2016,0.05562379129241428
207,2017,0.05902989104180911
207,2018,0.06038737752410902
207,2019,0.06663998078043488
207,2020,0.03191043481020474
207,2021,0.027154343756716794
207,2022,0.044983902373087276
207,2023,0.05313772765138966
208,2008,0.11610591349204787
208,2009,0.10222485211240954
208,2010,0.1132769497514747
208,2011,0.12076595203596968
208,2012,0.12111520064013462
208,2013,0.12088383637191137
208,2014,0.12101223493075104
208,2015,0.1109950470744861
208,2016,0.11732789897121686
208,2017,0.11422559594548619
208,2018,0.10787507138693478
208,2019,0.1078117868985337
208,2020,0.04300685820740612
208,2021,0.0341851083616743
208,2022,0.05673865983207829
208,2023,0.08370536728319238
209,2008,0.03943501281097566
209,2009,0.039035424151688626
209,2010,0.04113202301128464
209,2011,0.04730384986139474
209,2012,0.04846654323431407
209,2013,0.04969202207104433
209,2014,0.05070247767109983
209,2015,0.05093368864134144
209,2016,0.052705976659757015
209,2017,0.05366254437975414
209,2018,0.05390353420621459
209,2019,0.055337784911781505
209,2020,0.019755028108781506
209,2021,0.02221779840445869
209,2022,0.01613336704522132
209,2023,0.03664770500049326
210,2008,0.03495271673636351
210,2009,0.033944136855391355
210,2010,0.030668648385704912
210,2011,0.02980833472316818
210,2012,0.029732011908878597
210,2013,0.030640700084026352
210,2014,0.02850072398616251
210,2015,0.03125023670517642
210,2016,0.0318925226218997
210,2017,0.03225976065151692
210,2018,0.03232369240451007
210,2019,0.03424598265761325
210,2020,0.01386715370809429
210,2021,0.011545350498595864
210,2022,0.02250484502503022
210,2023,0.03181952514667528
212,2008,0.11787304575349614
212,2009,0.13653284552345143
212,2010,0.1274868220664792
212,2011,0.13806630364248304
212,2012,0.1343970500499794
212,2013,0.12483872295970933
212,2014,0.11668723952347679
212,2015,0.10733426420286125
212,2016,0.09786816463505814
212,2017,0.10468889317630792
212,2018,0.0931868327339994
212,2019,0.09098479534170043
212,2020,0.05493576364049861
212,2021,0.05906605757138524
212,2022,0.07001714296278091
212,2023,0.08178804490966543
214,2008,0.05289070799961073
214,2009,0.047205436028114604
214,2010,0.04716860472469247
214,2011,0.03404803838243902
214,2012,0.03542368609729317
214,2013,0.0272629468504033
214,2014,0.029653225897105524
214,2015,0.02762870505429108
214,2016,0.022293323966857598
214,2017,0.03613425314759615
214,2018,0.0400974778021012
214,2019,0.037703604150130826
214,2020,0.01667513092652105
214,2021,0.024593696760425963
214,2022,0.03187537764395259
214,2023,0.0385082217454724
215,2008,0.14832861952937976
215,2009,0.13273254108239085
215,2010,0.15092941596930484
215,2011,0.1389524193642594
215,2012,0.15023300886978763
215,2013,0.13744601341740315
215,2014,0.14051492586044836
215,2015,0.11986284349105646
215,2016,0.1126449787291814
215,2017,0.12050596704684995
215,2018,0.12964378727223763
215,2019,0.1378738766430805
215,2020,0.032936505097513315
215,2021,0.06639629032394427
215,2022,0.1315026823270705
215,2023,0.15257481578320303
216,2008,0.03322270083825877
216,2009,0.029844310634951167
216,2010,0.02863754021683355
216,2011,0.0274383004188302
216,2012,0.02713557015606475
216,2013,0.0266878152666457
216,2014,0.02960740171254118
216,2015,0.029649431935541197
216,2016,0.028237832964463732
216,2017,0.027917993005453678
216,2018,0.029418502736889993
216,2019,0.029009443431308946
216,2020,0.009457943410083524
216,2021,0.007816767684280274
216,2022,0.018220754773503225
216,2023,0.023257234702978816
218,2008,0.039937509075410584
218,2009,0.040290010932365186
218,2010,0.04053859726245284
218,2011,0.04047351298288566
218,2012,0.04087472906308576
218,2013,0.040387044603975915
218,2014,0.04030036354115638
218,2015,0.04153988150795236
218,2016,0.042620553724757836
218,2017,0.04292773724329912
218,2018,0.04377772583100551
218,2019,0.04413549113276075
218,2020,0.02246425237780861
218,2021,0.02199178561656862
218,2022,0.03291862251872786
218,2023,0.037544175225794486
220,2008,0.09686985228697582
220,2009,0.09170284872055487
220,2010,0.09239481188655882
220,2011,0.10235665131290256
220,2012,0.11866012335574064
220,2013,0.12804600833027885
220,2014,0.12842426369363286
220,2015,0.11370809765974879
220,2016,0.10316868533392279
220,2017,0.1005364914560922
220,2018,0.11021953144931086
220,2019,0.1093400982963266
220,2020,0.05414251432074877
220,2021,0.09134911775144838
220,2022,0.13707799849761065
220,2023,0.1317637096110124
222,2008,0.06280350684147794
222,2009,0.06470367064001735
222,2010,0.059150281845329264
222,2011,0.06009473138986598
222,2012,0.061430225910514544
222,2013,0.05807105206196727
222,2014,0.056535159504599586
222,2015,0.054750469451045634
222,2016,0.05553634529883448
222,2017,0.05246535166965212
222,2018,0.053121521576568534
222,2019,0.051832402625151604
222,2020,0.03524625294245141
222,2021,0.03899248626871424
222,2022,0.049706251734685486
222,2023,0.0512875158940778
223,2008,0.03948021879614615
223,2009,0.04170632738098923
223,2010,0.040119064473237834
223,2011,0.03943475296043785
223,2012,0.039665526140307085
223,2013,0.04094171750497752
223,2014,0.04241811827825844
223,2015,0.044613683268596785
223,2016,0.04688866221839705
223,2017,0.04540268194746934
223,2018,0.0450595263998814
223,2019,0.047138683417862155
223,2020,0.03219150551589304
223,2021,0.029644342510238307
223,2022,0.03774022382372142
223,2023,0.04224731955841886
224,2008,0.05958898741645263
224,2009,0.05650475338814847
224,2010,0.051467077953097504
224,2011,0.05614280554709001
224,2012,0.05950774306128127
224,2013,0.06050580838273294
224,2014,0.0603779860498587
224,2015,0.06197926996429158
224,2016,0.06259576260951553
224,2017,0.06237641338796251
224,2018,0.06052309595719905
224,2019,0.05974628079563734
224,2020,0.03836264520312003
224,2021,0.04096158719408219
224,2022,0.05423577936934232
224,2023,0.05794293317643457
232,2008,0.08376312134397636
232,2009,0.07744300552333756
232,2010,0.07190185181148065
232,2011,0.0728959309416588
232,2012,0.06592623860325378
232,2013,0.06794478326207534
232,2014,0.06828461093531613
232,2015,0.07707904370634021
232,2016,0.07996809659009371
232,2017,0.08570864409743692
232,2018,0.09093091287911921
232,2019,0.09966734102412461
232,2020,0.040295155135662876
232,2021,0.07412705568729144
232,2022,0.0979899923669401
232,2023,0.10829499463880556
244,2008,0.03938520563575477
244,2009,0.03748356601071114
244,2010,0.0389428758321108
244,2011,0.04489785513034232
244,2012,0.05295779581152394
244,2013,0.058263834136177264
244,2014,0.05974024297757283
244,2015,0.05270907672679334
244,2016,0.04880749938127531
244,2017,0.0445468425601398
244,2018,0.04646624847679153
244,2019,0.05284412178009491
244,2020,0.02781027443280623
244,2021,0.0470988217186964
244,2022,0.07190544445581216
244,2023,0.06885113953844083
247,2008,0.03437398446013368
247,2009,0.04475222479710721
247,2010,0.03824540052424809
247,2011,0.0314995173336757
247,2012,0.029052071664172032
247,2013,0.026719268220681356
247,2014,0.023975520544544934
247,2015,0.038069419743773945
247,2016,0.04158128318900092
247,2017,0.04298622312268595
247,2018,0.04132503284121073
247,2019,0.04215334338092251
247,2020,0.0166623924303258
247,2021,0.019044602506102334
247,2022,0.02368884141938562
247,2023,0.0344171408131714
250,2008,0.412407518893468
250,2009,0.4247076230436826
250,2010,0.4539981725336112
250,2011,0.447177531916994
250,2012,0.4667746951846055
250,2013,0.47519530729599857
250,2014,0.5012530075213991
250,2015,0.4830730610641472
250,2016,0.509625865839196
250,2017,0.518997176810532
250,2018,0.5351333165498409
250,2019,0.5345428675071617
250,2020,0.37093351161739646
250,2021,0.5221010561921546
250,2022,0.600225405086016
250,2023,0.6391173549944552
