rgn_id,rgn_name,year,livelihood
6,Vanuatu,2013,1
6,Vanuatu,2014,0.9122959498940824
6,Vanuatu,2015,0.8555401360795192
6,Vanuatu,2016,0.910306402254106
6,Vanuatu,2017,0.9330968188723356
6,Vanuatu,2018,0.9280678103972626
6,Vanuatu,2019,0.7758701571615919
6,Vanuatu,2020,0.5041941531338638
6,Vanuatu,2021,0.5224172474695585
6,Vanuatu,2022,0.555445191811454
6,Vanuatu,2023,0.5598244831489112
7,Solomon Islands,2013,0.9883159294581921
7,Solomon Islands,2014,0.9069004946400647
7,Solomon Islands,2015,0.9151443408974116
7,Solomon Islands,2016,0.9790903225676835
7,Solomon Islands,2017,0.891958458068496
7,Solomon Islands,2018,1
7,Solomon Islands,2019,0.892133363453291
7,Solomon Islands,2020,0.6709478518082506
7,Solomon Islands,2021,0.6828416867618875
7,Solomon Islands,2022,0.7209347661999113
7,Solomon Islands,2023,0.733649023168294
14,Taiwan,2013,0.8400804238542607
14,Taiwan,2014,0.8914468084727837
14,Taiwan,2015,0.8376771228903018
14,Taiwan,2016,0.7242674425507638
14,Taiwan,2017,0.7857092054225185
14,Taiwan,2018,0.8501110461987609
14,Taiwan,2019,0.900637384271884
14,Taiwan,2020,0.8179670176418514
14,Taiwan,2021,0.8331579723215217
14,Taiwan,2022,0.9528593046618435
14,Taiwan,2023,1
15,Philippines,2013,0.7062002859868358
15,Philippines,2014,0.7059714595884142
15,Philippines,2015,0.7377655247255229
15,Philippines,2016,0.8005542856184037
15,Philippines,2017,0.8351228050759901
15,Philippines,2018,0.863906129340241
15,Philippines,2019,0.9761756675511326
15,Philippines,2020,0.37180949501143346
15,Philippines,2021,0.41954706118966467
15,Philippines,2022,0.773427573861495
15,Philippines,2023,1
16,Australia,2013,0.6473026785501125
16,Australia,2014,0.66321459923763
16,Australia,2015,0.6713881058737021
16,Australia,2016,0.7295621205539874
16,Australia,2017,0.7691653773119099
16,Australia,2018,0.8066607831244387
16,Australia,2019,0.8036498222428505
16,Australia,2020,0.6674574704067217
16,Australia,2021,0.6780462716151686
16,Australia,2022,0.9601848869755282
16,Australia,2023,1
17,Papua New Guinea,2013,1
17,Papua New Guinea,2014,0.9252052772905479
17,Papua New Guinea,2015,0.6118111081022096
17,Papua New Guinea,2016,0.6046207141658647
17,Papua New Guinea,2017,0.6734893838807059
17,Papua New Guinea,2018,0.7058748505032173
17,Papua New Guinea,2019,0.6411515686679248
17,Papua New Guinea,2020,0.54194855836324
17,Papua New Guinea,2021,0.5534888779029105
17,Papua New Guinea,2022,0.7434143788702571
17,Papua New Guinea,2023,0.7885559462568097
18,Fiji,2013,0.9456234227623697
18,Fiji,2014,0.9942027472825294
18,Fiji,2015,0.9241784758865051
18,Fiji,2016,0.9732187768146559
18,Fiji,2017,0.972937259107139
18,Fiji,2018,1
18,Fiji,2019,0.9889151387714076
18,Fiji,2020,0.6627825069661875
18,Fiji,2021,0.715835209652487
18,Fiji,2022,0.8495743883670956
18,Fiji,2023,0.941770012187439
20,South Korea,2013,0.6554544501992224
20,South Korea,2014,0.655273409725336
20,South Korea,2015,0.639633648333913
20,South Korea,2016,0.7004241213875237
20,South Korea,2017,0.7166764520593578
20,South Korea,2018,0.832453885553688
20,South Korea,2019,0.9279719033587012
20,South Korea,2020,0.8079936195697357
20,South Korea,2021,0.8814487232570593
20,South Korea,2022,0.9614286533358543
20,South Korea,2023,1
24,Cambodia,2013,0.44798193794560015
24,Cambodia,2014,0.5498782442818017
24,Cambodia,2015,0.5436975786145571
24,Cambodia,2016,0.6001089546472292
24,Cambodia,2017,0.7133784910777848
24,Cambodia,2018,0.8541407477716831
24,Cambodia,2019,0.9676417793737807
24,Cambodia,2020,0.6482720778003902
24,Cambodia,2021,0.8001951349828048
24,Cambodia,2022,0.8938910330363447
24,Cambodia,2023,1
25,Thailand,2013,0.5161530371301176
25,Thailand,2014,0.6100461399443866
25,Thailand,2015,0.4901098407358947
25,Thailand,2016,0.6559769305311932
25,Thailand,2017,0.6955345022992547
25,Thailand,2018,0.7606245941985973
25,Thailand,2019,0.7716997172246982
25,Thailand,2020,0.7703073060583654
25,Thailand,2021,0.8606150511920575
25,Thailand,2022,0.9493509446541928
25,Thailand,2023,1
28,Comoro Islands,2013,0.8353166447188136
28,Comoro Islands,2014,0.937233209477561
28,Comoro Islands,2015,0.9234341248583122
28,Comoro Islands,2016,0.9006382017724739
28,Comoro Islands,2017,0.9665403560390257
28,Comoro Islands,2018,1
28,Comoro Islands,2019,0.9801204663996271
28,Comoro Islands,2020,0.6890555420068506
28,Comoro Islands,2021,0.8815962310417067
28,Comoro Islands,2022,0.88686772255255
28,Comoro Islands,2023,0.9114003015124031
31,Seychelles,2013,0.6170903074818113
31,Seychelles,2014,0.5113297925839374
31,Seychelles,2015,1
31,Seychelles,2016,0.8404596458297876
31,Seychelles,2017,0.8455676104973685
31,Seychelles,2018,0.8379217842074047
31,Seychelles,2019,0.8980957940128678
31,Seychelles,2020,0.5833666560598365
31,Seychelles,2021,0.677378900952359
31,Seychelles,2022,0.7387093815782548
31,Seychelles,2023,0.7529178325086724
32,Reunion,2013,0.8330415333132638
32,Reunion,2014,0.8667687873993526
32,Reunion,2015,0.8815875024339814
32,Reunion,2016,0.8809309017409622
32,Reunion,2017,0.9006825058880342
32,Reunion,2018,0.9623530275853511
32,Reunion,2019,1
32,Reunion,2020,0.7925161899692237
32,Reunion,2021,0.882433409152637
32,Reunion,2022,0.9357920513897352
32,Reunion,2023,0.9343612525007514
37,Mauritius,2013,0.6672339669882656
37,Mauritius,2014,0.6268207772860029
37,Mauritius,2015,0.8053265788463224
37,Mauritius,2016,0.877101780184822
37,Mauritius,2017,0.8464522817464105
37,Mauritius,2018,1
37,Mauritius,2019,0.941386613164279
37,Mauritius,2020,0.4177751623668097
37,Mauritius,2021,0.5828634288671165
37,Mauritius,2022,0.615172039282316
37,Mauritius,2023,0.622731847874062
39,Maldives,2013,0.9799390971434776
39,Maldives,2014,1
39,Maldives,2015,0.8415334493183748
39,Maldives,2016,0.7192137646933215
39,Maldives,2017,0.654699555411946
39,Maldives,2018,0.6412696687829765
39,Maldives,2019,0.5943883834204552
39,Maldives,2020,0.41630198551635
39,Maldives,2021,0.6543616793561512
39,Maldives,2022,0.6991522415384409
39,Maldives,2023,0.7212415957647557
40,Sri Lanka,2013,0.4922014639082292
40,Sri Lanka,2014,0.5837771439678694
40,Sri Lanka,2015,0.6188642429511079
40,Sri Lanka,2016,0.7705468257576997
40,Sri Lanka,2017,0.9804615681475167
40,Sri Lanka,2018,0.8731921059171323
40,Sri Lanka,2019,1
40,Sri Lanka,2020,0.7410732452272368
40,Sri Lanka,2021,0.6428174252994562
40,Sri Lanka,2022,0.6018787686886834
40,Sri Lanka,2023,0.6139749916317317
41,Mozambique,2013,1
41,Mozambique,2014,0.949508151728014
41,Mozambique,2015,0.8856088103872226
41,Mozambique,2016,0.7434691536438657
41,Mozambique,2017,0.6786995368301311
41,Mozambique,2018,0.7647749263193739
41,Mozambique,2019,0.7958665611357285
41,Mozambique,2020,0.599204345410412
41,Mozambique,2021,0.6699039592094647
41,Mozambique,2022,0.6353720740300739
41,Mozambique,2023,0.6292293328526176
42,Madagascar,2013,1
42,Madagascar,2014,0.7066365257979522
42,Madagascar,2015,0.3310697259674791
42,Madagascar,2016,0.3821292810812901
42,Madagascar,2017,0.3418378117621797
42,Madagascar,2018,0.34810072944795384
42,Madagascar,2019,0.35188207778556974
42,Madagascar,2020,0.26063724123951526
42,Madagascar,2021,0.2747018287242171
42,Madagascar,2022,0.2900131751554443
42,Madagascar,2023,0.28718018747567653
43,Kenya,2013,0.8980170671008135
43,Kenya,2014,0.9032808720334269
43,Kenya,2015,0.8625671308131727
43,Kenya,2016,0.8154818809796025
43,Kenya,2017,0.8187053874846671
43,Kenya,2018,0.8705402401057739
43,Kenya,2019,1
43,Kenya,2020,0.7975779872718919
43,Kenya,2021,0.8610919720349766
43,Kenya,2022,0.9060796863934656
43,Kenya,2023,0.9629857427859418
47,Yemen,2013,0.9729423490711776
47,Yemen,2014,1
47,Yemen,2015,0.698686281335071
47,Yemen,2016,0.7124511864466099
47,Yemen,2017,0.4441699053307728
47,Yemen,2018,0.31021805486849796
47,Yemen,2019,0.28477827518179166
47,Yemen,2020,0.23265417369000602
47,Yemen,2021,0.24083767368620357
47,Yemen,2022,0.2609681801966934
47,Yemen,2023,0.2676594189446491
48,Oman,2013,0.8709259972768992
48,Oman,2014,0.9147267915124305
48,Oman,2015,0.9964784710719833
48,Oman,2016,1
48,Oman,2017,0.9156031740733271
48,Oman,2018,0.951833430041181
48,Oman,2019,0.7916018952210775
48,Oman,2020,0.7959350880868651
48,Oman,2021,0.6544979374671303
48,Oman,2022,0.8533111392473306
48,Oman,2023,0.9065298956707734
49,Sudan,2013,0.30091254166947573
49,Sudan,2014,0.371464682264265
49,Sudan,2015,0.3397016920931318
49,Sudan,2016,0.40350797838151264
49,Sudan,2017,0.4348331174244015
49,Sudan,2018,0.7465795522318459
49,Sudan,2019,0.8733133567459758
49,Sudan,2020,0.7480088284305061
49,Sudan,2021,0.8690107151050838
49,Sudan,2022,0.9721372815820462
49,Sudan,2023,1
50,Saudi Arabia,2013,0.6383599193685456
50,Saudi Arabia,2014,0.6723917418730552
50,Saudi Arabia,2015,0.7190445673988172
50,Saudi Arabia,2016,0.7758958278663912
50,Saudi Arabia,2017,0.7433289147984719
50,Saudi Arabia,2018,0.8903863146187252
50,Saudi Arabia,2019,0.9028257605267246
50,Saudi Arabia,2020,0.6428865275272835
50,Saudi Arabia,2021,0.7198790316644532
50,Saudi Arabia,2022,0.8932183540359109
50,Saudi Arabia,2023,1
51,Kuwait,2013,0.6635411111805656
51,Kuwait,2014,0.7941385523626964
51,Kuwait,2015,1
51,Kuwait,2016,0.9256102094009102
51,Kuwait,2017,0.822821577549376
51,Kuwait,2018,0.7750330593422478
51,Kuwait,2019,0.8051076204724619
51,Kuwait,2020,0.790815005222374
51,Kuwait,2021,0.8222172701399099
51,Kuwait,2022,0.8797456948137093
51,Kuwait,2023,0.8916624942245146
52,Bahrain,2013,0.8068583967768316
52,Bahrain,2014,0.886208739932079
52,Bahrain,2015,1
52,Bahrain,2016,0.9632557151171837
52,Bahrain,2017,0.9221936532579693
52,Bahrain,2018,0.9179505720836372
52,Bahrain,2019,0.9076053478486155
52,Bahrain,2020,0.7892555003549677
52,Bahrain,2021,0.7391018247338166
52,Bahrain,2022,0.8652033374851116
52,Bahrain,2023,0.9839930729932262
53,Pakistan,2013,0.3933130837067987
53,Pakistan,2014,0.5116506989679586
53,Pakistan,2015,0.6859222991626879
53,Pakistan,2016,0.6661035018911052
53,Pakistan,2017,1
53,Pakistan,2018,0.9026214219599744
53,Pakistan,2019,0.9151798496834986
53,Pakistan,2020,0.7333046661913251
53,Pakistan,2021,0.7476064533806162
53,Pakistan,2022,0.8470513258036504
53,Pakistan,2023,0.8782577156864548
54,United Arab Emirates,2013,0.6376211178913586
54,United Arab Emirates,2014,0.6356415913463238
54,United Arab Emirates,2015,0.6425759232179779
54,United Arab Emirates,2016,0.6093576587378452
54,United Arab Emirates,2017,0.5783376822969877
54,United Arab Emirates,2018,0.9313138637284561
54,United Arab Emirates,2019,0.9985572011274565
54,United Arab Emirates,2020,0.8457077472630726
54,United Arab Emirates,2021,0.9492285781169754
54,United Arab Emirates,2022,1
54,United Arab Emirates,2023,0.9675337977932961
56,Cape Verde,2013,0.7395886765046471
56,Cape Verde,2014,0.7717533503737748
56,Cape Verde,2015,0.7641031452988221
56,Cape Verde,2016,0.8063135570431067
56,Cape Verde,2017,0.8652276953288249
56,Cape Verde,2018,0.9911863107471371
56,Cape Verde,2019,1
56,Cape Verde,2020,0.5742184935627066
56,Cape Verde,2021,0.5682575403807288
56,Cape Verde,2022,0.7221399765502965
56,Cape Verde,2023,0.8054457706298291
59,Belgium,2013,0.732717962097625
59,Belgium,2014,0.7620094909723149
59,Belgium,2015,0.689244794451874
59,Belgium,2016,0.7058013389122624
59,Belgium,2017,0.7356923697021387
59,Belgium,2018,0.7921405519384168
59,Belgium,2019,0.8653090637360786
59,Belgium,2020,0.8578087110766789
59,Belgium,2021,0.9016216746350485
59,Belgium,2022,0.8070049437482772
59,Belgium,2023,1
61,Tunisia,2013,0.831553559076174
61,Tunisia,2014,0.8677617000669013
61,Tunisia,2015,0.6951001822638516
61,Tunisia,2016,0.6934055384552423
61,Tunisia,2017,0.7447461613454553
61,Tunisia,2018,0.8659257784564014
61,Tunisia,2019,0.9726660297328589
61,Tunisia,2020,0.7425111844712934
61,Tunisia,2021,0.8122054408144892
61,Tunisia,2022,0.9336180594858934
61,Tunisia,2023,1
62,Morocco,2013,1
62,Morocco,2014,0.9701625538387311
62,Morocco,2015,0.8765084247656577
62,Morocco,2016,0.9032070432365238
62,Morocco,2017,0.8682801786290106
62,Morocco,2018,0.9007027641291329
62,Morocco,2019,0.9230267010007633
62,Morocco,2020,0.8219401616825768
62,Morocco,2021,0.7923012368943609
62,Morocco,2022,0.8781580548535476
62,Morocco,2023,0.9536165872693597
65,Gambia,2013,0.777938905606149
65,Gambia,2014,0.9745934976019569
65,Gambia,2015,0.8314042885845319
65,Gambia,2016,0.8045006897788737
65,Gambia,2017,0.9105373068140685
65,Gambia,2018,1
65,Gambia,2019,0.9375672445737515
65,Gambia,2020,0.7964108410581583
65,Gambia,2021,0.8038773628238729
65,Gambia,2022,0.8869393389670466
65,Gambia,2023,0.9114681041775766
66,Senegal,2013,0.7142701198384498
66,Senegal,2014,0.6200589972477758
66,Senegal,2015,0.5535280364775576
66,Senegal,2016,0.4648562390554256
66,Senegal,2017,0.4516697215278212
66,Senegal,2018,0.36492795713818327
66,Senegal,2019,0.30839567365491444
66,Senegal,2020,0.4286909966594133
66,Senegal,2021,0.6228258469193746
66,Senegal,2022,0.9425942156396063
66,Senegal,2023,1
67,Libya,2013,0.5707642780735759
67,Libya,2014,1
67,Libya,2015,0.6511322857828429
67,Libya,2016,0.5573348075246246
67,Libya,2017,0.3086786643902737
67,Libya,2018,0.2234948187888843
67,Libya,2019,0.20606364923857018
67,Libya,2020,0.14436373401426633
67,Libya,2021,0.17158481138531287
67,Libya,2022,0.19026719859367278
67,Libya,2023,0.19353161376934494
68,Malta,2013,0.833613206051757
68,Malta,2014,0.9315893294351011
68,Malta,2015,0.8467553886464811
68,Malta,2016,0.9077551110425371
68,Malta,2017,0.9930926337677973
68,Malta,2018,0.9784499372980171
68,Malta,2019,1
68,Malta,2020,0.7254360862765243
68,Malta,2021,0.7890749424674505
68,Malta,2022,0.780453165570712
68,Malta,2023,0.8497108118790204
69,Latvia,2013,0.4219876388524924
69,Latvia,2014,0.5363298159246805
69,Latvia,2015,0.5722107410904671
69,Latvia,2016,0.6960635093566955
69,Latvia,2017,0.5729133812369597
69,Latvia,2018,0.638818952144603
69,Latvia,2019,0.7102476641483092
69,Latvia,2020,0.6651557104923035
69,Latvia,2021,0.7893869807574185
69,Latvia,2022,0.9635464972722286
69,Latvia,2023,1
70,Estonia,2013,0.7401924020374695
70,Estonia,2014,0.6937998705383497
70,Estonia,2015,0.7868685376095248
70,Estonia,2016,0.8409529827812532
70,Estonia,2017,0.8639504802112002
70,Estonia,2018,0.9015030599208919
70,Estonia,2019,1
70,Estonia,2020,0.961117910469762
70,Estonia,2021,0.7538554491423495
70,Estonia,2022,0.638764371263334
70,Estonia,2023,0.8364547839442427
71,Bulgaria,2013,0.29924531536577875
71,Bulgaria,2014,0.3815414459695585
71,Bulgaria,2015,0.6009723410227203
71,Bulgaria,2016,0.6112000506043036
71,Bulgaria,2017,0.7589523396785696
71,Bulgaria,2018,0.6571478509509907
71,Bulgaria,2019,0.9005001081073568
71,Bulgaria,2020,0.8089846442563436
71,Bulgaria,2021,0.6293982527882441
71,Bulgaria,2022,1
71,Bulgaria,2023,0.9730635353794855
72,Romania,2013,0.15447937491423103
72,Romania,2014,0.16639120855081016
72,Romania,2015,0.30147200042804884
72,Romania,2016,0.2898870924935543
72,Romania,2017,0.34868066405931736
72,Romania,2018,0.41259732857976955
72,Romania,2019,0.7031106256553045
72,Romania,2020,0.651288292318031
72,Romania,2021,0.5358891488140346
72,Romania,2022,0.7139423875329037
72,Romania,2023,1
73,Russia,2013,0.624597087565016
73,Russia,2014,0.6015280837771185
73,Russia,2015,0.5892915462653258
73,Russia,2016,0.642613974764897
73,Russia,2017,0.6409872541271533
73,Russia,2018,0.709020227546692
73,Russia,2019,0.7971790312899256
73,Russia,2020,0.8668888518937887
73,Russia,2021,1
73,Russia,2022,0.8474958193068156
73,Russia,2023,0.9000508326581801
74,Georgia,2013,0.5170237177949213
74,Georgia,2014,0.5976340470740166
74,Georgia,2015,0.7628684908739282
74,Georgia,2016,0.9073363748899631
74,Georgia,2017,0.6689981769486677
74,Georgia,2018,0.638448963164281
74,Georgia,2019,0.8336489194671272
74,Georgia,2020,0.3373492986056869
74,Georgia,2021,0.5297125379601341
74,Georgia,2022,0.732662606274028
74,Georgia,2023,1
75,Ukraine,2013,0.8533988458571244
75,Ukraine,2014,0.5831295304471688
75,Ukraine,2015,0.41147902163158134
75,Ukraine,2016,0.44013010047209067
75,Ukraine,2017,0.5552188046459977
75,Ukraine,2018,0.628645281830005
75,Ukraine,2019,0.7808834940234822
75,Ukraine,2020,0.7858677406399741
75,Ukraine,2021,1
75,Ukraine,2022,0.2601514065230902
75,Ukraine,2023,0.3029894553779172
76,Turkey,2013,0.48528723133623486
76,Turkey,2014,0.5608974174536607
76,Turkey,2015,0.5398092188696458
76,Turkey,2016,0.4646765144550548
76,Turkey,2017,0.4731718142487824
76,Turkey,2018,0.5100238576886283
76,Turkey,2019,0.6193270858039803
76,Turkey,2020,0.5296006407535196
76,Turkey,2021,0.5097114694244133
76,Turkey,2022,0.7554611729988102
76,Turkey,2023,1
77,Syria,2013,0.7403167174157921
77,Syria,2014,0.8354705181260995
77,Syria,2015,0.8152268899116452
77,Syria,2016,0.9423515441509008
77,Syria,2017,0.7652996969786888
77,Syria,2018,0.7290517176684823
77,Syria,2019,1
77,Syria,2020,0.7594780251712426
77,Syria,2021,0.7945235001786818
77,Syria,2022,0.853611215533021
77,Syria,2023,0.8755109018801455
78,Lebanon,2013,0.8915481602997763
78,Lebanon,2014,0.8366400051165779
78,Lebanon,2015,0.83564335546853
78,Lebanon,2016,0.8259850161566371
78,Lebanon,2017,0.9147405671036021
78,Lebanon,2018,0.9858539740064
78,Lebanon,2019,1
78,Lebanon,2020,0.7344859687709371
78,Lebanon,2021,0.7466729508045207
78,Lebanon,2022,0.657851022666227
78,Lebanon,2023,0.6706813307816122
79,Israel,2013,0.8502704791967629
79,Israel,2014,0.809054027862498
79,Israel,2015,0.8652463841708423
79,Israel,2016,0.8709427588948577
79,Israel,2017,0.9348053027164847
79,Israel,2018,0.9988754842965586
79,Israel,2019,1
79,Israel,2020,0.8397509486429969
79,Israel,2021,0.8296838793725602
79,Israel,2022,0.8452844776457867
79,Israel,2023,0.8733006273365878
80,Greece,2013,0.5234284208992969
80,Greece,2014,0.570314105946047
80,Greece,2015,0.5754811369453098
80,Greece,2016,0.6032387112478931
80,Greece,2017,0.6686052721791703
80,Greece,2018,0.7350970955330954
80,Greece,2019,0.810787515949511
80,Greece,2020,0.6207997581261109
80,Greece,2021,0.904250951322496
80,Greece,2022,0.9065456573328518
80,Greece,2023,1
81,Cyprus,2013,0.7630090213532181
81,Cyprus,2014,0.6731406909337401
81,Cyprus,2015,0.5893197096888201
81,Cyprus,2016,0.6324212597929723
81,Cyprus,2017,0.6841895563792734
81,Cyprus,2018,0.7252193149686847
81,Cyprus,2019,0.689779522627131
81,Cyprus,2020,0.5964872985148318
81,Cyprus,2021,0.6534658275225866
81,Cyprus,2022,0.9061867013171051
81,Cyprus,2023,1
82,Albania,2013,0.3709937248363649
82,Albania,2014,0.38348779551807816
82,Albania,2015,0.39685545357248164
82,Albania,2016,0.43827834231104446
82,Albania,2017,0.5157445907482499
82,Albania,2018,0.5480640090691437
82,Albania,2019,0.7061742842192577
82,Albania,2020,0.543215125704748
82,Albania,2021,0.7011834283679069
82,Albania,2022,0.9113883309469833
82,Albania,2023,1
84,Algeria,2013,1
84,Algeria,2014,0.9236378644399752
84,Algeria,2015,0.9510167607335308
84,Algeria,2016,0.9339757673060266
84,Algeria,2017,0.8236113358368098
84,Algeria,2018,0.792311150660573
84,Algeria,2019,0.8017214242353751
84,Algeria,2020,0.6089707651768332
84,Algeria,2021,0.6967727138857636
84,Algeria,2022,0.7897245032068718
84,Algeria,2023,0.8445677398004423
96,Sierra Leone,2013,0.6253455436269648
96,Sierra Leone,2014,0.5021947988221392
96,Sierra Leone,2015,0.7232180129865328
96,Sierra Leone,2016,0.9179129925238825
96,Sierra Leone,2017,0.8155777303865269
96,Sierra Leone,2018,0.8172325940806824
96,Sierra Leone,2019,0.8780144699987414
96,Sierra Leone,2020,0.7247923321805003
96,Sierra Leone,2021,0.6821873477931001
96,Sierra Leone,2022,0.965122610347313
96,Sierra Leone,2023,1
98,Togo,2013,0.956638238701751
98,Togo,2014,0.9257007127291657
98,Togo,2015,0.9378351884667949
98,Togo,2016,1
98,Togo,2017,0.9826714286492688
98,Togo,2018,0.913776266944296
98,Togo,2019,0.8403457359633252
98,Togo,2020,0.5439554352540421
98,Togo,2021,0.3427266183082863
98,Togo,2022,0.23662485091987126
98,Togo,2023,0.24257936481324296
99,Benin,2013,0.8192274661564275
99,Benin,2014,0.7044091952781695
99,Benin,2015,0.8581703798707417
99,Benin,2016,0.7219360554312177
99,Benin,2017,0.8156721911599238
99,Benin,2018,0.8088720197682018
99,Benin,2019,0.9322816841477809
99,Benin,2020,0.7783923999384371
99,Benin,2021,0.828327734939261
99,Benin,2022,0.9508664545968899
99,Benin,2023,1
100,Republique du Congo,2013,0.6080643860167503
100,Republique du Congo,2014,0.6278203301192925
100,Republique du Congo,2015,0.9605111544590097
100,Republique du Congo,2016,1
100,Republique du Congo,2017,0.6675417100569383
100,Republique du Congo,2018,0.6234556050142431
100,Republique du Congo,2019,0.6187676430834075
100,Republique du Congo,2020,0.5511151856055282
100,Republique du Congo,2021,0.5810566583553056
100,Republique du Congo,2022,0.627333097238399
100,Republique du Congo,2023,0.6962929095419139
101,Namibia,2013,1
101,Namibia,2014,0.7324709619115588
101,Namibia,2015,0.785622734549893
101,Namibia,2016,0.6560760577822357
101,Namibia,2017,0.5769415549360117
101,Namibia,2018,0.5042697003145641
101,Namibia,2019,0.5131300508140886
101,Namibia,2020,0.5681670360167378
101,Namibia,2021,0.5471536384869568
101,Namibia,2022,0.5418936253734614
101,Namibia,2023,0.5322247097755711
102,South Africa,2013,1
102,South Africa,2014,0.628805200004682
102,South Africa,2015,0.6714339448187091
102,South Africa,2016,0.6357839056702471
102,South Africa,2017,0.50333245256034
102,South Africa,2018,0.4466522972503216
102,South Africa,2019,0.5538250701995513
102,South Africa,2020,0.3578250414254734
102,South Africa,2021,0.3574099789820332
102,South Africa,2022,0.3964145369557035
102,South Africa,2023,0.4273830750712146
103,Sao Tome and Principe,2013,0.6179202580967321
103,Sao Tome and Principe,2014,0.8192903232146571
103,Sao Tome and Principe,2015,1
103,Sao Tome and Principe,2016,0.9565826200407846
103,Sao Tome and Principe,2017,0.8679951606603132
103,Sao Tome and Principe,2018,0.8484142595434695
103,Sao Tome and Principe,2019,0.5581405518009743
103,Sao Tome and Principe,2020,0.3273806492660056
103,Sao Tome and Principe,2021,0.2985410116411462
103,Sao Tome and Principe,2022,0.302175746464196
103,Sao Tome and Principe,2023,0.301997687025681
106,Ghana,2013,0.5744400970905768
106,Ghana,2014,0.6618054476773285
106,Ghana,2015,0.7434465371433935
106,Ghana,2016,0.6304807577987347
106,Ghana,2017,0.5107053479255724
106,Ghana,2018,0.5771793441228112
106,Ghana,2019,0.744059744406731
106,Ghana,2020,0.6201060940941087
106,Ghana,2021,0.8671470812579645
106,Ghana,2022,0.9700122874097971
106,Ghana,2023,1
108,Bermuda,2013,1
108,Bermuda,2014,0.9391066535940463
108,Bermuda,2015,0.8489005547552811
108,Bermuda,2016,0.8602301829596068
108,Bermuda,2017,0.9000501892906708
108,Bermuda,2018,0.926519786316933
108,Bermuda,2019,0.9433051873870132
108,Bermuda,2020,0.3982252319670095
108,Bermuda,2021,0.3478625840599437
108,Bermuda,2022,0.5995592776407291
108,Bermuda,2023,0.8530896634181276
110,Bahamas,2013,0.6509321518746861
110,Bahamas,2014,0.6735672902039633
110,Bahamas,2015,0.661534521133836
110,Bahamas,2016,0.7582899413080216
110,Bahamas,2017,0.7306470748109701
110,Bahamas,2018,0.8514382006547464
110,Bahamas,2019,0.900129254555829
110,Bahamas,2020,0.6651811680638731
110,Bahamas,2021,0.8695713076134806
110,Bahamas,2022,0.8689431133416833
110,Bahamas,2023,1
112,Cuba,2013,0.9388938689988195
112,Cuba,2014,0.8856557937245328
112,Cuba,2015,0.9542667819252882
112,Cuba,2016,0.9672855761832214
112,Cuba,2017,1
112,Cuba,2018,0.9300325238020739
112,Cuba,2019,0.9147097970148249
112,Cuba,2020,0.7788449012121809
112,Cuba,2021,0.6881320662290625
112,Cuba,2022,0.7921481707643655
112,Cuba,2023,0.927618370197472
113,Cayman Islands,2013,0.7752271050640128
113,Cayman Islands,2014,0.8037030633760964
113,Cayman Islands,2015,0.7898189282248798
113,Cayman Islands,2016,0.7917577240412511
113,Cayman Islands,2017,0.8320342254199146
113,Cayman Islands,2018,0.8894562487704086
113,Cayman Islands,2019,0.9166986628996997
113,Cayman Islands,2020,0.7438799794641446
113,Cayman Islands,2021,0.8367964374797636
113,Cayman Islands,2022,0.9277118523356068
113,Cayman Islands,2023,1
114,Haiti,2013,0.8077966938436316
114,Haiti,2014,0.7848557020871647
114,Haiti,2015,0.9170059533895276
114,Haiti,2016,1
114,Haiti,2017,0.9433416178442663
114,Haiti,2018,0.9159993242600118
114,Haiti,2019,0.9930269722363665
114,Haiti,2020,0.7602881974505548
114,Haiti,2021,0.7762685725190238
114,Haiti,2022,0.8430756388107498
114,Haiti,2023,0.9034841371656057
115,Dominican Republic,2013,0.48759957956069766
115,Dominican Republic,2014,0.5038176742200803
115,Dominican Republic,2015,0.5089092505692495
115,Dominican Republic,2016,0.5116770595443219
115,Dominican Republic,2017,0.5432019772499602
115,Dominican Republic,2018,0.5526237368284443
115,Dominican Republic,2019,0.5904532421492634
115,Dominican Republic,2020,0.5465329069256532
115,Dominican Republic,2021,0.6556425670714479
115,Dominican Republic,2022,0.8786177807507787
115,Dominican Republic,2023,1
116,Puerto Rico and Virgin Islands of the United States,2013,0.9030716689555801
116,Puerto Rico and Virgin Islands of the United States,2014,0.9045637222975464
116,Puerto Rico and Virgin Islands of the United States,2015,0.9146126285777357
116,Puerto Rico and Virgin Islands of the United States,2016,0.9018922326022103
116,Puerto Rico and Virgin Islands of the United States,2017,0.8215599199884484
116,Puerto Rico and Virgin Islands of the United States,2018,0.9086767526958066
116,Puerto Rico and Virgin Islands of the United States,2019,1
116,Puerto Rico and Virgin Islands of the United States,2020,0.6777018364396777
116,Puerto Rico and Virgin Islands of the United States,2021,0.8186750244122644
116,Puerto Rico and Virgin Islands of the United States,2022,0.894182866992685
116,Puerto Rico and Virgin Islands of the United States,2023,0.9866400404161252
120,Antigua and Barbuda,2013,0.9142089166641036
120,Antigua and Barbuda,2014,0.9144827109328119
120,Antigua and Barbuda,2015,0.8903576881833403
120,Antigua and Barbuda,2016,0.898642882559915
120,Antigua and Barbuda,2017,0.8892125103592057
120,Antigua and Barbuda,2018,0.9184970678063417
120,Antigua and Barbuda,2019,1
120,Antigua and Barbuda,2020,0.7434399647528727
120,Antigua and Barbuda,2021,0.7773909826586336
120,Antigua and Barbuda,2022,0.8832702564213096
120,Antigua and Barbuda,2023,0.9193985715683001
122,Saint Lucia,2013,0.6954901242044145
122,Saint Lucia,2014,0.7321285627326944
122,Saint Lucia,2015,0.7302292913193449
122,Saint Lucia,2016,0.7868428652550651
122,Saint Lucia,2017,0.8821558655141666
122,Saint Lucia,2018,0.9259652225434807
122,Saint Lucia,2019,1
122,Saint Lucia,2020,0.8927675453721258
122,Saint Lucia,2021,0.8025630376568924
122,Saint Lucia,2022,0.925526917813446
122,Saint Lucia,2023,0.9935556018579669
124,Barbados,2013,0.8430399244027078
124,Barbados,2014,0.7742706781098408
124,Barbados,2015,0.8397905435027518
124,Barbados,2016,0.8966361761189179
124,Barbados,2017,0.8959737013764006
124,Barbados,2018,0.9176023236466296
124,Barbados,2019,1
124,Barbados,2020,0.46519198955577057
124,Barbados,2021,0.48693008291912737
124,Barbados,2022,0.7085236867025421
124,Barbados,2023,0.8056434423890304
125,Grenada,2013,0.5533344205545482
125,Grenada,2014,0.8354196295139947
125,Grenada,2015,0.8170513617020453
125,Grenada,2016,0.8138451771374527
125,Grenada,2017,0.853450438945584
125,Grenada,2018,0.8714340666008131
125,Grenada,2019,0.22591571477016806
125,Grenada,2020,0.6877825830645902
125,Grenada,2021,0.33907874288379336
125,Grenada,2022,0.5916581297077764
125,Grenada,2023,1
126,Trinidad and Tobago,2013,0.9493335263834585
126,Trinidad and Tobago,2014,0.9755061569958214
126,Trinidad and Tobago,2015,1
126,Trinidad and Tobago,2016,0.9553323127269205
126,Trinidad and Tobago,2017,0.9647231345576797
126,Trinidad and Tobago,2018,0.8064179531303735
126,Trinidad and Tobago,2019,0.7228395799845788
126,Trinidad and Tobago,2020,0.6032840316696887
126,Trinidad and Tobago,2021,0.6593644008719816
126,Trinidad and Tobago,2022,0.8690586193115913
126,Trinidad and Tobago,2023,0.9188298332119594
127,Saint Vincent and the Grenadines,2013,0.7602290712973835
127,Saint Vincent and the Grenadines,2014,0.7474211656413595
127,Saint Vincent and the Grenadines,2015,0.8297490516429534
127,Saint Vincent and the Grenadines,2016,0.8514133610389515
127,Saint Vincent and the Grenadines,2017,0.8482570385269749
127,Saint Vincent and the Grenadines,2018,0.9401045180061235
127,Saint Vincent and the Grenadines,2019,0.9272918064162927
127,Saint Vincent and the Grenadines,2020,0.7750832408859232
127,Saint Vincent and the Grenadines,2021,0.7983486877573267
127,Saint Vincent and the Grenadines,2022,0.9365323015008699
127,Saint Vincent and the Grenadines,2023,1
129,Panama,2013,0.5725612332737092
129,Panama,2014,0.5844019330828244
129,Panama,2015,0.5993651591346015
129,Panama,2016,0.6664282864022985
129,Panama,2017,0.7252506593129285
129,Panama,2018,0.6155294071580907
129,Panama,2019,0.6563414011150465
129,Panama,2020,0.302456027818813
129,Panama,2021,0.43166886223482526
129,Panama,2022,1
129,Panama,2023,0.8286928212114409
130,Costa Rica,2013,0.49402918881262753
130,Costa Rica,2014,0.4742605572356381
130,Costa Rica,2015,0.5020391736478431
130,Costa Rica,2016,0.5956155541250865
130,Costa Rica,2017,0.6836007638321796
130,Costa Rica,2018,0.7341509013782171
130,Costa Rica,2019,1
130,Costa Rica,2020,0.5159576385647643
130,Costa Rica,2021,0.4504953229727997
130,Costa Rica,2022,0.7386149481647636
130,Costa Rica,2023,0.8185697253364881
131,Nicaragua,2013,0.7361113462375624
131,Nicaragua,2014,0.7070585564549293
131,Nicaragua,2015,0.7582063620699767
131,Nicaragua,2016,0.8359189939268017
131,Nicaragua,2017,0.8525306512958944
131,Nicaragua,2018,0.7417807636148047
131,Nicaragua,2019,0.8713122969193464
131,Nicaragua,2020,0.7499971094642693
131,Nicaragua,2021,0.7210734079208194
131,Nicaragua,2022,0.9177664856257186
131,Nicaragua,2023,1
132,Colombia,2013,0.6962375167649814
132,Colombia,2014,0.6982573612004764
132,Colombia,2015,0.763628813753827
132,Colombia,2016,0.8741959601406558
132,Colombia,2017,0.8493634751227724
132,Colombia,2018,0.8641193619845565
132,Colombia,2019,0.8633874711890324
132,Colombia,2020,0.6857238608013081
132,Colombia,2021,0.66232920306060294
132,Colombia,2022,0.8399906278970609
132,Colombia,2023,1
133,Honduras,2013,0.7564779711491113
133,Honduras,2014,0.7202883802335223
133,Honduras,2015,0.7211499290123103
133,Honduras,2016,1
133,Honduras,2017,0.8788976351850629
133,Honduras,2018,0.8557118675509923
133,Honduras,2019,0.6774000142010115
133,Honduras,2020,0.4530547095486984
133,Honduras,2021,0.8778642828177092
133,Honduras,2022,0.9161694277125944
133,Honduras,2023,0.8932185636119641
134,El Salvador,2013,0.4107243493650596
134,El Salvador,2014,0.458825370003047
134,El Salvador,2015,0.48601920428316675
134,El Salvador,2016,0.4414913295363277
134,El Salvador,2017,0.46076377844683497
134,El Salvador,2018,0.5286601703324414
134,El Salvador,2019,0.7365040519474153
134,El Salvador,2020,0.5888193070157366
134,El Salvador,2021,0.5091434927086832
134,El Salvador,2022,0.753277912472752
134,El Salvador,2023,1
135,Mexico,2013,0.6744073260343026
135,Mexico,2014,0.6490930539235436
135,Mexico,2015,0.7103995191013566
135,Mexico,2016,0.7648297273835701
135,Mexico,2017,0.7469529349294878
135,Mexico,2018,0.7574237820376889
135,Mexico,2019,0.7703403657153143
135,Mexico,2020,0.6325903395799537
135,Mexico,2021,0.7387095933443705
135,Mexico,2022,0.9019100658529635
135,Mexico,2023,1
136,Guatemala,2013,0.8706441198685791
136,Guatemala,2014,0.8017011479649673
136,Guatemala,2015,0.9415512284825209
136,Guatemala,2016,0.8673524196267002
136,Guatemala,2017,0.7920441794347687
136,Guatemala,2018,0.852105195610987
136,Guatemala,2019,0.9479574534960094
136,Guatemala,2020,0.8064839389201115
136,Guatemala,2021,0.8613326146630057
136,Guatemala,2022,0.8393625866374811
136,Guatemala,2023,1
137,Ecuador,2013,0.7211865565063713
137,Ecuador,2014,0.7424828856868153
137,Ecuador,2015,0.7801170147665077
137,Ecuador,2016,0.751182909712132
137,Ecuador,2017,0.8006981246859408
137,Ecuador,2018,0.9101961252714914
137,Ecuador,2019,0.9209540684919882
137,Ecuador,2020,0.7877012957401216
137,Ecuador,2021,0.812529405494046
137,Ecuador,2022,0.9002833299205815
137,Ecuador,2023,1
138,Peru,2013,0.9778696429837053
138,Peru,2014,1
138,Peru,2015,0.9311228306187697
138,Peru,2016,0.9958140581270227
138,Peru,2017,0.9273316980305901
138,Peru,2018,0.9372107368561003
138,Peru,2019,0.9528069290939113
138,Peru,2020,0.6871736857233873
138,Peru,2021,0.8855191322307147
138,Peru,2022,0.9068462390418152
138,Peru,2023,0.9176059374652223
139,Venezuela,2013,0.5637406908060959
139,Venezuela,2014,0.5333540715281724
139,Venezuela,2015,0.39021202605935723
139,Venezuela,2016,0.6358109353946024
139,Venezuela,2017,0.6217962349448736
139,Venezuela,2018,0.6748555002378408
139,Venezuela,2019,0.9513677405903891
139,Venezuela,2020,0.6453836753774491
139,Venezuela,2021,0.7364715049693275
139,Venezuela,2022,0.8503097156111956
139,Venezuela,2023,1
140,Guadeloupe and Martinique,2013,0.9355276424035415
140,Guadeloupe and Martinique,2014,0.9446336775008407
140,Guadeloupe and Martinique,2015,0.8614599846477448
140,Guadeloupe and Martinique,2016,0.8622257080679243
140,Guadeloupe and Martinique,2017,0.9179149476005042
140,Guadeloupe and Martinique,2018,0.9015607416669964
140,Guadeloupe and Martinique,2019,0.945423480772928
140,Guadeloupe and Martinique,2020,0.7268843998752239
140,Guadeloupe and Martinique,2021,0.8000487355080569
140,Guadeloupe and Martinique,2022,0.9179088924460538
140,Guadeloupe and Martinique,2023,1
143,Iceland,2013,0.2255106963780206
143,Iceland,2014,0.34039310189305305
143,Iceland,2015,0.46362970225588734
143,Iceland,2016,0.6568152210999622
143,Iceland,2017,0.7034827569106648
143,Iceland,2018,0.9171299009199655
143,Iceland,2019,0.8219974416754176
143,Iceland,2020,0.8964637774580893
143,Iceland,2021,0.8614839185441363
143,Iceland,2022,0.9180030065373801
143,Iceland,2023,1
155,Tonga,2013,0.338120106074309
155,Tonga,2014,0.29199602009501147
155,Tonga,2015,0.2982077025521328
155,Tonga,2016,0.4257135562783735
155,Tonga,2017,0.3818539137329003
155,Tonga,2018,0.39451119360480347
155,Tonga,2019,0.46610645011025525
155,Tonga,2020,0.42037711101948116
155,Tonga,2021,0.4198117491040236
155,Tonga,2022,0.6924839678341558
155,Tonga,2023,1
162,New Zealand,2013,0.8212269243325813
162,New Zealand,2014,0.810603627209652
162,New Zealand,2015,0.8650994672679011
162,New Zealand,2016,0.8908975071571722
162,New Zealand,2017,0.9097935728727781
162,New Zealand,2018,0.8780716506214216
162,New Zealand,2019,0.9235723639161354
162,New Zealand,2020,0.7737145167539468
162,New Zealand,2021,0.6159056530303346
162,New Zealand,2022,0.9752128863878458
162,New Zealand,2023,1
163,United States,2013,0.5642858305646549
163,United States,2014,0.570162509866219
163,United States,2015,0.5736759685048128
163,United States,2016,0.5824117696795619
163,United States,2017,0.6162583260192355
163,United States,2018,0.6848384644855463
163,United States,2019,0.7095571946432441
163,United States,2020,0.4871464284457259
163,United States,2021,0.6437441422554401
163,United States,2022,0.8394378420841061
163,United States,2023,1
164,Belize,2013,0.7951908181639645
164,Belize,2014,0.795030383871848
164,Belize,2015,0.7461553160049235
164,Belize,2016,0.7638284092355618
164,Belize,2017,0.7167819434946653
164,Belize,2018,0.7284684562397112
164,Belize,2019,0.795477601189779
164,Belize,2020,0.6817214525394154
164,Belize,2021,0.7924614872517511
164,Belize,2022,0.9745709850237533
164,Belize,2023,1
166,Jamaica,2013,0.7258151049208488
166,Jamaica,2014,0.7835319342904496
166,Jamaica,2015,0.7563233634375326
166,Jamaica,2016,0.818529620826622
166,Jamaica,2017,0.8602302613162228
166,Jamaica,2018,0.9153703875381085
166,Jamaica,2019,0.9787052964437151
166,Jamaica,2020,0.7924876559048338
166,Jamaica,2021,0.8532814836634101
166,Jamaica,2022,0.9301624733487098
166,Jamaica,2023,1
167,Guyana,2013,0.829542212305675
167,Guyana,2014,0.9293263765778684
167,Guyana,2015,0.7480998546959609
167,Guyana,2016,0.7646532923687004
167,Guyana,2017,0.7860997357617898
167,Guyana,2018,0.5800134663309305
167,Guyana,2019,0.7952737741042096
167,Guyana,2020,0.7838874899033349
167,Guyana,2021,0.8315199045675848
167,Guyana,2022,0.9352605221933967
167,Guyana,2023,1
168,Suriname,2013,0.8503840294125364
168,Suriname,2014,0.8024392912278712
168,Suriname,2015,0.8308845740471321
168,Suriname,2016,1
168,Suriname,2017,0.853759817652674
168,Suriname,2018,0.8074854849971866
168,Suriname,2019,0.6294695701300264
168,Suriname,2020,0.4694597463398299
168,Suriname,2021,0.4782034127975797
168,Suriname,2022,0.5782781249889171
168,Suriname,2023,0.6483349203891923
171,Brazil,2013,0.7649683466161449
171,Brazil,2014,0.8441348062307308
171,Brazil,2015,0.7921712513204877
171,Brazil,2016,0.7470626742206069
171,Brazil,2017,0.7280432236881184
171,Brazil,2018,0.7409139288505924
171,Brazil,2019,0.8151972433341588
171,Brazil,2020,0.706022785029061
171,Brazil,2021,0.7421673135592671
171,Brazil,2022,0.8411858060498313
171,Brazil,2023,1
172,Argentina,2013,0.9149948310059528
172,Argentina,2014,0.7930179780443004
172,Argentina,2015,0.817695105790527
172,Argentina,2016,0.8668964881194546
172,Argentina,2017,1
172,Argentina,2018,0.8409819544163084
172,Argentina,2019,0.7517638236459534
172,Argentina,2020,0.7014584488701208
172,Argentina,2021,0.6169439487908033
172,Argentina,2022,0.8478829368238996
172,Argentina,2023,0.9020521794900103
173,Uruguay,2013,0.6946513182990278
173,Uruguay,2014,0.6990846461093374
173,Uruguay,2015,0.6904554611538956
173,Uruguay,2016,0.7436664112416974
173,Uruguay,2017,0.8918902585961838
173,Uruguay,2018,0.8750384261685513
173,Uruguay,2019,0.9153242873341495
173,Uruguay,2020,0.7396780681064299
173,Uruguay,2021,0.7688000979512627
173,Uruguay,2022,0.855798607335336
173,Uruguay,2023,1
174,Finland,2013,0.6294668305650196
174,Finland,2014,0.6429645621061569
174,Finland,2015,0.6842017732674013
174,Finland,2016,0.7292198465129406
174,Finland,2017,0.7871034276837247
174,Finland,2018,0.743990544339964
174,Finland,2019,0.7863695296606372
174,Finland,2020,0.7265655571414645
174,Finland,2021,0.7611551442087864
174,Finland,2022,0.8347829195143207
174,Finland,2023,1
175,Denmark,2013,0.306179775719927
175,Denmark,2014,0.36761136999051613
175,Denmark,2015,0.5454272297283389
175,Denmark,2016,0.5880792113413074
175,Denmark,2017,0.5256739061027311
175,Denmark,2018,0.5170529278384486
175,Denmark,2019,0.6648474556031525
175,Denmark,2020,0.6414918764330759
175,Denmark,2021,0.5722740981743946
175,Denmark,2022,0.8241630953351281
175,Denmark,2023,1
176,Germany,2013,0.5254287572971349
176,Germany,2014,0.6436022492500494
176,Germany,2015,0.5797581472000751
176,Germany,2016,0.5652860153771458
176,Germany,2017,0.6077831802796346
176,Germany,2018,0.604373340866561
176,Germany,2019,0.6968557478299043
176,Germany,2020,0.6271885125973554
176,Germany,2021,0.625308059751954
176,Germany,2022,0.9307235512036119
176,Germany,2023,1
177,Netherlands,2013,0.7132015111321761
177,Netherlands,2014,0.7522595517186688
177,Netherlands,2015,0.7260440551727043
177,Netherlands,2016,0.7386859305534684
177,Netherlands,2017,0.7145524842351259
177,Netherlands,2018,0.8166021011397024
177,Netherlands,2019,0.8774054757190982
177,Netherlands,2020,0.9306509100983489
177,Netherlands,2021,0.8361387696437425
177,Netherlands,2022,1
177,Netherlands,2023,0.8810856963004918
178,Poland,2013,0.2889433867497847
178,Poland,2014,0.31452272586349395
178,Poland,2015,0.41361228813438977
178,Poland,2016,0.4746560331515055
178,Poland,2017,0.4913028691963188
178,Poland,2018,0.5175764006724215
178,Poland,2019,0.6940288875150104
178,Poland,2020,0.6606486406695933
178,Poland,2021,0.6251643784667071
178,Poland,2022,1
178,Poland,2023,0.9695940073992314
179,France,2013,0.8249859964748851
179,France,2014,0.8375987141420853
179,France,2015,0.7631005127137205
179,France,2016,0.7798045803783407
179,France,2017,0.8159959557250992
179,France,2018,0.935603217173956
179,France,2019,1
179,France,2020,0.9282477535836312
179,France,2021,0.7924600667260813
179,France,2022,0.8560064586297722
179,France,2023,0.9652743459797873
180,United Kingdom,2013,0.3363820936560023
180,United Kingdom,2014,0.29628711389855406
180,United Kingdom,2015,0.4005618690626489
180,United Kingdom,2016,0.4917942803993168
180,United Kingdom,2017,0.5427628624240153
180,United Kingdom,2018,0.49665505399651927
180,United Kingdom,2019,1
180,United Kingdom,2020,0.4328147484837786
180,United Kingdom,2021,0.2440976425673897
180,United Kingdom,2022,0.5959035529336533
180,United Kingdom,2023,0.7829317642384486
181,Ireland,2013,0.8705483509154448
181,Ireland,2014,0.9418966287815996
181,Ireland,2015,0.7831304324567253
181,Ireland,2016,0.94501415937839806
181,Ireland,2017,0.9928955155059064
181,Ireland,2018,0.82033715890268
181,Ireland,2019,0.7365779234332505
181,Ireland,2020,0.7178689925152565
181,Ireland,2021,0.8409543071195211
181,Ireland,2022,0.7944575292200436
181,Ireland,2023,1
182,Spain,2013,0.6970723529672597
182,Spain,2014,0.74892784493932
182,Spain,2015,0.8134388744904291
182,Spain,2016,0.838112841359204
182,Spain,2017,0.9308739185905042
182,Spain,2018,1
182,Spain,2019,0.5712093326833014
182,Spain,2020,0.4946456258141891
182,Spain,2021,0.3602206778621239
182,Spain,2022,0.48114150267960376
182,Spain,2023,0.6707791491714222
183,Portugal,2013,0.41319511559648314
183,Portugal,2014,0.43368500757852785
183,Portugal,2015,0.5413594393736614
183,Portugal,2016,0.5833900920030208
183,Portugal,2017,0.6284879016650781
183,Portugal,2018,0.6983101562659229
183,Portugal,2019,0.7660842931415853
183,Portugal,2020,0.785523598843132
183,Portugal,2021,0.77172952706311
183,Portugal,2022,0.928457403673057
183,Portugal,2023,1
184,Italy,2013,0.7842621995834353
184,Italy,2014,0.7730348112446083
184,Italy,2015,0.7760500059376579
184,Italy,2016,0.8346856939992026
184,Italy,2017,0.8671762532293614
184,Italy,2018,0.91391521461694
184,Italy,2019,1
184,Italy,2020,0.861385896165643
184,Italy,2021,0.8294206536682858
184,Italy,2022,0.794387085578405
184,Italy,2023,0.9986734015827406
186,Montenegro,2013,0.37960976996797796
186,Montenegro,2014,0.2482895050736612
186,Montenegro,2015,0.6333372952771003
186,Montenegro,2016,0.686772131396739
186,Montenegro,2017,0.7493889398603109
186,Montenegro,2018,0.7785432118443917
186,Montenegro,2019,0.8388483570244373
186,Montenegro,2020,0.6959436770861148
186,Montenegro,2021,0.7341793478615687
186,Montenegro,2022,0.8395205010581204
186,Montenegro,2023,1
187,Croatia,2013,0.30871860872846546
187,Croatia,2014,0.3136268805356159
187,Croatia,2015,0.49609606405015044
187,Croatia,2016,0.5267462481233601
187,Croatia,2017,0.5714785136144499
187,Croatia,2018,0.546210474031683
187,Croatia,2019,0.7408211598284415
187,Croatia,2020,0.6711107634045812
187,Croatia,2021,0.6698911427365968
187,Croatia,2022,1
187,Croatia,2023,0.10684363780678131
188,Slovenia,2013,0.3187803843043637
188,Slovenia,2014,0.29588112491535523
188,Slovenia,2015,0.2957971872248674
188,Slovenia,2016,0.3032567507335071
188,Slovenia,2017,0.33567615343221946
188,Slovenia,2018,0.36811898737086857
188,Slovenia,2019,0.38575231047220454
188,Slovenia,2020,0.3767477702024502
188,Slovenia,2021,0.3773636424772887
188,Slovenia,2022,0.44466565752314985
188,Slovenia,2023,1
189,Lithuania,2013,0.4636408885005481
189,Lithuania,2014,0.4765478121589149
189,Lithuania,2015,0.5834565199255073
189,Lithuania,2016,0.8946183538064687
189,Lithuania,2017,0.7775222952093663
189,Lithuania,2018,0.7436450524700707
189,Lithuania,2019,0.9342373003484591
189,Lithuania,2020,0.7928792137481775
189,Lithuania,2021,0.7520424219084232
189,Lithuania,2022,0.774772979103465
189,Lithuania,2023,1
190,Qatar,2013,0.4596920811481105
190,Qatar,2014,0.595784788616191
190,Qatar,2015,0.6720318025583034
190,Qatar,2016,0.662040757805998
190,Qatar,2017,0.756692229497953
190,Qatar,2018,0.778544048815885
190,Qatar,2019,0.8175176301044907
190,Qatar,2020,0.7146760038471717
190,Qatar,2021,0.8089163029829073
190,Qatar,2022,0.8644754342618192
190,Qatar,2023,1
191,Iran,2013,0.590746950577002
191,Iran,2014,0.8716015437687827
191,Iran,2015,0.9846709323326932
191,Iran,2016,0.9851879503386828
191,Iran,2017,1
191,Iran,2018,0.8182082733959745
191,Iran,2019,0.7948429914461738
191,Iran,2020,0.5893055679183268
191,Iran,2021,0.6058568580546342
191,Iran,2022,0.5956457664879913
191,Iran,2023,0.673071224320026
192,Iraq,2013,0.7001701660066547
192,Iraq,2014,0.7702170333079417
192,Iraq,2015,0.8322134199797175
192,Iraq,2016,0.9987468090546087
192,Iraq,2017,1
192,Iraq,2018,0.9901877020151446
192,Iraq,2019,0.6703177052531187
192,Iraq,2020,0.49070886986458506
192,Iraq,2021,0.5243804667573505
192,Iraq,2022,0.5504411663743
192,Iraq,2023,0.6069136447825075
194,Guinea,2013,0.8087807570022567
194,Guinea,2014,0.7971830897855371
194,Guinea,2015,0.9900613992317991
194,Guinea,2016,0.9662981192390393
194,Guinea,2017,0.9777769069998209
194,Guinea,2018,1
194,Guinea,2019,0.7478704220427401
194,Guinea,2020,0.6123869996755457
194,Guinea,2021,0.6601144880403633
194,Guinea,2022,0.7212480311360133
194,Guinea,2023,0.759077645754004
195,Ivory Coast,2013,0.5014705212664275
195,Ivory Coast,2014,0.5113861205072486
195,Ivory Coast,2015,0.6097928027501822
195,Ivory Coast,2016,0.5424553112855134
195,Ivory Coast,2017,0.5152541116482887
195,Ivory Coast,2018,0.8608381326445208
195,Ivory Coast,2019,1
195,Ivory Coast,2020,0.6927132733318659
195,Ivory Coast,2021,0.6786875899451903
195,Ivory Coast,2022,0.6865865798813694
195,Ivory Coast,2023,0.7406148900831921
196,Nigeria,2013,0.6893566096465541
196,Nigeria,2014,0.8796462018600973
196,Nigeria,2015,0.7953537656052665
196,Nigeria,2016,0.6744232652079654
196,Nigeria,2017,0.8354650287006203
196,Nigeria,2018,0.9481817734002067
196,Nigeria,2019,1
196,Nigeria,2020,0.4012588068953042
196,Nigeria,2021,0.4107700652542702
196,Nigeria,2022,0.4678707919634652
196,Nigeria,2023,0.4933678700993491
197,Cameroon,2013,0.8250052444763241
197,Cameroon,2014,0.9233032747509465
197,Cameroon,2015,0.8663453449979277
197,Cameroon,2016,0.8581985772381907
197,Cameroon,2017,0.8540890873222038
197,Cameroon,2018,0.9450269908988584
197,Cameroon,2019,1
197,Cameroon,2020,0.7966505572711239
197,Cameroon,2021,0.8695857677151098
197,Cameroon,2022,0.8914613444805287
197,Cameroon,2023,0.904030014560836
198,Gabon,2013,0.9220136025162629
198,Gabon,2014,0.9779829664774262
198,Gabon,2015,0.87100315640226
198,Gabon,2016,0.9385078205350308
198,Gabon,2017,0.9152923521735922
198,Gabon,2018,1
198,Gabon,2019,0.9949586682562153
198,Gabon,2020,0.6470599918898404
198,Gabon,2021,0.48973292933892804
198,Gabon,2022,0.5263645700067273
198,Gabon,2023,0.5623973848082383
199,Democratic Republic of the Congo,2013,0.8958134693930685
199,Democratic Republic of the Congo,2014,0.7960466081829292
199,Democratic Republic of the Congo,2015,0.7962290964799883
199,Democratic Republic of the Congo,2016,0.7757373483601607
199,Democratic Republic of the Congo,2017,0.8563949156470108
199,Democratic Republic of the Congo,2018,0.879442355458064
199,Democratic Republic of the Congo,2019,1
199,Democratic Republic of the Congo,2020,0.8020042273682796
199,Democratic Republic of the Congo,2021,0.8315627054397401
199,Democratic Republic of the Congo,2022,0.872331574704961
199,Democratic Republic of the Congo,2023,0.9531654490881403
200,Angola,2013,0.5214922405366235
200,Angola,2014,1
200,Angola,2015,0.9940288192421856
200,Angola,2016,0.8986782984580097
200,Angola,2017,0.9481114367763802
200,Angola,2018,0.7870469518303318
200,Angola,2019,0.786736488182846
200,Angola,2020,0.3978212824228238
200,Angola,2021,0.15675387363864782
200,Angola,2022,0.16094572832606577
200,Angola,2023,0.16524954723489355
202,Tanzania,2013,1
202,Tanzania,2014,0.506947916188392
202,Tanzania,2015,0.5950006378842121
202,Tanzania,2016,0.6499000720526673
202,Tanzania,2017,0.7213990333996818
202,Tanzania,2018,0.8338764272627587
202,Tanzania,2019,0.8962679270629229
202,Tanzania,2020,0.797431916590024
202,Tanzania,2021,0.7332103606745186
202,Tanzania,2022,0.7675806021600657
202,Tanzania,2023,0.8238709115544832
203,India,2013,0.6173838144176765
203,India,2014,0.6699483623471963
203,India,2015,0.7205334600303424
203,India,2016,0.7403321470407965
203,India,2017,0.7665962371503533
203,India,2018,0.7805762940640989
203,India,2019,0.9520775818923448
203,India,2020,0.5625050880546575
203,India,2021,0.7153718999207567
203,India,2022,0.8162547436999634
203,India,2023,1
204,Bangladesh,2013,0.9526197967228848
204,Bangladesh,2014,0.9975486758386484
204,Bangladesh,2015,1
204,Bangladesh,2016,0.8948591243793509
204,Bangladesh,2017,0.8681309161094737
204,Bangladesh,2018,0.8793895805430978
204,Bangladesh,2019,0.8326904372318843
204,Bangladesh,2020,0.7217077023960946
204,Bangladesh,2021,0.7460923292119965
204,Bangladesh,2022,0.8462465587692433
204,Bangladesh,2023,0.9164253030993723
205,Myanmar,2013,0.48840822288498853
205,Myanmar,2014,0.6428603152139788
205,Myanmar,2015,0.8084746918422404
205,Myanmar,2016,0.8883221096356875
205,Myanmar,2017,0.7220675772043653
205,Myanmar,2018,0.7508294373529074
205,Myanmar,2019,1
205,Myanmar,2020,0.27976622236716053
205,Myanmar,2021,0.15786433796692412
205,Myanmar,2022,0.2482103595102576
205,Myanmar,2023,0.4105609751436779
206,Malaysia,2013,0.6196494402789807
206,Malaysia,2014,0.6402497095084451
206,Malaysia,2015,0.6463221862217756
206,Malaysia,2016,0.7348053074317836
206,Malaysia,2017,0.8165615183198766
206,Malaysia,2018,0.9020901985361731
206,Malaysia,2019,1
206,Malaysia,2020,0.780395211915051
206,Malaysia,2021,0.7106525279248461
206,Malaysia,2022,0.8705060367886817
206,Malaysia,2023,0.8667648251531208
207,Vietnam,2013,0.41165148158427217
207,Vietnam,2014,0.4346015695600409
207,Vietnam,2015,0.5109855254769298
207,Vietnam,2016,0.5854626587554573
207,Vietnam,2017,0.616085700380591
207,Vietnam,2018,0.6615772591217892
207,Vietnam,2019,0.8389619550994492
207,Vietnam,2020,0.6423967044570515
207,Vietnam,2021,0.6579245587609321
207,Vietnam,2022,0.8340160591551269
207,Vietnam,2023,1
208,Singapore,2013,0.8072832069635665
208,Singapore,2014,0.8154618461558659
208,Singapore,2015,0.7999443964119132
208,Singapore,2016,0.8787759851109557
208,Singapore,2017,0.8968705154915259
208,Singapore,2018,0.9426465787469885
208,Singapore,2019,1
208,Singapore,2020,0.7727782292441275
208,Singapore,2021,0.8744984289883551
208,Singapore,2022,0.9507446799006855
208,Singapore,2023,0.9392277753914708
209,China,2013,0.49362956993543533
209,China,2014,0.5303198818753229
209,China,2015,0.57971856696047
209,China,2016,0.6390413863866781
209,China,2017,0.6985699544759411
209,China,2018,0.7792612465081534
209,China,2019,0.8638963365394842
209,China,2020,0.7674691386861324
209,China,2021,0.9014918764750732
209,China,2022,0.8555299685402754
209,China,2023,1
210,Japan,2013,0.7704983853915912
210,Japan,2014,0.7399903165298319
210,Japan,2015,0.8736342653032905
210,Japan,2016,0.8864105095068678
210,Japan,2017,0.8804728020297528
210,Japan,2018,0.9546316757231448
210,Japan,2019,0.9954116795550123
210,Japan,2020,0.7034395164991231
210,Japan,2021,0.7148612268796825
210,Japan,2022,0.9162497464090897
210,Japan,2023,1
214,Egypt,2013,0.741987035710242
214,Egypt,2014,0.751402760163547
214,Egypt,2015,0.729515394044978
214,Egypt,2016,0.7182890473578303
214,Egypt,2017,0.91848015443203
214,Egypt,2018,0.9151375752426328
214,Egypt,2019,0.9270107381389812
214,Egypt,2020,0.7237168455358042
214,Egypt,2021,0.8776191899408912
214,Egypt,2022,0.9938947541911098
214,Egypt,2023,1
215,Jordan,2013,1
215,Jordan,2014,0.914023713351908
215,Jordan,2015,0.6956239392320169
215,Jordan,2016,0.540108900514859
215,Jordan,2017,0.511014681471859
215,Jordan,2018,0.47279066526067887
215,Jordan,2019,0.47180461480377717
215,Jordan,2020,0.42732636025280163
215,Jordan,2021,0.45837788128239754
215,Jordan,2022,0.5448804281534095
215,Jordan,2023,0.6016136948737587
216,Indonesia,2013,0.6979151242227348
216,Indonesia,2014,0.7890664132851998
216,Indonesia,2015,0.795142153188716
216,Indonesia,2016,0.8252575177298134
216,Indonesia,2017,0.8449359583308513
216,Indonesia,2018,0.8984572639744451
216,Indonesia,2019,0.9261598024325525
216,Indonesia,2020,0.7328449411320064
216,Indonesia,2021,0.893364729798537
216,Indonesia,2022,0.9189379934007701
216,Indonesia,2023,1
218,Canada,2013,0.6825175636061331
218,Canada,2014,0.6842060163354311
218,Canada,2015,0.7274612409971418
218,Canada,2016,0.7998240736841431
218,Canada,2017,0.7874848661936973
218,Canada,2018,0.8413612284594443
218,Canada,2019,0.8706589063883138
218,Canada,2020,0.707677633343578
218,Canada,2021,0.7101821740341774
218,Canada,2022,0.894650053569859
218,Canada,2023,1
220,Sint Maarten,2013,1
220,Sint Maarten,2014,0.8871554669607391
220,Sint Maarten,2015,0.8068736796822401
220,Sint Maarten,2016,0.8021756935775186
220,Sint Maarten,2017,0.719646060980004
220,Sint Maarten,2018,0.7323245875320467
220,Sint Maarten,2019,0.7694618780191917
220,Sint Maarten,2020,0.5815652897606298
220,Sint Maarten,2021,0.6550311891594217
220,Sint Maarten,2022,0.7329810429859781
220,Sint Maarten,2023,0.8197709155161117
222,Sweden,2013,0.4119133403818317
222,Sweden,2014,0.40058285289079704
222,Sweden,2015,0.6099019947262746
222,Sweden,2016,0.7018839031773374
222,Sweden,2017,0.6786948908041491
222,Sweden,2018,0.7079039305237648
222,Sweden,2019,0.7233258617433487
222,Sweden,2020,0.5797491797626652
222,Sweden,2021,0.47646594942516457
222,Sweden,2022,0.8986749198767191
222,Sweden,2023,1
223,Norway,2013,0.38112203486047286
223,Norway,2014,0.4808832799801694
223,Norway,2015,0.7004302930159797
223,Norway,2016,0.7089799031360899
223,Norway,2017,0.6566268267721167
223,Norway,2018,0.6495248930872674
223,Norway,2019,0.8192059994879786
223,Norway,2020,0.7954661129989892
223,Norway,2021,0.6118537687698796
223,Norway,2022,0.7987640371948265
223,Norway,2023,1
224,Chile,2013,0.6391860514130778
224,Chile,2014,0.6319099821021885
224,Chile,2015,0.6440213539473922
224,Chile,2016,0.6557203607284579
224,Chile,2017,0.6327269777587571
224,Chile,2018,0.6051618323976738
224,Chile,2019,1
224,Chile,2020,0.598993757926599
224,Chile,2021,0.6193392107584736
224,Chile,2022,0.7106093801724587
224,Chile,2023,0.8351752231818078
232,Bosnia and Herzegovina,2013,0.19032286660805778
232,Bosnia and Herzegovina,2014,0.21468222817902866
232,Bosnia and Herzegovina,2015,0.23772336300139718
232,Bosnia and Herzegovina,2016,0.27410003509849096
232,Bosnia and Herzegovina,2017,0.36735995852739833
232,Bosnia and Herzegovina,2018,0.47034930279428283
232,Bosnia and Herzegovina,2019,0.6084283619172279
232,Bosnia and Herzegovina,2020,0.5789000811958712
232,Bosnia and Herzegovina,2021,0.7469512495109036
232,Bosnia and Herzegovina,2022,0.88145482153829
232,Bosnia and Herzegovina,2023,1
244,Curacao,2013,1
244,Curacao,2014,0.98012127551851
244,Curacao,2015,0.8759203598664115
244,Curacao,2016,0.8666414753928922
244,Curacao,2017,0.7836287500815986
244,Curacao,2018,0.7807406237986869
244,Curacao,2019,0.7163150252132356
244,Curacao,2020,0.5651138516626497
244,Curacao,2021,0.6204540631461344
244,Curacao,2022,0.7281417360499154
244,Curacao,2023,0.7610039225679179
247,Brunei,2013,0.6591427550202853
247,Brunei,2014,0.6120434107064393
247,Brunei,2015,0.914019194313981
247,Brunei,2016,0.9647782083058132
247,Brunei,2017,1
247,Brunei,2018,0.9500610592446846
247,Brunei,2019,0.9245597476126948
247,Brunei,2020,0.7056082808097551
247,Brunei,2021,0.655911718909268
247,Brunei,2022,0.6968033029719692
247,Brunei,2023,0.7812635028856042
250,Aruba,2013,0.6683167384596685
250,Aruba,2014,0.6944125317636627
250,Aruba,2015,0.7082492684399336
250,Aruba,2016,0.7517135707963015
250,Aruba,2017,0.7744920704992012
250,Aruba,2018,0.8229501413369735
250,Aruba,2019,0.8324231635328472
250,Aruba,2020,0.6274328998465545
250,Aruba,2021,0.7706739718469716
250,Aruba,2022,0.9331512974617185
250,Aruba,2023,1
