rgn_id,year,pressure_score
1,2010,0.0000000000000000000
2,2010,0.0000000000000000000
3,2010,0.0000000000000000000
4,2010,0.1257604464411904988
5,2010,0.0000000000000000000
6,2010,0.0000000000000000000
7,2010,0.0000000000000000000
8,2010,0.0000000000000000000
9,2010,0.0000000000000000000
10,2010,0.0000000000000000000
11,2010,0.0000000000000000000
12,2010,0.0000000000000000000
13,2010,0.0000000000000000000
14,2010,0.0000000000000000000
15,2010,0.0000000000000000000
16,2010,0.0129535534460644836
17,2010,0.0000000000000000000
18,2010,0.0000000000000000000
19,2010,0.0000000000000000000
20,2010,0.0663865138875212452
21,2010,0.0994565319140120196
24,2010,0.0000000000000000000
25,2010,0.0000000000000000000
26,2010,0.0000000000000000000
28,2010,0.0000000000000000000
29,2010,0.0000000000000000000
30,2010,0.0000000000000000000
31,2010,0.0000000000000000000
32,2010,0.0000000000000000000
33,2010,0.0000000000000000000
34,2010,0.0000000000000000000
35,2010,0.0000000000000000000
36,2010,0.0000000000000000000
37,2010,0.0000000000000000000
38,2010,0.0000000000000000000
39,2010,0.0000000000000000000
40,2010,0.0000000000000000000
41,2010,0.0000000000000000000
42,2010,0.0000000000000000000
43,2010,0.0000000000000000000
44,2010,0.0000000000000000000
45,2010,0.0000000000000000000
46,2010,0.0000000000000000000
47,2010,0.0000000000000000000
48,2010,0.0000000000000000000
49,2010,0.0000000000000000000
50,2010,0.0000000000000000000
51,2010,0.0000000000000000000
52,2010,0.0000000000000000000
53,2010,0.0000000000000000000
54,2010,0.0000000000000000000
55,2010,0.0028274978268508452
56,2010,0.0000000000000000000
57,2010,0.0000000000000000000
58,2010,0.0000000000000000000
59,2010,0.0966033192316519129
60,2010,0.0000000000000000000
61,2010,0.0000000000000000000
62,2010,0.0000000000000000000
63,2010,0.0001188809137295508
64,2010,0.0001411975043097970
65,2010,0.0000000000000000000
66,2010,0.0000000000000000000
67,2010,0.0000000000000000000
68,2010,0.0000000000000000000
69,2010,1.0000000000000000000
70,2010,1.0000000000000000000
71,2010,0.1613070256873787023
72,2010,0.0268613110772755077
73,2010,0.2868569754138519667
74,2010,0.9999658814174774424
75,2010,0.0007529495588687930
76,2010,0.1674878991425492736
77,2010,0.0000000000000000000
78,2010,0.0000000000000000000
79,2010,0.0000000000000000000
80,2010,0.0000000000000000000
81,2010,0.0000000000000000000
82,2010,0.0000000000000000000
84,2010,0.0000000000000000000
85,2010,0.0000000000000000000
86,2010,0.0000000000000000000
88,2010,0.0580902713026940701
89,2010,0.1598106085164487655
90,2010,0.1508242997532821816
91,2010,0.1468700189458804761
92,2010,0.0553624973427898695
93,2010,0.1303064466961543211
94,2010,0.1503969550243377529
95,2010,0.1380537877728199581
96,2010,0.0000000000000000000
97,2010,0.0000000000000000000
98,2010,0.0000000000000000000
99,2010,0.0000000000000000000
100,2010,0.0000000000000000000
101,2010,0.0565749546677012868
102,2010,0.0089264224543268919
103,2010,0.0000000000000000000
104,2010,0.0000000000000000000
105,2010,0.1172400538252619945
106,2010,0.0000000000000000000
107,2010,0.0000000000000000000
108,2010,0.0000000000000000000
110,2010,0.0000000000000000000
111,2010,0.0000000000000000000
112,2010,0.0000000000000000000
113,2010,0.0000000000000000000
114,2010,0.0000000000000000000
115,2010,0.0000000000000000000
116,2010,0.0000000000000000000
117,2010,0.0000000000000000000
118,2010,0.0000000000000000000
119,2010,0.0000000000000000000
120,2010,0.0000000000000000000
121,2010,0.0000000000000000000
122,2010,0.0000000000000000000
123,2010,0.0000000000000000000
124,2010,0.0000000000000000000
125,2010,0.0000000000000000000
126,2010,0.0000000000000000000
127,2010,0.0000000000000000000
129,2010,0.0000000000000000000
130,2010,0.0000000000000000000
131,2010,0.0000000000000000000
132,2010,0.0000000000000000000
133,2010,0.0000000000000000000
134,2010,0.0000000000000000000
135,2010,0.0227493405579928254
136,2010,0.0000000000000000000
137,2010,0.0624027718270165552
138,2010,0.0951272303407396519
139,2010,0.0000000000000000000
140,2010,0.0000000000000000000
141,2010,0.0261989769507096695
143,2010,0.0037791035978343001
144,2010,0.0101787924759269774
145,2010,0.0283867379082355827
146,2010,0.0000000000000000000
147,2010,0.0000000000000000000
148,2010,0.0000000000000000000
149,2010,0.0000000000000000000
150,2010,0.0000000000000000000
151,2010,0.0000000000000000000
152,2010,0.0000000000000000000
153,2010,0.0000000000000000000
154,2010,0.0000000000000000000
155,2010,0.0000000000000000000
156,2010,0.0000000000000000000
157,2010,0.0000000000000000000
158,2010,0.0000000000000000000
159,2010,0.0000000000000000000
161,2010,0.0000000000000000000
162,2010,0.0630081596487534340
163,2010,0.0775488741816918320
164,2010,0.0000000000000000000
166,2010,0.0000000000000000000
167,2010,0.0000000000000000000
168,2010,0.0000000000000000000
169,2010,0.0000000000000000000
171,2010,0.0004662053081962409
172,2010,0.1037291386951556815
173,2010,0.0237417868397027283
174,2010,1.0000000000000000000
175,2010,0.2100553866220688237
176,2010,0.1873874375185694274
177,2010,0.0961370804854854571
178,2010,1.0000000000000000000
179,2010,0.0633739456660328965
180,2010,0.0574037699921155845
181,2010,0.0450046730133116524
182,2010,0.0323840317473321551
183,2010,0.0156090682364676166
184,2010,0.0000000000047542288
185,2010,0.0000000000000000000
186,2010,0.0000000000000000000
187,2010,0.0000000000000000000
188,2010,0.0000000000000000000
189,2010,1.0000000000000000000
190,2010,0.0000000000000000000
191,2010,0.0000000000000000000
192,2010,0.0000000000000000000
193,2010,0.0000000000000000000
194,2010,0.0000000000000000000
195,2010,0.0000000000000000000
196,2010,0.0000000000000000000
197,2010,0.0000000000000000000
198,2010,0.0000000000000000000
199,2010,0.0000000000000000000
200,2010,0.0021252251045138209
202,2010,0.0000000000000000000
203,2010,0.0000000000000000000
204,2010,0.0000000000000000000
205,2010,0.0000000000000000000
206,2010,0.0000000000000000000
207,2010,0.0000000000000000000
208,2010,0.0000000000000000000
209,2010,0.0383991427584511186
210,2010,0.0116246946232080352
212,2010,0.0000000000000000000
214,2010,0.0000000000000000000
215,2010,0.0000000000000000000
216,2010,0.0000000000000000000
218,2010,0.2679450570272235987
219,2010,0.0927792695777112930
220,2010,0.0000000000000000000
221,2010,0.0000000000000000000
222,2010,0.9396847619590470435
223,2010,0.0415175232742370989
224,2010,0.0885879038533255309
227,2010,0.1141548488197093314
228,2010,0.1047996132934149865
231,2010,0.0000000000000000000
232,2010,0.0000000000000000000
237,2010,0.0000000000000000000
244,2010,0.0000000000000000000
245,2010,0.0000000000000000000
247,2010,0.0000000000000000000
248,2010,0.0000000000000000000
249,2010,0.0000000000000000000
250,2010,0.0000000000000000000
1,2011,0.0000000000000000000
2,2011,0.0000000000000000000
3,2011,0.0000000000000000000
4,2011,0.1358346677698807348
5,2011,0.0000000000000000000
6,2011,0.0000000000000000000
7,2011,0.0000000000000000000
8,2011,0.0000000000000000000
9,2011,0.0000000000000000000
10,2011,0.0000000000000000000
11,2011,0.0000000000000000000
12,2011,0.0000000000000000000
13,2011,0.0000000000000000000
14,2011,0.0000000000000000000
15,2011,0.0000000000000000000
16,2011,0.0144744133465169126
17,2011,0.0000000000000000000
18,2011,0.0000000000000000000
19,2011,0.0000000000000000000
20,2011,0.0932125457472714886
21,2011,0.1137651016989857239
24,2011,0.0000000000000000000
25,2011,0.0000000000000000000
26,2011,0.0000000000000000000
28,2011,0.0000000000000000000
29,2011,0.0000000000000000000
30,2011,0.0000000000000000000
31,2011,0.0000000000000000000
32,2011,0.0000000000000000000
33,2011,0.0000000000000000000
34,2011,0.0000000000000000000
35,2011,0.0000000000000000000
36,2011,0.0000000000000000000
37,2011,0.0000000000000000000
38,2011,0.0000000000000000000
39,2011,0.0000000000000000000
40,2011,0.0000000000000000000
41,2011,0.0000000000000000000
42,2011,0.0000000000000000000
43,2011,0.0000000000000000000
44,2011,0.0000000000000000000
45,2011,0.0000000000000000000
46,2011,0.0000000000000000000
47,2011,0.0000000000000000000
48,2011,0.0000000000000000000
49,2011,0.0000000000000000000
50,2011,0.0000000000000000000
51,2011,0.0000000000000000000
52,2011,0.0000000000000000000
53,2011,0.0000000000000000000
54,2011,0.0000000000000000000
55,2011,0.0021010882189850394
56,2011,0.0000000000000000000
57,2011,0.0000000000000000000
58,2011,0.0000000000000000000
59,2011,0.0430438262121523446
60,2011,0.0000000000000000000
61,2011,0.0000000000000000000
62,2011,0.0001316537959579401
63,2011,0.0033277701795875101
64,2011,0.0011896350616086007
65,2011,0.0000000000000000000
66,2011,0.0000000000000000000
67,2011,0.0000000000000000000
68,2011,0.0000000000000000000
69,2011,1.0000000000000000000
70,2011,1.0000000000000000000
71,2011,0.9257461140745116834
72,2011,0.6430687491130052669
73,2011,0.2596223822033899564
74,2011,1.0000000000000000000
75,2011,0.7729093319417530417
76,2011,0.6583131540442342944
77,2011,0.0000000000000000000
78,2011,0.0000000000000000000
79,2011,0.0000000000000000000
80,2011,0.0000000000000000000
81,2011,0.0000000000000000000
82,2011,0.0000000000000000000
84,2011,0.0000000000000000000
85,2011,0.0000000000000000000
86,2011,0.0000000000000000000
88,2011,0.0389856960201301894
89,2011,0.1516338701982553050
90,2011,0.1302553452304020809
91,2011,0.1305940932750375150
92,2011,0.0664417860236629076
93,2011,0.1266107002067432818
94,2011,0.1598902225909240582
95,2011,0.1017295888469308546
96,2011,0.0000000000000000000
97,2011,0.0000000000000000000
98,2011,0.0000000000000000000
99,2011,0.0000000000000000000
100,2011,0.0000000000000000000
101,2011,0.0650003908415118237
102,2011,0.0101104058343252055
103,2011,0.0000000000000000000
104,2011,0.0000000000000000000
105,2011,0.1494731846303101186
106,2011,0.0000000000000000000
107,2011,0.0000000000000000000
108,2011,0.0000000000000000000
110,2011,0.0000000000000000000
111,2011,0.0000000000000000000
112,2011,0.0000000000000000000
113,2011,0.0000000000000000000
114,2011,0.0000000000000000000
115,2011,0.0000000000000000000
116,2011,0.0000000000000000000
117,2011,0.0000000000000000000
118,2011,0.0000000000000000000
119,2011,0.0000000000000000000
120,2011,0.0000000000000000000
121,2011,0.0000000000000000000
122,2011,0.0000000000000000000
123,2011,0.0000000000000000000
124,2011,0.0000000000000000000
125,2011,0.0000000000000000000
126,2011,0.0000000000000000000
127,2011,0.0000000000000000000
129,2011,0.0000000000000000000
130,2011,0.0000000000000000000
131,2011,0.0000000000000000000
132,2011,0.0000000000000000000
133,2011,0.0000000000000000000
134,2011,0.0000000000000000000
135,2011,0.0268847583602277382
136,2011,0.0000000000000000000
137,2011,0.0365148259349022744
138,2011,0.0922550251559035306
139,2011,0.0000000000000000000
140,2011,0.0000000000000000000
141,2011,0.0376606921542863779
143,2011,0.0367816479990518280
144,2011,0.0158394532029577928
145,2011,0.0745377923429726003
146,2011,0.0000000000000000000
147,2011,0.0000000000000000000
148,2011,0.0000000000000000000
149,2011,0.0000000000000000000
150,2011,0.0000000000000000000
151,2011,0.0000000000000000000
152,2011,0.0000000000000000000
153,2011,0.0000000000000000000
154,2011,0.0000000000000000000
155,2011,0.0000000000000000000
156,2011,0.0000000000000000000
157,2011,0.0000000000000000000
158,2011,0.0000000000000000000
159,2011,0.0000000000000000000
161,2011,0.0000000000000000000
162,2011,0.0676003975499020610
163,2011,0.0724306955219669035
164,2011,0.0000000000000000000
166,2011,0.0000000000000000000
167,2011,0.0000000000000000000
168,2011,0.0000000000000000000
169,2011,0.0000000000000000000
171,2011,0.0007051901909645043
172,2011,0.0748985332103079965
173,2011,0.0212551995777831119
174,2011,1.0000000000000000000
175,2011,0.1708884537407980575
176,2011,0.1823672271480887563
177,2011,0.0824083336250276133
178,2011,1.0000000000000000000
179,2011,0.0349868180040203633
180,2011,0.0596632185601282880
181,2011,0.0743638118159935385
182,2011,0.0265461337980904856
183,2011,0.0116587572853429321
184,2011,0.0000000000000000000
185,2011,0.0000000000000000000
186,2011,0.0000000000000000000
187,2011,0.0000000000000000000
188,2011,0.0000000000000000000
189,2011,1.0000000000000000000
190,2011,0.0000000000000000000
191,2011,0.0000000000000000000
192,2011,0.0000000000000000000
193,2011,0.0000000000000000000
194,2011,0.0000000000000000000
195,2011,0.0000000000000000000
196,2011,0.0000000000000000000
197,2011,0.0000000000000000000
198,2011,0.0000000000000000000
199,2011,0.0000000000000000000
200,2011,0.0014671551919830056
202,2011,0.0000000000000000000
203,2011,0.0000000000000000000
204,2011,0.0000000000000000000
205,2011,0.0000000000000000000
206,2011,0.0000000000000000000
207,2011,0.0000000000000000000
208,2011,0.0000000000000000000
209,2011,0.0511299764502529258
210,2011,0.0154694387020153420
212,2011,0.0000000000000000000
214,2011,0.0000000000000000000
215,2011,0.0000000000000000000
216,2011,0.0000000000000000000
218,2011,0.3161822518109306257
219,2011,0.1469608027624943747
220,2011,0.0000000000000000000
221,2011,0.0000000000000000000
222,2011,0.9320510117657524463
223,2011,0.0297725988316424918
224,2011,0.0851835746413423245
227,2011,0.0430174434944401093
228,2011,0.0322357359775171312
231,2011,0.0000000000000000000
232,2011,0.0000000000000000000
237,2011,0.0000000000000000000
244,2011,0.0000000000000000000
245,2011,0.0000000000000000000
247,2011,0.0000000000000000000
248,2011,0.0000000000000000000
249,2011,0.0000000000000000000
250,2011,0.0000000000000000000
1,2012,0.0000000000000000000
2,2012,0.0000000000000000000
3,2012,0.0000000000000000000
4,2012,0.1277934614644754274
5,2012,0.0000000000000000000
6,2012,0.0000000000000000000
7,2012,0.0000000000000000000
8,2012,0.0000000000000000000
9,2012,0.0000000000000000000
10,2012,0.0000000000000000000
11,2012,0.0000000000000000000
12,2012,0.0000000000000000000
13,2012,0.0000000000000000000
14,2012,0.0000000000000000000
15,2012,0.0000000000000000000
16,2012,0.0135105069200777486
17,2012,0.0000000000000000000
18,2012,0.0000000000000000000
19,2012,0.0000000000000000000
20,2012,0.0824001407522017282
21,2012,0.1098092700871331345
24,2012,0.0000000000000000000
25,2012,0.0000000000000000000
26,2012,0.0000000000000000000
28,2012,0.0000000000000000000
29,2012,0.0000000000000000000
30,2012,0.0000000000000000000
31,2012,0.0000000000000000000
32,2012,0.0000000000000000000
33,2012,0.0000000000000000000
34,2012,0.0000000000000000000
35,2012,0.0000000000000000000
36,2012,0.0000000000000000000
37,2012,0.0000000000000000000
38,2012,0.0000000000000000000
39,2012,0.0000000000000000000
40,2012,0.0000000000000000000
41,2012,0.0000000000000000000
42,2012,0.0000000000000000000
43,2012,0.0000000000000000000
44,2012,0.0000000000000000000
45,2012,0.0000000000000000000
46,2012,0.0000000000000000000
47,2012,0.0000000000000000000
48,2012,0.0000000000000000000
49,2012,0.0000000000000000000
50,2012,0.0000000000000000000
51,2012,0.0000000000000000000
52,2012,0.0000000000000000000
53,2012,0.0000000000000000000
54,2012,0.0000000000000000000
55,2012,0.0046272159073439427
56,2012,0.0000000000000000000
57,2012,0.0000000000000000000
58,2012,0.0000000060233862665
59,2012,0.1251980730535363073
60,2012,0.0000000000000000000
61,2012,0.0000000000000000000
62,2012,0.0006446794246028133
63,2012,0.0074162930154382072
64,2012,0.0023365181004718584
65,2012,0.0000000000000000000
66,2012,0.0000000000000000000
67,2012,0.0000000000000000000
68,2012,0.0000000000000000000
69,2012,1.0000000000000000000
70,2012,1.0000000000000000000
71,2012,0.1045006532954894235
72,2012,0.0728963573447146129
73,2012,0.2792577155763285024
74,2012,0.9999999998970422466
75,2012,0.0587759746275546419
76,2012,0.1589270408863125150
77,2012,0.0000000000000000000
78,2012,0.0000000000000000000
79,2012,0.0000000000000000000
80,2012,0.0000000000000000000
81,2012,0.0000000000000000000
82,2012,0.0000000000000000000
84,2012,0.0000000000000000000
85,2012,0.0000000000000000000
86,2012,0.0000000000000000000
88,2012,0.0513272178863939180
89,2012,0.1815396367441419467
90,2012,0.1669094878653811787
91,2012,0.1347810857390168149
92,2012,0.0868208965318584963
93,2012,0.1139028834863751588
94,2012,0.1488270817277771718
95,2012,0.1353278117723149265
96,2012,0.0000000000000000000
97,2012,0.0000000000000000000
98,2012,0.0000000000000000000
99,2012,0.0000000000000000000
100,2012,0.0000000000000000000
101,2012,0.0814792742434875678
102,2012,0.0087062440093187161
103,2012,0.0000000000000000000
104,2012,0.0000000000000000000
105,2012,0.1906075550177403211
106,2012,0.0000000000000000000
107,2012,0.0000000000000000000
108,2012,0.0000000000000000000
110,2012,0.0000000000000000000
111,2012,0.0000000000000000000
112,2012,0.0000000000000000000
113,2012,0.0000000000000000000
114,2012,0.0000000000000000000
115,2012,0.0000000000000000000
116,2012,0.0000000000000000000
117,2012,0.0000000000000000000
118,2012,0.0000000000000000000
119,2012,0.0000000000000000000
120,2012,0.0000000000000000000
121,2012,0.0000000000000000000
122,2012,0.0000000000000000000
123,2012,0.0000000000000000000
124,2012,0.0000000000000000000
125,2012,0.0000000000000000000
126,2012,0.0000000000000000000
127,2012,0.0000000000000000000
129,2012,0.0000000000000000000
130,2012,0.0000000000000000000
131,2012,0.0000000000000000000
132,2012,0.0000000000000000000
133,2012,0.0000000000000000000
134,2012,0.0000000000000000000
135,2012,0.0205618914265161025
136,2012,0.0000000000000000000
137,2012,0.0203838672527549246
138,2012,0.0448979068794463435
139,2012,0.0000000000000000000
140,2012,0.0000000000000000000
141,2012,0.0941101616724089873
143,2012,0.0353817230343113007
144,2012,0.0355286715576617826
145,2012,0.0643196577625955029
146,2012,0.0000000000000000000
147,2012,0.0000000000000000000
148,2012,0.0000000000000000000
149,2012,0.0000000000000000000
150,2012,0.0000000000000000000
151,2012,0.0000000000000000000
152,2012,0.0000000000000000000
153,2012,0.0000000000000000000
154,2012,0.0000000000000000000
155,2012,0.0000000000000000000
156,2012,0.0000000000000000000
157,2012,0.0000000000000000000
158,2012,0.0000000000000000000
159,2012,0.0000000000000000000
161,2012,0.0000000000000000000
162,2012,0.0701553518850525082
163,2012,0.1044639852739766561
164,2012,0.0000000000000000000
166,2012,0.0000000000000000000
167,2012,0.0000000000000000000
168,2012,0.0000000000000000000
169,2012,0.0000000000000000000
171,2012,0.0004075080226813379
172,2012,0.0905687397298187841
173,2012,0.0087820920477025312
174,2012,1.0000000000000000000
175,2012,0.1893796942321765153
176,2012,0.1830769919080733887
177,2012,0.0905240293453471317
178,2012,1.0000000000000000000
179,2012,0.0537054827162739418
180,2012,0.0800559011789837294
181,2012,0.0791949972321026041
182,2012,0.0379448979713497836
183,2012,0.0187919615200004692
184,2012,0.0000004130283485889
185,2012,0.0000000000000000000
186,2012,0.0000000000000000000
187,2012,0.0000000000000000000
188,2012,0.0000000000000000000
189,2012,1.0000000000000000000
190,2012,0.0000000000000000000
191,2012,0.0000000000000000000
192,2012,0.0000000000000000000
193,2012,0.0000000000000000000
194,2012,0.0000000000000000000
195,2012,0.0000000000000000000
196,2012,0.0000000000000000000
197,2012,0.0000000000000000000
198,2012,0.0000000000000000000
199,2012,0.0000000000000000000
200,2012,0.0026594957201556356
202,2012,0.0000000000000000000
203,2012,0.0000000000000000000
204,2012,0.0000424932787764641
205,2012,0.0000000000000000000
206,2012,0.0000000000000000000
207,2012,0.0000000000000000000
208,2012,0.0000000000000000000
209,2012,0.0378477514004047152
210,2012,0.0144327341597745937
212,2012,0.0000000000000000000
214,2012,0.0000000000000000000
215,2012,0.0000000000000000000
216,2012,0.0000000000000000000
218,2012,0.2927945924901252939
219,2012,0.0434786704990852910
220,2012,0.0000000000000000000
221,2012,0.0000000000000000000
222,2012,0.9363675369707491480
223,2012,0.0500321799092550284
224,2012,0.0715246337965022849
227,2012,0.0510014277411674211
228,2012,0.0516467616491224010
231,2012,0.0000000000000000000
232,2012,0.0000000000000000000
237,2012,0.0000000000000000000
244,2012,0.0000000000000000000
245,2012,0.0000000000000000000
247,2012,0.0000000000000000000
248,2012,0.0000000000000000000
249,2012,0.0000000000000000000
250,2012,0.0000000000000000000
1,2013,0.0000000000000000000
2,2013,0.0000000000000000000
3,2013,0.0000000000000000000
4,2013,0.1589286116338712584
5,2013,0.0000000000000000000
6,2013,0.0000000000000000000
7,2013,0.0000000000000000000
8,2013,0.0000000000000000000
9,2013,0.0000000000000000000
10,2013,0.0000000000000000000
11,2013,0.0000000000000000000
12,2013,0.0000000000000000000
13,2013,0.0000000000000000000
14,2013,0.0000000000000000000
15,2013,0.0000000000000000000
16,2013,0.0128384233534496288
17,2013,0.0000000000000000000
18,2013,0.0000000000000000000
19,2013,0.0000000000000000000
20,2013,0.0854864339541365481
21,2013,0.1232680608423347840
24,2013,0.0000000000000000000
25,2013,0.0000000000000000000
26,2013,0.0000000000000000000
28,2013,0.0000000000000000000
29,2013,0.0000000000000000000
30,2013,0.0000000000000000000
31,2013,0.0000000000000000000
32,2013,0.0000000000000000000
33,2013,0.0000000000000000000
34,2013,0.0000000000000000000
35,2013,0.0000000000000000000
36,2013,0.0000000000000000000
37,2013,0.0000000000000000000
38,2013,0.0000000000000000000
39,2013,0.0000000000000000000
40,2013,0.0000000000000000000
41,2013,0.0000000000000000000
42,2013,0.0000000000000000000
43,2013,0.0000000000000000000
44,2013,0.0000000000000000000
45,2013,0.0000000000000000000
46,2013,0.0000000000000000000
47,2013,0.0000000000000000000
48,2013,0.0000000000000000000
49,2013,0.0000000000000000000
50,2013,0.0000000000000000000
51,2013,0.0000000000000000000
52,2013,0.0000000000000000000
53,2013,0.0000000000000000000
54,2013,0.0000000000000000000
55,2013,0.0063735359168510973
56,2013,0.0000000000000000000
57,2013,0.0000000000000000000
58,2013,0.0000000025044061238
59,2013,0.1243839809136172286
60,2013,0.0000000000000000000
61,2013,0.0000000000000000000
62,2013,0.0005961173699073586
63,2013,0.0076607890121992168
64,2013,0.0029174334301411767
65,2013,0.0000000000000000000
66,2013,0.0000000000000000000
67,2013,0.0000000000000000000
68,2013,0.0000000000000000000
69,2013,1.0000000000000000000
70,2013,1.0000000000000000000
71,2013,0.8204923663732519579
72,2013,0.5241346061753041630
73,2013,0.2981819723317664650
74,2013,1.0000000000000000000
75,2013,0.6634700630467622595
76,2013,0.5454746648527317721
77,2013,0.0000000000000000000
78,2013,0.0000000000000000000
79,2013,0.0000000000000000000
80,2013,0.0000000000000000000
81,2013,0.0000000000000000000
82,2013,0.0000000000000000000
84,2013,0.0000000000000000000
85,2013,0.0000000000000000000
86,2013,0.0000000000000000000
88,2013,0.0687379375215619731
89,2013,0.2088670226727311618
90,2013,0.2103026054201742046
91,2013,0.1922155733510906295
92,2013,0.0950174711452374254
93,2013,0.1588557294338606984
94,2013,0.1676610210467632534
95,2013,0.1578445305328171344
96,2013,0.0000000000000000000
97,2013,0.0000000000000000000
98,2013,0.0000000000000000000
99,2013,0.0000000000000000000
100,2013,0.0000000000000000000
101,2013,0.0956840846862445082
102,2013,0.0125829300544000270
103,2013,0.0000000000000000000
104,2013,0.0000000000000000000
105,2013,0.1682234289897210355
106,2013,0.0000000000000000000
107,2013,0.0000000000000000000
108,2013,0.0000000000000000000
110,2013,0.0000000000000000000
111,2013,0.0000000000000000000
112,2013,0.0000000000000000000
113,2013,0.0000000000000000000
114,2013,0.0000000000000000000
115,2013,0.0000000000000000000
116,2013,0.0000000000000000000
117,2013,0.0000000000000000000
118,2013,0.0000000000000000000
119,2013,0.0000000000000000000
120,2013,0.0000000000000000000
121,2013,0.0000000000000000000
122,2013,0.0000000000000000000
123,2013,0.0000000000000000000
124,2013,0.0000000000000000000
125,2013,0.0000000000000000000
126,2013,0.0000000000000000000
127,2013,0.0000000000000000000
129,2013,0.0000000000000000000
130,2013,0.0000000000000000000
131,2013,0.0000000000000000000
132,2013,0.0000000000000000000
133,2013,0.0000000000000000000
134,2013,0.0000000000000000000
135,2013,0.0213478342975233458
136,2013,0.0000000000000000000
137,2013,0.0697129099217713571
138,2013,0.1269246104579663248
139,2013,0.0000000000000000000
140,2013,0.0000000000000000000
141,2013,0.0777123075539154773
143,2013,0.0756443728334428162
144,2013,0.0201095208415725188
145,2013,0.0907260166707822835
146,2013,0.0000000000000000000
147,2013,0.0000000000000000000
148,2013,0.0000000000000000000
149,2013,0.0000000000000000000
150,2013,0.0000000000000000000
151,2013,0.0000000000000000000
152,2013,0.0000000000000000000
153,2013,0.0000000000000000000
154,2013,0.0000000000000000000
155,2013,0.0000000000000000000
156,2013,0.0000000000000000000
157,2013,0.0000000000000000000
158,2013,0.0000000000000000000
159,2013,0.0000000000000000000
161,2013,0.0000000000000000000
162,2013,0.0563203232368945997
163,2013,0.0740869725158818659
164,2013,0.0000000000000000000
166,2013,0.0000000000000000000
167,2013,0.0000000000000000000
168,2013,0.0000000000000000000
169,2013,0.0000000000000000000
171,2013,0.0013632510948454618
172,2013,0.1042167424420935157
173,2013,0.0342982019025700260
174,2013,1.0000000000000000000
175,2013,0.1911626960297699851
176,2013,0.2044664895291241069
177,2013,0.1031297877827425657
178,2013,1.0000000000000000000
179,2013,0.0669476153042470740
180,2013,0.0968166163288453480
181,2013,0.0838986848799902069
182,2013,0.0452114156918766372
183,2013,0.0380819470940220867
184,2013,0.0000007881531636103
185,2013,0.0000000000000000000
186,2013,0.0000000000000000000
187,2013,0.0000000000000000000
188,2013,0.0000000000000000000
189,2013,1.0000000000000000000
190,2013,0.0000000000000000000
191,2013,0.0000000000000000000
192,2013,0.0000000000000000000
193,2013,0.0000000000000000000
194,2013,0.0000000000000000000
195,2013,0.0000000000000000000
196,2013,0.0000000000000000000
197,2013,0.0000000000000000000
198,2013,0.0000000000000000000
199,2013,0.0000000000000000000
200,2013,0.0044015857729349144
202,2013,0.0000000000000000000
203,2013,0.0000000000000000000
204,2013,0.0000000000000000000
205,2013,0.0000000000000000000
206,2013,0.0000000000000000000
207,2013,0.0000000000000000000
208,2013,0.0000000000000000000
209,2013,0.0405395970039315046
210,2013,0.0148140916303478865
212,2013,0.0000000000000000000
214,2013,0.0000000000000000000
215,2013,0.0000000000000000000
216,2013,0.0000000000000000000
218,2013,0.3412820524975114234
219,2013,0.1018338708782762086
220,2013,0.0000000000000000000
221,2013,0.0000000000000000000
222,2013,0.9337181377596250886
223,2013,0.0359155253639699690
224,2013,0.0788903473013102680
227,2013,0.0860799277322290141
228,2013,0.0795580257296844423
231,2013,0.0000000000000000000
232,2013,0.0000000000000000000
237,2013,0.0000000000000000000
244,2013,0.0000000000000000000
245,2013,0.0000000000000000000
247,2013,0.0000000000000000000
248,2013,0.0000000000000000000
249,2013,0.0000000000000000000
250,2013,0.0000000000000000000
1,2014,0.0000000000000000000
2,2014,0.0000000000000000000
3,2014,0.0000000000000000000
4,2014,0.1548947881059090925
5,2014,0.0000000000000000000
6,2014,0.0000000000000000000
7,2014,0.0000000000000000000
8,2014,0.0000000000000000000
9,2014,0.0000000000000000000
10,2014,0.0000000000000000000
11,2014,0.0000000000000000000
12,2014,0.0000000000000000000
13,2014,0.0000000000000000000
14,2014,0.0000000000000000000
15,2014,0.0000000000000000000
16,2014,0.0154709926433912875
17,2014,0.0000000000000000000
18,2014,0.0000000000000000000
19,2014,0.0000000000000000000
20,2014,0.0798869263455156686
21,2014,0.0968316793680251559
24,2014,0.0000000000000000000
25,2014,0.0000000000000000000
26,2014,0.0000000000000000000
28,2014,0.0000000000000000000
29,2014,0.0000000000000000000
30,2014,0.0000000000000000000
31,2014,0.0000000000000000000
32,2014,0.0000000000000000000
33,2014,0.0000000000000000000
34,2014,0.0000000000000000000
35,2014,0.0000000000000000000
36,2014,0.0000000000000000000
37,2014,0.0000000000000000000
38,2014,0.0000000000000000000
39,2014,0.0000000000000000000
40,2014,0.0000000000000000000
41,2014,0.0000000000000000000
42,2014,0.0000000000000000000
43,2014,0.0000000000000000000
44,2014,0.0000000000000000000
45,2014,0.0000000000000000000
46,2014,0.0000000000000000000
47,2014,0.0000000000000000000
48,2014,0.0000000000000000000
49,2014,0.0000000000000000000
50,2014,0.0000000000000000000
51,2014,0.0000000000000000000
52,2014,0.0000000000000000000
53,2014,0.0000000000000000000
54,2014,0.0000000000000000000
55,2014,0.0103086329389593702
56,2014,0.0000000000000000000
57,2014,0.0000000000000000000
58,2014,0.0000000150053294504
59,2014,0.0359079350353168902
60,2014,0.0002090102583786254
61,2014,0.0000000000000000000
62,2014,0.0011278407656511945
63,2014,0.0142892615702543673
64,2014,0.0054628679339434839
65,2014,0.0000000000000000000
66,2014,0.0000000000000000000
67,2014,0.0000000000000000000
68,2014,0.0000000000000000000
69,2014,1.0000000000000000000
70,2014,1.0000000000000000000
71,2014,0.4943826529071037590
72,2014,0.2586055109114440698
73,2014,0.2853628708100202638
74,2014,1.0000000000000000000
75,2014,0.4223007012165445051
76,2014,0.3800154650557829861
77,2014,0.0000000000000000000
78,2014,0.0000000000000000000
79,2014,0.0000000000000000000
80,2014,0.0000000000000000000
81,2014,0.0000000000000000000
82,2014,0.0000000000000000000
84,2014,0.0000000000000000000
85,2014,0.0000000000000000000
86,2014,0.0000000000000000000
88,2014,0.0857123567593215396
89,2014,0.2527449048452557467
90,2014,0.2009573715527449012
91,2014,0.1800532892865508716
92,2014,0.1076540106428174048
93,2014,0.1981683589834981885
94,2014,0.2227102750605168824
95,2014,0.1904594805883556841
96,2014,0.0000000000000000000
97,2014,0.0000000000000000000
98,2014,0.0000000000000000000
99,2014,0.0000000000000000000
100,2014,0.0000000000000000000
101,2014,0.0860728893886316127
102,2014,0.0106279091430906362
103,2014,0.0000000000000000000
104,2014,0.0000000000000000000
105,2014,0.1852503627596084890
106,2014,0.0000000000000000000
107,2014,0.0000000000000000000
108,2014,0.0000000000000000000
110,2014,0.0000000000000000000
111,2014,0.0000000000000000000
112,2014,0.0000000000000000000
113,2014,0.0000000000000000000
114,2014,0.0000000000000000000
115,2014,0.0000000000000000000
116,2014,0.0000000000000000000
117,2014,0.0000000000000000000
118,2014,0.0000000000000000000
119,2014,0.0000000000000000000
120,2014,0.0000000000000000000
121,2014,0.0000000000000000000
122,2014,0.0000000000000000000
123,2014,0.0000000000000000000
124,2014,0.0000000000000000000
125,2014,0.0000000000000000000
126,2014,0.0000000000000000000
127,2014,0.0000000000000000000
129,2014,0.0000000000000000000
130,2014,0.0000000000000000000
131,2014,0.0000000000000000000
132,2014,0.0000000000000000000
133,2014,0.0000000000000000000
134,2014,0.0000000000000000000
135,2014,0.0064734329515383510
136,2014,0.0000000000000000000
137,2014,0.0176505521866166318
138,2014,0.0722273289417245806
139,2014,0.0000000000000000000
140,2014,0.0000000000000000000
141,2014,0.0333006367512358806
143,2014,0.0276663784752507538
144,2014,0.0080672583266640247
145,2014,0.0862433065215593431
146,2014,0.0000000000000000000
147,2014,0.0000000000000000000
148,2014,0.0000000000000000000
149,2014,0.0000000000000000000
150,2014,0.0000000000000000000
151,2014,0.0000000000000000000
152,2014,0.0000000000000000000
153,2014,0.0000000000000000000
154,2014,0.0000000000000000000
155,2014,0.0000000000000000000
156,2014,0.0000000000000000000
157,2014,0.0000000000000000000
158,2014,0.0000000000000000000
159,2014,0.0000000000000000000
161,2014,0.0000000000000000000
162,2014,0.0732340715598019942
163,2014,0.0395015104236278725
164,2014,0.0000000000000000000
166,2014,0.0000000000000000000
167,2014,0.0000000000000000000
168,2014,0.0000000000000000000
169,2014,0.0000000000000000000
171,2014,0.0008777641110753371
172,2014,0.1049174192793805999
173,2014,0.0129171999552038733
174,2014,1.0000000000000000000
175,2014,0.1713867967748598786
176,2014,0.1587269128803192597
177,2014,0.0380855259284828829
178,2014,1.0000000000000000000
179,2014,0.0555151174872290723
180,2014,0.0542663434475947684
181,2014,0.0702291470336979529
182,2014,0.0425641830821539419
183,2014,0.0309386089174148692
184,2014,0.0000000000000000000
185,2014,0.0000000000000000000
186,2014,0.0000000000000000000
187,2014,0.0000000000000000000
188,2014,0.0000000000000000000
189,2014,1.0000000000000000000
190,2014,0.0000000000000000000
191,2014,0.0000000000000000000
192,2014,0.0000000000000000000
193,2014,0.0000000000000000000
194,2014,0.0000000000000000000
195,2014,0.0000000000000000000
196,2014,0.0000000000000000000
197,2014,0.0000000000000000000
198,2014,0.0000000000000000000
199,2014,0.0000000000000000000
200,2014,0.0042743948048693768
202,2014,0.0000000000000000000
203,2014,0.0000000000000000000
204,2014,0.0000000000000000000
205,2014,0.0000000000000000000
206,2014,0.0000000000000000000
207,2014,0.0000000000000000000
208,2014,0.0000000000000000000
209,2014,0.0352528994217780195
210,2014,0.0175034647220186391
212,2014,0.0000000000000000000
214,2014,0.0000000000000000000
215,2014,0.0000000000000000000
216,2014,0.0000000000000000000
218,2014,0.3189874174335636803
219,2014,0.1342542483118446539
220,2014,0.0000000000000000000
221,2014,0.0000000000000000000
222,2014,0.9350122629307621169
223,2014,0.0401866661229886568
224,2014,0.0933928503197515442
227,2014,0.0590981668490176901
228,2014,0.0507451620274126450
231,2014,0.0000000000000000000
232,2014,0.0000000000000000000
237,2014,0.0000000000000000000
244,2014,0.0000000000000000000
245,2014,0.0000000000000000000
247,2014,0.0000000000000000000
248,2014,0.0000000000000000000
249,2014,0.0000000000000000000
250,2014,0.0000000000000000000
1,2015,0.0000000000000000000
2,2015,0.0000000000000000000
3,2015,0.0000000000000000000
4,2015,0.1652140512534112649
5,2015,0.0000000000000000000
6,2015,0.0000000000000000000
7,2015,0.0000000000000000000
8,2015,0.0000000000000000000
9,2015,0.0000000000000000000
10,2015,0.0000000000000000000
11,2015,0.0000000000000000000
12,2015,0.0000000000000000000
13,2015,0.0000000000000000000
14,2015,0.0000000553955651179
15,2015,0.0000000000000000000
16,2015,0.0212073438401067689
17,2015,0.0000000000000000000
18,2015,0.0000000000000000000
19,2015,0.0000000000000000000
20,2015,0.0866818014238207452
21,2015,0.0985473962241642243
24,2015,0.0000000000000000000
25,2015,0.0000000000000000000
26,2015,0.0000000000000000000
28,2015,0.0000000000000000000
29,2015,0.0000000000000000000
30,2015,0.0000000000000000000
31,2015,0.0000000000000000000
32,2015,0.0000000000000000000
33,2015,0.0000000000000000000
34,2015,0.0000000000000000000
35,2015,0.0000000000000000000
36,2015,0.0000000000000000000
37,2015,0.0000000000000000000
38,2015,0.0000000000000000000
39,2015,0.0000000000000000000
40,2015,0.0000000000000000000
41,2015,0.0000000000000000000
42,2015,0.0000000000000000000
43,2015,0.0000000000000000000
44,2015,0.0000000000000000000
45,2015,0.0000000000000000000
46,2015,0.0000000000000000000
47,2015,0.0000000000000000000
48,2015,0.0000000000000000000
49,2015,0.0000000000000000000
50,2015,0.0000000000000000000
51,2015,0.0000000000000000000
52,2015,0.0000000000000000000
53,2015,0.0000000000000000000
54,2015,0.0000000000000000000
55,2015,0.0050850547564789865
56,2015,0.0000000000000000000
57,2015,0.0000000000000000000
58,2015,0.0000000234887033428
59,2015,0.0703744870955917423
60,2015,0.0000000000000000000
61,2015,0.0000000000000000000
62,2015,0.0008064344052417165
63,2015,0.0132353911101495136
64,2015,0.0028649572577787654
65,2015,0.0000000000000000000
66,2015,0.0000000000000000000
67,2015,0.0000000000000000000
68,2015,0.0000000000000000000
69,2015,1.0000000000000000000
70,2015,1.0000000000000000000
71,2015,0.7083169535891186142
72,2015,0.3341988603132869939
73,2015,0.2990364969305220333
74,2015,1.0000000000000000000
75,2015,0.5937730057880884482
76,2015,0.5469209078428866055
77,2015,0.0000000000000000000
78,2015,0.0000000000000000000
79,2015,0.0000000000000000000
80,2015,0.0000000000000000000
81,2015,0.0000000000000000000
82,2015,0.0000000000000000000
84,2015,0.0000000000000000000
85,2015,0.0000000000000000000
86,2015,0.0000000000000000000
88,2015,0.0856476797542238960
89,2015,0.2538487445954077937
90,2015,0.2098320420053830793
91,2015,0.1778400051934502235
92,2015,0.0754631830188160491
93,2015,0.1883591121505305832
94,2015,0.2358782262005784391
95,2015,0.1850206784277586003
96,2015,0.0000000000000000000
97,2015,0.0000000000000000000
98,2015,0.0000000000000000000
99,2015,0.0000000000000000000
100,2015,0.0000000000000000000
101,2015,0.1126191404390934486
102,2015,0.0182491506036694465
103,2015,0.0000000000000000000
104,2015,0.0000000000000000000
105,2015,0.2194514713502268566
106,2015,0.0000000000000000000
107,2015,0.0000000000000000000
108,2015,0.0000000000000000000
110,2015,0.0000000000000000000
111,2015,0.0000000000000000000
112,2015,0.0000000000000000000
113,2015,0.0000000000000000000
114,2015,0.0000000000000000000
115,2015,0.0000000000000000000
116,2015,0.0000000000000000000
117,2015,0.0000000000000000000
118,2015,0.0000000000000000000
119,2015,0.0000000000000000000
120,2015,0.0000000000000000000
121,2015,0.0000000000000000000
122,2015,0.0000000000000000000
123,2015,0.0000000000000000000
124,2015,0.0000000000000000000
125,2015,0.0000000000000000000
126,2015,0.0000000000000000000
127,2015,0.0000000000000000000
129,2015,0.0000000000000000000
130,2015,0.0000000000000000000
131,2015,0.0000000000000000000
132,2015,0.0000000000000000000
133,2015,0.0000000000000000000
134,2015,0.0000000000000000000
135,2015,0.0025659327291381912
136,2015,0.0000000000000000000
137,2015,0.0000065940494306773
138,2015,0.0170869302097701563
139,2015,0.0000000000000000000
140,2015,0.0000000000000000000
141,2015,0.1002006431876323184
143,2015,0.0995629702216390827
144,2015,0.0202252116568402696
145,2015,0.1266887630498503003
146,2015,0.0000000000000000000
147,2015,0.0000000000000000000
148,2015,0.0000000000000000000
149,2015,0.0000000000000000000
150,2015,0.0000000000000000000
151,2015,0.0000000000000000000
152,2015,0.0000000000000000000
153,2015,0.0000000000000000000
154,2015,0.0000000000000000000
155,2015,0.0000000000000000000
156,2015,0.0000000000000000000
157,2015,0.0000000000000000000
158,2015,0.0000000000000000000
159,2015,0.0000000000000000000
161,2015,0.0000000000000000000
162,2015,0.0899478718707459463
163,2015,0.0499290489598329043
164,2015,0.0000000000000000000
166,2015,0.0000000000000000000
167,2015,0.0000000000000000000
168,2015,0.0000000000000000000
169,2015,0.0000000000000000000
171,2015,0.0011644535769684574
172,2015,0.1135920326791386020
173,2015,0.0275235129095016511
174,2015,1.0000000000000000000
175,2015,0.1769920229865123151
176,2015,0.1857247660398918254
177,2015,0.0852516361814467938
178,2015,1.0000000000000000000
179,2015,0.0703734103357404051
180,2015,0.1039431457725313868
181,2015,0.1118066490801633422
182,2015,0.0476293261074699076
183,2015,0.0384122012052038192
184,2015,0.0000001341535253247
185,2015,0.0000000000000000000
186,2015,0.0000000000000000000
187,2015,0.0000000000000000000
188,2015,0.0000000000000000000
189,2015,1.0000000000000000000
190,2015,0.0000000000000000000
191,2015,0.0000000000000000000
192,2015,0.0000000000000000000
193,2015,0.0000000000000000000
194,2015,0.0000000000000000000
195,2015,0.0000000000000000000
196,2015,0.0000000000000000000
197,2015,0.0000000000000000000
198,2015,0.0000000000000000000
199,2015,0.0000000000000000000
200,2015,0.0066205193711806219
202,2015,0.0000000000000000000
203,2015,0.0000000000000000000
204,2015,0.0000000000000000000
205,2015,0.0000000000000000000
206,2015,0.0000000000000000000
207,2015,0.0000000000000000000
208,2015,0.0000000000000000000
209,2015,0.0358678983857890973
210,2015,0.0150609734751584682
212,2015,0.0000000000000000000
214,2015,0.0000000000000000000
215,2015,0.0000000000000000000
216,2015,0.0000000000000000000
218,2015,0.3455358092952077187
219,2015,0.1525320900919174827
220,2015,0.0000000000000000000
221,2015,0.0000000000000000000
222,2015,0.9308906663376687041
223,2015,0.0440117086380997780
224,2015,0.0818253290480901313
227,2015,0.0917279207559212190
228,2015,0.0662031312580906028
231,2015,0.0000000000000000000
232,2015,0.0000000000000000000
237,2015,0.0000000000000000000
244,2015,0.0000000000000000000
245,2015,0.0000000000000000000
247,2015,0.0000000000000000000
248,2015,0.0000000000000000000
249,2015,0.0000000000000000000
250,2015,0.0000000000000000000
1,2016,0.0000000000000000000
2,2016,0.0000000000000000000
3,2016,0.0000000000000000000
4,2016,0.1741903194174586611
5,2016,0.0000000000000000000
6,2016,0.0000000000000000000
7,2016,0.0000000000000000000
8,2016,0.0000000000000000000
9,2016,0.0000000000000000000
10,2016,0.0000000000000000000
11,2016,0.0000000000000000000
12,2016,0.0000000000000000000
13,2016,0.0000000000000000000
14,2016,0.0000002813793905672
15,2016,0.0000000000000000000
16,2016,0.0226288665919808715
17,2016,0.0000000000000000000
18,2016,0.0000000000000000000
19,2016,0.0000000000000000000
20,2016,0.0755136713472273902
21,2016,0.1019839530326029364
24,2016,0.0000000000000000000
25,2016,0.0000000000000000000
26,2016,0.0000000000000000000
28,2016,0.0000000000000000000
29,2016,0.0000000000000000000
30,2016,0.0000000000000000000
31,2016,0.0000000000000000000
32,2016,0.0000000000000000000
33,2016,0.0000000000000000000
34,2016,0.0000000000000000000
35,2016,0.0000000000000000000
36,2016,0.0000000000000000000
37,2016,0.0000000000000000000
38,2016,0.0000000000000000000
39,2016,0.0000000000000000000
40,2016,0.0000000000000000000
41,2016,0.0000000000000000000
42,2016,0.0000000000000000000
43,2016,0.0000000000000000000
44,2016,0.0000000000000000000
45,2016,0.0000000000000000000
46,2016,0.0000000000000000000
47,2016,0.0000000000000000000
48,2016,0.0000000000000000000
49,2016,0.0000000000000000000
50,2016,0.0000000000000000000
51,2016,0.0000000000000000000
52,2016,0.0000000000000000000
53,2016,0.0000000000000000000
54,2016,0.0000000000000000000
55,2016,0.0097387139780503885
56,2016,0.0000000000000000000
57,2016,0.0000000000000000000
58,2016,0.0000000214631665036
59,2016,0.0853444397917170611
60,2016,0.0000000000000000000
61,2016,0.0000000000000000000
62,2016,0.0007442993224967281
63,2016,0.0106737029723495604
64,2016,0.0028395000562209186
65,2016,0.0000000000000000000
66,2016,0.0000000000000000000
67,2016,0.0000000000000000000
68,2016,0.0000000000000000000
69,2016,1.0000000000000000000
70,2016,1.0000000000000000000
71,2016,0.7316467182685166826
72,2016,0.3335409121213838146
73,2016,0.3334124389911056752
74,2016,1.0000000000000000000
75,2016,0.4826474669203945633
76,2016,0.5312158122544737848
77,2016,0.0000000000000000000
78,2016,0.0000000000000000000
79,2016,0.0000000000000000000
80,2016,0.0000000000000000000
81,2016,0.0000000000000000000
82,2016,0.0000000000000000000
84,2016,0.0000000000000000000
85,2016,0.0000000000000000000
86,2016,0.0000000000000000000
88,2016,0.1041517489748392256
89,2016,0.2735426305805512825
90,2016,0.2218150605389729857
91,2016,0.2013885352459008626
92,2016,0.1045879501642914267
93,2016,0.1683286885606289640
94,2016,0.1954897735566475392
95,2016,0.1843117600011110191
96,2016,0.0000000000000000000
97,2016,0.0000000000000000000
98,2016,0.0000000000000000000
99,2016,0.0000000000000000000
100,2016,0.0000000000000000000
101,2016,0.1132097691294148140
102,2016,0.0162027168954781281
103,2016,0.0000000000000000000
104,2016,0.0000000000000000000
105,2016,0.2561162866757129009
106,2016,0.0000000000000000000
107,2016,0.0000000000000000000
108,2016,0.0000000000000000000
110,2016,0.0000000000000000000
111,2016,0.0000000000000000000
112,2016,0.0000000000000000000
113,2016,0.0000000000000000000
114,2016,0.0000000000000000000
115,2016,0.0000000000000000000
116,2016,0.0000000000000000000
117,2016,0.0000000000000000000
118,2016,0.0000000000000000000
119,2016,0.0000000000000000000
120,2016,0.0000000000000000000
121,2016,0.0000000000000000000
122,2016,0.0000000000000000000
123,2016,0.0000000000000000000
124,2016,0.0000000000000000000
125,2016,0.0000000000000000000
126,2016,0.0000000000000000000
127,2016,0.0000000000000000000
129,2016,0.0000000000000000000
130,2016,0.0000000000000000000
131,2016,0.0000000000000000000
132,2016,0.0000000000000000000
133,2016,0.0000000000000000000
134,2016,0.0000000000000000000
135,2016,0.0144422638066917311
136,2016,0.0000000000000000000
137,2016,0.0411490465594251120
138,2016,0.0373360478642363186
139,2016,0.0000000000000000000
140,2016,0.0000000000000000000
141,2016,0.0856684448637928669
143,2016,0.0620656307986826722
144,2016,0.0114317069702183707
145,2016,0.0885515525649911428
146,2016,0.0000000000000000000
147,2016,0.0000000000000000000
148,2016,0.0000000000000000000
149,2016,0.0000000000000000000
150,2016,0.0000000000000000000
151,2016,0.0000000000000000000
152,2016,0.0000000000000000000
153,2016,0.0000000000000000000
154,2016,0.0000000000000000000
155,2016,0.0000000000000000000
156,2016,0.0000000000000000000
157,2016,0.0000000000000000000
158,2016,0.0000000000000000000
159,2016,0.0000000000000000000
161,2016,0.0000000000000000000
162,2016,0.0828774590606420336
163,2016,0.0580852139668219733
164,2016,0.0000000000000000000
166,2016,0.0000000000000000000
167,2016,0.0000000000000000000
168,2016,0.0000000000000000000
169,2016,0.0000000000000000000
171,2016,0.0015381728913391893
172,2016,0.1136777835591862434
173,2016,0.0565679396646001156
174,2016,1.0000000000000000000
175,2016,0.1833246419328540544
176,2016,0.1795837356345104385
177,2016,0.0784900858247946781
178,2016,1.0000000000000000000
179,2016,0.0735648880776101910
180,2016,0.1004179485031045788
181,2016,0.1022242075783369175
182,2016,0.0476313451513172142
183,2016,0.0459135593282435986
184,2016,0.0000000000001058959
185,2016,0.0000000000000000000
186,2016,0.0000000000000000000
187,2016,0.0000000000000000000
188,2016,0.0000000000000000000
189,2016,1.0000000000000000000
190,2016,0.0000000000000000000
191,2016,0.0000000000000000000
192,2016,0.0000000000000000000
193,2016,0.0000000000000000000
194,2016,0.0000000000000000000
195,2016,0.0000000000000000000
196,2016,0.0000000000000000000
197,2016,0.0000000000000000000
198,2016,0.0000000000000000000
199,2016,0.0000000000000000000
200,2016,0.0041984016280288607
202,2016,0.0000000000000000000
203,2016,0.0000000000000000000
204,2016,0.0000000000000000000
205,2016,0.0000000000000000000
206,2016,0.0000000000000000000
207,2016,0.0000000000000000000
208,2016,0.0000000000000000000
209,2016,0.0332101873097290709
210,2016,0.0111895759999729554
212,2016,0.0000000000000000000
214,2016,0.0000000000000000000
215,2016,0.0000000000000000000
216,2016,0.0000000000000000000
218,2016,0.3292463799819104753
219,2016,0.1168370692740245270
220,2016,0.0000000000000000000
221,2016,0.0000000000000000000
222,2016,0.9362415815663199803
223,2016,0.0438043164021533274
224,2016,0.0731186052352702648
227,2016,0.1222640938497909363
228,2016,0.1084092031360696512
231,2016,0.0000000000000000000
232,2016,0.0000000000000000000
237,2016,0.0000000000000000000
244,2016,0.0000000000000000000
245,2016,0.0000000000000000000
247,2016,0.0000000000000000000
248,2016,0.0000000000000000000
249,2016,0.0000000000000000000
250,2016,0.0000000000000000000
1,2017,0.0000000000000000000
2,2017,0.0000000000000000000
3,2017,0.0000000000000000000
4,2017,0.1483816474077496173
5,2017,0.0000000000000000000
6,2017,0.0000000000000000000
7,2017,0.0000000000000000000
8,2017,0.0000000000000000000
9,2017,0.0000000000000000000
10,2017,0.0000000000000000000
11,2017,0.0000000000000000000
12,2017,0.0000000000000000000
13,2017,0.0000000000000000000
14,2017,0.0000000000000000000
15,2017,0.0000000000000000000
16,2017,0.0231819666224435325
17,2017,0.0000000000000000000
18,2017,0.0000000000000000000
19,2017,0.0000000000000000000
20,2017,0.0654132911976459952
21,2017,0.0294910881696987918
24,2017,0.0000000000000000000
25,2017,0.0000000000000000000
26,2017,0.0000000000000000000
28,2017,0.0000000000000000000
29,2017,0.0000000000000000000
30,2017,0.0000000000000000000
31,2017,0.0000000000000000000
32,2017,0.0000000000000000000
33,2017,0.0000000000000000000
34,2017,0.0000000000000000000
35,2017,0.0000000000000000000
36,2017,0.0000000000000000000
37,2017,0.0000000000000000000
38,2017,0.0000000000000000000
39,2017,0.0000000000000000000
40,2017,0.0000000000000000000
41,2017,0.0000000000000000000
42,2017,0.0000000000000000000
43,2017,0.0000000000000000000
44,2017,0.0000000000000000000
45,2017,0.0000000000000000000
46,2017,0.0000000000000000000
47,2017,0.0000000000000000000
48,2017,0.0000000000000000000
49,2017,0.0000000000000000000
50,2017,0.0000000000000000000
51,2017,0.0000000000000000000
52,2017,0.0000000000000000000
53,2017,0.0000000000000000000
54,2017,0.0000000000000000000
55,2017,0.0044853328488451971
56,2017,0.0000000000000000000
57,2017,0.0000000000000000000
58,2017,0.0000000130571250405
59,2017,0.1078628974833658744
60,2017,0.0036273528228276501
61,2017,0.0000000000000000000
62,2017,0.0012102545141370229
63,2017,0.0062822837403130891
64,2017,0.0016705150788347337
65,2017,0.0000000000000000000
66,2017,0.0000000000000000000
67,2017,0.0000000000000000000
68,2017,0.0000000000000000000
69,2017,1.0000000000000000000
70,2017,1.0000000000000000000
71,2017,0.8551263722646786913
72,2017,0.5229468425087981931
73,2017,0.3594764838150145136
74,2017,1.0000000000000000000
75,2017,0.7096411009808827330
76,2017,0.6354315178693014099
77,2017,0.0000000000000000000
78,2017,0.0000000000000000000
79,2017,0.0000000000000000000
80,2017,0.0000000000000000000
81,2017,0.0000000000000000000
82,2017,0.0000000000000000000
84,2017,0.0000000000000000000
85,2017,0.0000000000000000000
86,2017,0.0000000000000000000
88,2017,0.1002470365665958651
89,2017,0.2595368587830948481
90,2017,0.2486901616199406750
91,2017,0.2197951180222586787
92,2017,0.0940433778043166940
93,2017,0.1773815362021919362
94,2017,0.1983442436329101721
95,2017,0.1535159557187855961
96,2017,0.0000000000000000000
97,2017,0.0000000000000000000
98,2017,0.0000000000000000000
99,2017,0.0000000000000000000
100,2017,0.0000000000000000000
101,2017,0.1251121888068781607
102,2017,0.0224241631279128682
103,2017,0.0000000000000000000
104,2017,0.0000000000000000000
105,2017,0.2492908233890552827
106,2017,0.0000000000000000000
107,2017,0.0000000000000000000
108,2017,0.0000000000000000000
110,2017,0.0000000000000000000
111,2017,0.0000000000000000000
112,2017,0.0000000000000000000
113,2017,0.0000000000000000000
114,2017,0.0000000000000000000
115,2017,0.0000000000000000000
116,2017,0.0000000000000000000
117,2017,0.0000000000000000000
118,2017,0.0000000000000000000
119,2017,0.0000000000000000000
120,2017,0.0000000000000000000
121,2017,0.0000000000000000000
122,2017,0.0000000000000000000
123,2017,0.0000000000000000000
124,2017,0.0000000000000000000
125,2017,0.0000000000000000000
126,2017,0.0000000000000000000
127,2017,0.0000000000000000000
129,2017,0.0000000000000000000
130,2017,0.0001037851048355274
131,2017,0.0000115255060501036
132,2017,0.0000000000000000000
133,2017,0.0000000000000000000
134,2017,0.0000000000000000000
135,2017,0.0185380398007869047
136,2017,0.0000000000000000000
137,2017,0.0421549126970382840
138,2017,0.0585140415591385646
139,2017,0.0000000000000000000
140,2017,0.0000000000000000000
141,2017,0.0833194869191951765
143,2017,0.0852168540468558333
144,2017,0.0259964190488130090
145,2017,0.1630310892861595029
146,2017,0.0000000000000000000
147,2017,0.0000000000000000000
148,2017,0.0000000000000000000
149,2017,0.0000000000000000000
150,2017,0.0000000000000000000
151,2017,0.0000000000000000000
152,2017,0.0000000000000000000
153,2017,0.0000000000000000000
154,2017,0.0000000000000000000
155,2017,0.0000000000000000000
156,2017,0.0000000000000000000
157,2017,0.0000000000000000000
158,2017,0.0000000000000000000
159,2017,0.0000000000000000000
161,2017,0.0000000000000000000
162,2017,0.0774572333618385456
163,2017,0.0785695497033384038
164,2017,0.0000000000000000000
166,2017,0.0000000000000000000
167,2017,0.0000000000000000000
168,2017,0.0000000000000000000
169,2017,0.0000000000000000000
171,2017,0.0001231742697749434
172,2017,0.0902960350908152826
173,2017,0.0004950877214253707
174,2017,1.0000000000000000000
175,2017,0.2124780277906408443
176,2017,0.1999153409486688071
177,2017,0.0973949582935836056
178,2017,1.0000000000000000000
179,2017,0.0712613400839309241
180,2017,0.0985801268770882116
181,2017,0.0965932513793270470
182,2017,0.0445671230388830844
183,2017,0.0376037566769708079
184,2017,0.0000056544125612348
185,2017,0.0000265220140156442
186,2017,0.0000000000000000000
187,2017,0.0000000000000000000
188,2017,0.0000000000000000000
189,2017,1.0000000000000000000
190,2017,0.0000000000000000000
191,2017,0.0000000000000000000
192,2017,0.0000000000000000000
193,2017,0.0000000000000000000
194,2017,0.0000000000000000000
195,2017,0.0000000000000000000
196,2017,0.0000000000000000000
197,2017,0.0000000000000000000
198,2017,0.0000000000000000000
199,2017,0.0000000000000000000
200,2017,0.0049667401816632945
202,2017,0.0000000000000000000
203,2017,0.0000000000000000000
204,2017,0.0000000000000000000
205,2017,0.0000000000000000000
206,2017,0.0000000000000000000
207,2017,0.0000000000000000000
208,2017,0.0000000000000000000
209,2017,0.0198569722047296990
210,2017,0.0154025232850174641
212,2017,0.0000000000000000000
214,2017,0.0000000000000000000
215,2017,0.0000000000000000000
216,2017,0.0000000000000000000
218,2017,0.3984545609564616453
219,2017,0.1501547767918422482
220,2017,0.0000000000000000000
221,2017,0.0000000000000000000
222,2017,0.9381070479834821008
223,2017,0.0769570874991026277
224,2017,0.0779663326429145126
227,2017,0.1110354845990637329
228,2017,0.0859553759094902475
231,2017,0.0000000000000000000
232,2017,0.0000000000000000000
237,2017,0.0000000000000000000
244,2017,0.0000000000000000000
245,2017,0.0000000000000000000
247,2017,0.0000000000000000000
248,2017,0.0000000000000000000
249,2017,0.0000000000000000000
250,2017,0.0000000000000000000
1,2018,0.0000000000000000000
2,2018,0.0000000000000000000
3,2018,0.0000000000000000000
4,2018,0.1769050439913470996
5,2018,0.0000000000000000000
6,2018,0.0000000000000000000
7,2018,0.0000000000000000000
8,2018,0.0000000000000000000
9,2018,0.0000000000000000000
10,2018,0.0000000000000000000
11,2018,0.0000000000000000000
12,2018,0.0000000000000000000
13,2018,0.0000000000000000000
14,2018,0.0000000121781999680
15,2018,0.0000000000000000000
16,2018,0.0245966853843487543
17,2018,0.0000000000000000000
18,2018,0.0000000000000000000
19,2018,0.0000000000000000000
20,2018,0.0800310183747780790
21,2018,0.1009919816012100069
24,2018,0.0000000000000000000
25,2018,0.0000000000000000000
26,2018,0.0000000000000000000
28,2018,0.0000000000000000000
29,2018,0.0000000000000000000
30,2018,0.0000000000000000000
31,2018,0.0000000000000000000
32,2018,0.0000000000000000000
33,2018,0.0000000000000000000
34,2018,0.0000000000000000000
35,2018,0.0000000000000000000
36,2018,0.0000000000000000000
37,2018,0.0000000000000000000
38,2018,0.0000000000000000000
39,2018,0.0000000000000000000
40,2018,0.0000000000000000000
41,2018,0.0000000000000000000
42,2018,0.0000000000000000000
43,2018,0.0000000000000000000
44,2018,0.0000000000000000000
45,2018,0.0000000000000000000
46,2018,0.0000000000000000000
47,2018,0.0000000000000000000
48,2018,0.0000000000000000000
49,2018,0.0000000000000000000
50,2018,0.0000000000000000000
51,2018,0.0000000000000000000
52,2018,0.0000000000000000000
53,2018,0.0000000000000000000
54,2018,0.0000000000000000000
55,2018,0.0043240762238178684
56,2018,0.0000000000000000000
57,2018,0.0000495721006944427
58,2018,0.0000000401982459830
59,2018,0.0953515399607573061
60,2018,0.0272382566084464380
61,2018,0.0000000000000000000
62,2018,0.0025985897555324705
63,2018,0.0172497291217587403
64,2018,0.0095325859714112653
65,2018,0.0000000000000000000
66,2018,0.0000053228697151857
67,2018,0.0000000000000000000
68,2018,0.0000000000000000000
69,2018,1.0000000000000000000
70,2018,1.0000000000000000000
71,2018,0.4815658291768552535
72,2018,0.1828489436533048129
73,2018,0.3415833938578120565
74,2018,0.9996507773498404248
75,2018,0.0811227364890117347
76,2018,0.2756029549600115813
77,2018,0.0000000000000000000
78,2018,0.0000000000000000000
79,2018,0.0000000000000000000
80,2018,0.0000000000000000000
81,2018,0.0000000000000000000
82,2018,0.0000000000000000000
84,2018,0.0000000000000000000
85,2018,0.0000000000000000000
86,2018,0.0000000000000000000
88,2018,0.0907170099387911849
89,2018,0.2540340969682494676
90,2018,0.2396156366698777018
91,2018,0.2218951265936314754
92,2018,0.0967045884650039739
93,2018,0.1816755777130324156
94,2018,0.2115396876359354195
95,2018,0.1514323249590009413
96,2018,0.0000000000000000000
97,2018,0.0000000000000000000
98,2018,0.0000000000000000000
99,2018,0.0000000000000000000
100,2018,0.0000000000000000000
101,2018,0.1060701052130415961
102,2018,0.0227790068986079008
103,2018,0.0000000000000000000
104,2018,0.0000000000000000000
105,2018,0.2742972178830410113
106,2018,0.0000000000000000000
107,2018,0.0000000000000000000
108,2018,0.0000000000000000000
110,2018,0.0000000000000000000
111,2018,0.0000000000000000000
112,2018,0.0000000000000000000
113,2018,0.0000000000000000000
114,2018,0.0000000000000000000
115,2018,0.0000000000000000000
116,2018,0.0000000000000000000
117,2018,0.0000000000000000000
118,2018,0.0000000000000000000
119,2018,0.0000000000000000000
120,2018,0.0000000000000000000
121,2018,0.0000000000000000000
122,2018,0.0000000000000000000
123,2018,0.0000000000000000000
124,2018,0.0000000000000000000
125,2018,0.0000000000000000000
126,2018,0.0000000000000000000
127,2018,0.0000000000000000000
129,2018,0.0000000000000000000
130,2018,0.0000697404345472469
131,2018,0.0000391584519547857
132,2018,0.0000000000000000000
133,2018,0.0000000000000000000
134,2018,0.0000001079880384268
135,2018,0.0127260620681294550
136,2018,0.0000000000000000000
137,2018,0.0501663588222342888
138,2018,0.1103528143052558280
139,2018,0.0000000000000000000
140,2018,0.0000000000000000000
141,2018,0.1164298254679133476
143,2018,0.1263456403433511621
144,2018,0.0444237428078147062
145,2018,0.1830588739690900968
146,2018,0.0000000000000000000
147,2018,0.0000000000000000000
148,2018,0.0000000000000000000
149,2018,0.0000000000000000000
150,2018,0.0000000000000000000
151,2018,0.0000000000000000000
152,2018,0.0000000000000000000
153,2018,0.0000000000000000000
154,2018,0.0000000000000000000
155,2018,0.0000000000000000000
156,2018,0.0000000000000000000
157,2018,0.0000000000000000000
158,2018,0.0000000000000000000
159,2018,0.0000000000000000000
161,2018,0.0000000000000000000
162,2018,0.0685425046854404585
163,2018,0.0808180002568369277
164,2018,0.0000000000000000000
166,2018,0.0000000000000000000
167,2018,0.0000000000000000000
168,2018,0.0000000000000000000
169,2018,0.0000000000000000000
171,2018,0.0010203792500341786
172,2018,0.1113334775726747966
173,2018,0.0274114486657300212
174,2018,1.0000000000000000000
175,2018,0.2172572570058178276
176,2018,0.2087453988548813588
177,2018,0.1039081003205737930
178,2018,1.0000000000000000000
179,2018,0.0788725025678849861
180,2018,0.1155839135104572146
181,2018,0.1112147038414407901
182,2018,0.0580018523133485411
183,2018,0.0621214708471041904
184,2018,0.0000020435561852539
185,2018,0.0000000000000000000
186,2018,0.0000000000000000000
187,2018,0.0000000000000000000
188,2018,0.0000000000000000000
189,2018,1.0000000000000000000
190,2018,0.0000000000000000000
191,2018,0.0000000000000000000
192,2018,0.0000000000000000000
193,2018,0.0000000000000000000
194,2018,0.0000000000000000000
195,2018,0.0000000000000000000
196,2018,0.0000000000000000000
197,2018,0.0000000000000000000
198,2018,0.0000000000000000000
199,2018,0.0000000000000000000
200,2018,0.0046398190213152654
202,2018,0.0000000000000000000
203,2018,0.0000000000000000000
204,2018,0.0005006736536307893
205,2018,0.0000000000000000000
206,2018,0.0000000000000000000
207,2018,0.0000000000000000000
208,2018,0.0000000000000000000
209,2018,0.0303734252938839336
210,2018,0.0158068059037943416
212,2018,0.0000000000000000000
214,2018,0.0000000000000000000
215,2018,0.0000000000000000000
216,2018,0.0000000000000000000
218,2018,0.4152554122255978086
219,2018,0.2143968665634180815
220,2018,0.0000000000000000000
221,2018,0.0000000000000000000
222,2018,0.9400610250065476459
223,2018,0.0921865340703547087
224,2018,0.1042680127548352292
227,2018,0.1118839496111008192
228,2018,0.0940229619731463018
231,2018,0.0000000000000000000
232,2018,0.0000000000000000000
237,2018,0.0000000000000000000
244,2018,0.0000000000000000000
245,2018,0.0000000000000000000
247,2018,0.0000000000000000000
248,2018,0.0000000000000000000
249,2018,0.0000000000000000000
250,2018,0.0000000000000000000
1,2019,0.0000000000000000000
2,2019,0.0000000000000000000
3,2019,0.0000000000000000000
4,2019,0.1721553704840605714
5,2019,0.0000000000000000000
6,2019,0.0000000000000000000
7,2019,0.0000000000000000000
8,2019,0.0000000000000000000
9,2019,0.0000000000000000000
10,2019,0.0000000000000000000
11,2019,0.0000000000000000000
12,2019,0.0000000000000000000
13,2019,0.0000000000000000000
14,2019,0.0000010056374872602
15,2019,0.0000000000000000000
16,2019,0.0309643251719824916
17,2019,0.0000000000000000000
18,2019,0.0000000000000000000
19,2019,0.0000000000000000000
20,2019,0.0739483259018480499
21,2019,0.0493151003965540402
24,2019,0.0000000000000000000
25,2019,0.0000000000000000000
26,2019,0.0000000000000000000
28,2019,0.0000000000000000000
29,2019,0.0000000000000000000
30,2019,0.0000000000000000000
31,2019,0.0000000000000000000
32,2019,0.0000000000000000000
33,2019,0.0000000000000000000
34,2019,0.0000000000000000000
35,2019,0.0000000000000000000
36,2019,0.0000000000000000000
37,2019,0.0000000000000000000
38,2019,0.0000000000000000000
39,2019,0.0000000000000000000
40,2019,0.0000000000000000000
41,2019,0.0000000000000000000
42,2019,0.0000000000000000000
43,2019,0.0000000000000000000
44,2019,0.0000000000000000000
45,2019,0.0000000000000000000
46,2019,0.0000000000000000000
47,2019,0.0000000000000000000
48,2019,0.0000000000000000000
49,2019,0.0000000000000000000
50,2019,0.0000000000000000000
51,2019,0.0000000000000000000
52,2019,0.0000000000000000000
53,2019,0.0000000000000000000
54,2019,0.0000000000000000000
55,2019,0.0081958299127233413
56,2019,0.0000000000000000000
57,2019,0.0000000000079887648
58,2019,0.0000000484659797006
59,2019,0.0893625591761966070
60,2019,0.0375357363738265670
61,2019,0.0000000000000000000
62,2019,0.0032619226217062806
63,2019,0.0163516531416300279
64,2019,0.0055495441937125122
65,2019,0.0000000000000000000
66,2019,0.0000000000000000000
67,2019,0.0000000000000000000
68,2019,0.0000000000000000000
69,2019,1.0000000000000000000
70,2019,1.0000000000000000000
71,2019,0.0370064628205300852
72,2019,0.0331462163153736916
73,2019,0.3536911740014704320
74,2019,1.0000000000000000000
75,2019,0.2677752778825817082
76,2019,0.3851492581891596267
77,2019,0.0000000000000000000
78,2019,0.0000000000000000000
79,2019,0.0000000000000000000
80,2019,0.0000000000000000000
81,2019,0.0000000000000000000
82,2019,0.0000000000000000000
84,2019,0.0002937229831031634
85,2019,0.0000000000000000000
86,2019,0.0000000000000000000
88,2019,0.1202961919791801226
89,2019,0.2916710562305744880
90,2019,0.2566568436541778464
91,2019,0.2054678909692604638
92,2019,0.1181279878801532318
93,2019,0.1994712902078284444
94,2019,0.2382774663765503675
95,2019,0.2090791459105014183
96,2019,0.0000000000000000000
97,2019,0.0000000000000000000
98,2019,0.0000000000000000000
99,2019,0.0000000000000000000
100,2019,0.0000000000000000000
101,2019,0.1216288396789470261
102,2019,0.0204445483126203288
103,2019,0.0000000000000000000
104,2019,0.0000000000000000000
105,2019,0.2774253345039501273
106,2019,0.0000000000000000000
107,2019,0.0000000000000000000
108,2019,0.0000000000000000000
110,2019,0.0000000000000000000
111,2019,0.0000000000000000000
112,2019,0.0000000000000000000
113,2019,0.0000000000000000000
114,2019,0.0000000000000000000
115,2019,0.0000000000000000000
116,2019,0.0000000000000000000
117,2019,0.0000000000000000000
118,2019,0.0000000000000000000
119,2019,0.0000000000000000000
120,2019,0.0000000000000000000
121,2019,0.0000000000000000000
122,2019,0.0000000000000000000
123,2019,0.0000000000000000000
124,2019,0.0000000000000000000
125,2019,0.0000000000000000000
126,2019,0.0000000000000000000
127,2019,0.0000000000000000000
129,2019,0.0000000000000000000
130,2019,0.0000000000000000000
131,2019,0.0000000000000000000
132,2019,0.0000000000000000000
133,2019,0.0000000000000000000
134,2019,0.0000000000000000000
135,2019,0.0164461184828756761
136,2019,0.0000000000000000000
137,2019,0.0554207788633022599
138,2019,0.0945996319040061234
139,2019,0.0000000000000000000
140,2019,0.0000000000000000000
141,2019,0.1270289077413364609
143,2019,0.0938265612783949210
144,2019,0.0694483782241706038
145,2019,0.1412140346945284786
146,2019,0.0000000000000000000
147,2019,0.0000000000000000000
148,2019,0.0000000000000000000
149,2019,0.0000000000000000000
150,2019,0.0000000000000000000
151,2019,0.0000000000000000000
152,2019,0.0000000000000000000
153,2019,0.0000000000000000000
154,2019,0.0000000000000000000
155,2019,0.0000000000000000000
156,2019,0.0000000000000000000
157,2019,0.0000000000000000000
158,2019,0.0000000000000000000
159,2019,0.0000000000000000000
161,2019,0.0000000000000000000
162,2019,0.0752454912747981264
163,2019,0.0658778061877229593
164,2019,0.0000000000000000000
166,2019,0.0000000000000000000
167,2019,0.0000000000000000000
168,2019,0.0000000000000000000
169,2019,0.0000000000000000000
171,2019,0.0007718671367294715
172,2019,0.1349704122544593543
173,2019,0.0319620206413884639
174,2019,1.0000000000000000000
175,2019,0.2078386443919883753
176,2019,0.1998480039929664276
177,2019,0.1009578145426542062
178,2019,1.0000000000000000000
179,2019,0.0905270087482260427
180,2019,0.1145032125228548636
181,2019,0.1155976712522045757
182,2019,0.0609036777281236827
183,2019,0.0540424626629840629
184,2019,0.0000305527877913104
185,2019,0.0000000000000000000
186,2019,0.0000000000000000000
187,2019,0.0000000000000000000
188,2019,0.0000000000000000000
189,2019,1.0000000000000000000
190,2019,0.0000000000000000000
191,2019,0.0000000000000000000
192,2019,0.0000000000000000000
193,2019,0.0000000000000000000
194,2019,0.0000000000000000000
195,2019,0.0000000000000000000
196,2019,0.0000000000000000000
197,2019,0.0000000000000000000
198,2019,0.0000000000000000000
199,2019,0.0000000000000000000
200,2019,0.0025112330015697112
202,2019,0.0000000000000000000
203,2019,0.0000000000000000000
204,2019,0.0001292014117111365
205,2019,0.0000000000000000000
206,2019,0.0000000000000000000
207,2019,0.0000000000000000000
208,2019,0.0000000000000000000
209,2019,0.0295739252787796496
210,2019,0.0153103064594858323
212,2019,0.0000000000000000000
214,2019,0.0000000000000000000
215,2019,0.0000000000000000000
216,2019,0.0000000000000000000
218,2019,0.3959606994681125203
219,2019,0.2370535640183551451
220,2019,0.0000000000000000000
221,2019,0.0000000000000000000
222,2019,0.9406793420034355035
223,2019,0.1179079127980441066
224,2019,0.1127874872050284999
227,2019,0.1092717018036371140
228,2019,0.0998525280436090013
231,2019,0.0000000000000000000
232,2019,0.0000000000000000000
237,2019,0.0000000000000000000
244,2019,0.0000000000000000000
245,2019,0.0000000000000000000
247,2019,0.0000000000000000000
248,2019,0.0000000000000000000
249,2019,0.0000000000000000000
250,2019,0.0000000000000000000
1,2020,0.0000000000000000000
2,2020,0.0000000000000000000
3,2020,0.0000000000000000000
4,2020,0.2057027072342049734
5,2020,0.0000000000000000000
6,2020,0.0000000000000000000
7,2020,0.0000000000000000000
8,2020,0.0000000000000000000
9,2020,0.0000000000000000000
10,2020,0.0000000000000000000
11,2020,0.0000000000000000000
12,2020,0.0000000000000000000
13,2020,0.0000000000000000000
14,2020,0.0000003511358133906
15,2020,0.0000000000000000000
16,2020,0.0309315660967344926
17,2020,0.0000000000000000000
18,2020,0.0000000000000000000
19,2020,0.0000000000000000000
20,2020,0.0920073535286299038
21,2020,0.0606061624163785895
24,2020,0.0000000000000000000
25,2020,0.0000000000000000000
26,2020,0.0000000000000000000
28,2020,0.0000000000000000000
29,2020,0.0000000000000000000
30,2020,0.0000000000000000000
31,2020,0.0000000000000000000
32,2020,0.0000000000000000000
33,2020,0.0000000000000000000
34,2020,0.0000000000000000000
35,2020,0.0000000000000000000
36,2020,0.0000000000000000000
37,2020,0.0000000000000000000
38,2020,0.0000000000000000000
39,2020,0.0000000000000000000
40,2020,0.0000000000000000000
41,2020,0.0000000000000000000
42,2020,0.0000000000000000000
43,2020,0.0000000000000000000
44,2020,0.0000000000000000000
45,2020,0.0000000000000000000
46,2020,0.0000000000000000000
47,2020,0.0000000000000000000
48,2020,0.0000000000000000000
49,2020,0.0000000000000000000
50,2020,0.0000000000000000000
51,2020,0.0000000000000000000
52,2020,0.0000000000000000000
53,2020,0.0000000000000000000
54,2020,0.0000000000000000000
55,2020,0.0105466987813666417
56,2020,0.0000000000000000000
57,2020,0.0000181240489275028
58,2020,0.0000000273056978866
59,2020,0.0893998663942363186
60,2020,0.0096616837579537838
61,2020,0.0000000000000000000
62,2020,0.0016391167239600216
63,2020,0.0112309214936361351
64,2020,0.0006855938629579663
65,2020,0.0000000000000000000
66,2020,0.0000000000000000000
67,2020,0.0000000000000000000
68,2020,0.0000000000000000000
69,2020,1.0000000000000000000
70,2020,1.0000000000000000000
71,2020,0.4032435786746145778
72,2020,0.0766203730822761775
73,2020,0.3254979274494126940
74,2020,1.0000000000000000000
75,2020,0.2559872163163760539
76,2020,0.4439475873585404520
77,2020,0.0000000000000000000
78,2020,0.0000000000000000000
79,2020,0.0000000000000000000
80,2020,0.0000000000000000000
81,2020,0.0000000000000000000
82,2020,0.0000000000000000000
84,2020,0.0001490162459343682
85,2020,0.0000000000000000000
86,2020,0.0000000000000000000
88,2020,0.1230592808866989296
89,2020,0.2833489922826084584
90,2020,0.2780877016689226600
91,2020,0.2395056555327204628
92,2020,0.1522410122704768443
93,2020,0.2199297421345564885
94,2020,0.2228418033192685888
95,2020,0.1601845662581643792
96,2020,0.0000000000000000000
97,2020,0.0000000000000000000
98,2020,0.0000000000000000000
99,2020,0.0000000000000000000
100,2020,0.0000000000000000000
101,2020,0.1315490859821560610
102,2020,0.0234259695640180940
103,2020,0.0000000000000000000
104,2020,0.0000000000000000000
105,2020,0.3101884765760413720
106,2020,0.0000000000000000000
107,2020,0.0000000000000000000
108,2020,0.0000000000000000000
110,2020,0.0000000000000000000
111,2020,0.0000000000000000000
112,2020,0.0000000000000000000
113,2020,0.0000000000000000000
114,2020,0.0000000000000000000
115,2020,0.0000000000000000000
116,2020,0.0000000000000000000
117,2020,0.0000000000000000000
118,2020,0.0000000000000000000
119,2020,0.0000000000000000000
120,2020,0.0000000000000000000
121,2020,0.0000000000000000000
122,2020,0.0000000000000000000
123,2020,0.0000000000000000000
124,2020,0.0000000000000000000
125,2020,0.0000000000000000000
126,2020,0.0000000000000000000
127,2020,0.0000000000000000000
129,2020,0.0000000000000000000
130,2020,0.0003317104623699421
131,2020,0.0000799147091981760
132,2020,0.0000000000000000000
133,2020,0.0000000000000000000
134,2020,0.0000036320311981644
135,2020,0.0184914723611714453
136,2020,0.0000000000000000000
137,2020,0.0920774753987531613
138,2020,0.1198317395169088834
139,2020,0.0000000000000000000
140,2020,0.0000000000000000000
141,2020,0.1429388423130354691
143,2020,0.1379774528786841259
144,2020,0.1113274765670385080
145,2020,0.2027444629534670417
146,2020,0.0000000000000000000
147,2020,0.0000000000000000000
148,2020,0.0000000000000000000
149,2020,0.0000000000000000000
150,2020,0.0000000000000000000
151,2020,0.0000000000000000000
152,2020,0.0000000000000000000
153,2020,0.0000000000000000000
154,2020,0.0000000000000000000
155,2020,0.0000000000000000000
156,2020,0.0000000000000000000
157,2020,0.0000000000000000000
158,2020,0.0000000000000000000
159,2020,0.0000000000000000000
161,2020,0.0000000000000000000
162,2020,0.0968939246636138368
163,2020,0.0970499146943293589
164,2020,0.0000000000000000000
166,2020,0.0000000000000000000
167,2020,0.0000000000000000000
168,2020,0.0000000000000000000
169,2020,0.0000000000000000000
171,2020,0.0016629822086627170
172,2020,0.1194056539033425957
173,2020,0.0533438341486932865
174,2020,1.0000000000000000000
175,2020,0.2209629666327040665
176,2020,0.2088030154748082567
177,2020,0.1101236879660320994
178,2020,1.0000000000000000000
179,2020,0.1100485269617389600
180,2020,0.1329711001512366986
181,2020,0.1363218536094978339
182,2020,0.0615137069591076349
183,2020,0.0483106472442825507
184,2020,0.0000344667571917635
185,2020,0.0028379840116927041
186,2020,0.0000000000000000000
187,2020,0.0000000000000000000
188,2020,0.0000000000000000000
189,2020,1.0000000000000000000
190,2020,0.0000000000000000000
191,2020,0.0000000000000000000
192,2020,0.0000000000000000000
193,2020,0.0000000000000000000
194,2020,0.0000000000000000000
195,2020,0.0000000000000000000
196,2020,0.0000000000000000000
197,2020,0.0000000000000000000
198,2020,0.0000000000000000000
199,2020,0.0000000000000000000
200,2020,0.0033670358241677883
202,2020,0.0000000000000000000
203,2020,0.0000000000000000000
204,2020,0.0015088423756709542
205,2020,0.0000000000000000000
206,2020,0.0000000000000000000
207,2020,0.0000000000000000000
208,2020,0.0000000000000000000
209,2020,0.0323850413699211526
210,2020,0.0144049411920910853
212,2020,0.0000000000000000000
214,2020,0.0000000000000000000
215,2020,0.0000000000000000000
216,2020,0.0000000000000000000
218,2020,0.3969712263056814905
219,2020,0.1812191935603680026
220,2020,0.0000000000000000000
221,2020,0.0000000000000000000
222,2020,0.9449210385385898858
223,2020,0.1164928909044694177
224,2020,0.1021433833741910296
227,2020,0.1430072697511748925
228,2020,0.1530393189486526917
231,2020,0.0000000000000000000
232,2020,0.0000000000000000000
237,2020,0.0000000000000000000
244,2020,0.0000000000000000000
245,2020,0.0000000000000000000
247,2020,0.0000000000000000000
248,2020,0.0000000000000000000
249,2020,0.0000000000000000000
250,2020,0.0000000000000000000
1,2021,0.0000000000000000000
2,2021,0.0000000000000000000
3,2021,0.0000000000000000000
4,2021,0.2077521174591547559
5,2021,0.0000000000000000000
6,2021,0.0000000000000000000
7,2021,0.0000000000000000000
8,2021,0.0000000000000000000
9,2021,0.0000000000000000000
10,2021,0.0000000000000000000
11,2021,0.0000000000000000000
12,2021,0.0000000000000000000
13,2021,0.0000000000000000000
14,2021,0.0000022608417510605
15,2021,0.0000000000000000000
16,2021,0.0317810488423906981
17,2021,0.0000000000000000000
18,2021,0.0000000000000000000
19,2021,0.0000000000000000000
20,2021,0.0739253358908471686
21,2021,0.0662980646966665893
24,2021,0.0000000000000000000
25,2021,0.0000000000000000000
26,2021,0.0000000000000000000
28,2021,0.0000000000000000000
29,2021,0.0000000000000000000
30,2021,0.0000000000000000000
31,2021,0.0000000000000000000
32,2021,0.0000000000000000000
33,2021,0.0000000000000000000
34,2021,0.0000000000000000000
35,2021,0.0000000000000000000
36,2021,0.0000000000000000000
37,2021,0.0000000000000000000
38,2021,0.0000000000000000000
39,2021,0.0000000000000000000
40,2021,0.0000000000000000000
41,2021,0.0000000000000000000
42,2021,0.0000000000000000000
43,2021,0.0000000000000000000
44,2021,0.0000000000000000000
45,2021,0.0000000000000000000
46,2021,0.0000000000000000000
47,2021,0.0000000000000000000
48,2021,0.0000000000000000000
49,2021,0.0000000000000000000
50,2021,0.0000000000000000000
51,2021,0.0000000000000000000
52,2021,0.0000000000000000000
53,2021,0.0000000000000000000
54,2021,0.0000000000000000000
55,2021,0.0104285535475050328
56,2021,0.0000000000000000000
57,2021,0.0000003441741882342
58,2021,0.0000000481973134974
59,2021,0.1449751901086876738
60,2021,0.0346719247161173319
61,2021,0.0000000000000000000
62,2021,0.0034351808813423397
63,2021,0.0174025656193002795
64,2021,0.0044470460188241485
65,2021,0.0000000000000000000
66,2021,0.0000000000000000000
67,2021,0.0000000000000000000
68,2021,0.0000000000000000000
69,2021,1.0000000000000000000
70,2021,1.0000000000000000000
71,2021,0.7350728603618820189
72,2021,0.4711028184952839593
73,2021,0.3980924380846229682
74,2021,1.0000000000000000000
75,2021,0.6296639346979889806
76,2021,0.5170598792244197606
77,2021,0.0000000000000000000
78,2021,0.0000000000000000000
79,2021,0.0000000000000000000
80,2021,0.0000000000000000000
81,2021,0.0000000000000000000
82,2021,0.0000000000000000000
84,2021,0.0003789151222207867
85,2021,0.0000000000000000000
86,2021,0.0000000000000000000
88,2021,0.1096415638905626211
89,2021,0.2959252957287387131
90,2021,0.3052520892993507706
91,2021,0.2619104067753675880
92,2021,0.1359226186805004011
93,2021,0.2341562954160365806
94,2021,0.2596196210189156695
95,2021,0.1682933305360871934
96,2021,0.0000000000000000000
97,2021,0.0000000000000000000
98,2021,0.0000000000000000000
99,2021,0.0000000000000000000
100,2021,0.0000000000000000000
101,2021,0.1133466056033153174
102,2021,0.0264047782625666180
103,2021,0.0000000000000000000
104,2021,0.0000000000000000000
105,2021,0.3531289835714113146
106,2021,0.0000000000000000000
107,2021,0.0000000000000000000
108,2021,0.0000000000000000000
110,2021,0.0000000000000000000
111,2021,0.0000000000000000000
112,2021,0.0000000000000000000
113,2021,0.0000000000000000000
114,2021,0.0000000000000000000
115,2021,0.0000000000000000000
116,2021,0.0000000000000000000
117,2021,0.0000000000000000000
118,2021,0.0000000000000000000
119,2021,0.0000000000000000000
120,2021,0.0000000000000000000
121,2021,0.0000000000000000000
122,2021,0.0000000000000000000
123,2021,0.0000000000000000000
124,2021,0.0000000000000000000
125,2021,0.0000000000000000000
126,2021,0.0000000000000000000
127,2021,0.0000000000000000000
129,2021,0.0000000000000000000
130,2021,0.0027305387571097449
131,2021,0.0022376961245548534
132,2021,0.0000000000000000000
133,2021,0.0000000000000000000
134,2021,0.0008379025266149132
135,2021,0.0298870079734022652
136,2021,0.0000000000000000000
137,2021,0.0923127327928239400
138,2021,0.1609806631530601162
139,2021,0.0000000000000000000
140,2021,0.0000000000000000000
141,2021,0.1436117188944053824
143,2021,0.1345524913380760357
144,2021,0.1060297804067608651
145,2021,0.2150845660006811821
146,2021,0.0000000000000000000
147,2021,0.0000000000000000000
148,2021,0.0000000000000000000
149,2021,0.0000000000000000000
150,2021,0.0000000000000000000
151,2021,0.0000000000000000000
152,2021,0.0000000000000000000
153,2021,0.0000000000000000000
154,2021,0.0000000000000000000
155,2021,0.0000000000000000000
156,2021,0.0000000000000000000
157,2021,0.0000000000000000000
158,2021,0.0000000000000000000
159,2021,0.0000000000000000000
161,2021,0.0000000000000000000
162,2021,0.0951765077508095192
163,2021,0.1156749491216120390
164,2021,0.0000000000000000000
166,2021,0.0000000000000000000
167,2021,0.0000000000000000000
168,2021,0.0000000000000000000
169,2021,0.0000000000000000000
171,2021,0.0010311289124030360
172,2021,0.1140543699453708953
173,2021,0.0189720442220242570
174,2021,1.0000000000000000000
175,2021,0.2381663680529267635
176,2021,0.2205015501991185456
177,2021,0.1336825436092254626
178,2021,1.0000000000000000000
179,2021,0.1057786782354304678
180,2021,0.1330249148511354340
181,2021,0.1301019272788319359
182,2021,0.0677992636958957701
183,2021,0.0561008946518847945
184,2021,0.0005186693680586105
185,2021,0.0075444001450338891
186,2021,0.0000000000000000000
187,2021,0.0012046542603108244
188,2021,0.0000000000000000000
189,2021,1.0000000000000000000
190,2021,0.0000000000000000000
191,2021,0.0000000000000000000
192,2021,0.0000000000000000000
193,2021,0.0000000000000000000
194,2021,0.0000000000000000000
195,2021,0.0000000000000000000
196,2021,0.0000000000000000000
197,2021,0.0000000000000000000
198,2021,0.0000000000000000000
199,2021,0.0000000000000000000
200,2021,0.0033382343031417776
202,2021,0.0000000000000000000
203,2021,0.0000000000000000000
204,2021,0.0003692041623115388
205,2021,0.0000000000000000000
206,2021,0.0000000000000000000
207,2021,0.0000000000000000000
208,2021,0.0000000000000000000
209,2021,0.0423343771716690950
210,2021,0.0138513309770687005
212,2021,0.0000000000000000000
214,2021,0.0000000000000000000
215,2021,0.0000000000000000000
216,2021,0.0000000000000000000
218,2021,0.4319804212639636876
219,2021,0.1357237827824173404
220,2021,0.0000000000000000000
221,2021,0.0000000000000000000
222,2021,0.9469662361131002681
223,2021,0.1340620381666423055
224,2021,0.1188584619421139549
227,2021,0.1864231631418814539
228,2021,0.1575905784165435308
231,2021,0.0000000000000000000
232,2021,0.0000000000000000000
237,2021,0.0000000000000000000
244,2021,0.0000000000000000000
245,2021,0.0000000000000000000
247,2021,0.0000000000000000000
248,2021,0.0000000000000000000
249,2021,0.0000000000000000000
250,2021,0.0000000000000000000
1,2022,0.0000000000000000000
2,2022,0.0000000000000000000
3,2022,0.0000012725169864775
4,2022,0.2165637112097588968
5,2022,0.0000000000000000000
6,2022,0.0000000000000000000
7,2022,0.0000000000000000000
8,2022,0.0000000000000000000
9,2022,0.0000000000000000000
10,2022,0.0000000000000000000
11,2022,0.0000000000000000000
12,2022,0.0000000000000000000
13,2022,0.0000000000000000000
14,2022,0.0000009172025924607
15,2022,0.0000000000000000000
16,2022,0.0287123810246516266
17,2022,0.0000000000000000000
18,2022,0.0000000000000000000
19,2022,0.0000000000000000000
20,2022,0.1012533541146441590
21,2022,0.0897288677457744599
24,2022,0.0000000000000000000
25,2022,0.0000000000000000000
26,2022,0.0000000000000000000
28,2022,0.0000000000000000000
29,2022,0.0000000000000000000
30,2022,0.0000000000000000000
31,2022,0.0000000000000000000
32,2022,0.0000000000000000000
33,2022,0.0000000000000000000
34,2022,0.0000000000000000000
35,2022,0.0000000000000000000
36,2022,0.0000000000000000000
37,2022,0.0000000000000000000
38,2022,0.0000000000000000000
39,2022,0.0000000000000000000
40,2022,0.0000000000000000000
41,2022,0.0000000000000000000
42,2022,0.0000000000000000000
43,2022,0.0000000000000000000
44,2022,0.0000000000000000000
45,2022,0.0000000000000000000
46,2022,0.0000000000000000000
47,2022,0.0000000000000000000
48,2022,0.0000000000000000000
49,2022,0.0000000000000000000
50,2022,0.0000000000000000000
51,2022,0.0000000000000000000
52,2022,0.0000000000000000000
53,2022,0.0000000000000000000
54,2022,0.0000000000000000000
55,2022,0.0166821700411995816
56,2022,0.0000000000000000000
57,2022,0.0002656792384250191
58,2022,0.0000000404894833609
59,2022,0.0868948448320358835
60,2022,0.0229974508869881730
61,2022,0.0000000000000000000
62,2022,0.0025543979291446309
63,2022,0.0116735539870736881
64,2022,0.0009082921647690368
65,2022,0.0000000000000000000
66,2022,0.0000000000000000000
67,2022,0.0000000000000000000
68,2022,0.0000000000000000000
69,2022,1.0000000000000000000
70,2022,1.0000000000000000000
71,2022,0.8215388770270022345
72,2022,0.5392623709275190524
73,2022,0.3716128871529030264
74,2022,1.0000000000000000000
75,2022,0.6019960634237756514
76,2022,0.5569024383249571164
77,2022,0.0000000000000000000
78,2022,0.0000000000000000000
79,2022,0.0000000000000000000
80,2022,0.0000000000000000000
81,2022,0.0000000000000000000
82,2022,0.0000000000000000000
84,2022,0.0000000000000000000
85,2022,0.0000000000000000000
86,2022,0.0000000000000000000
88,2022,0.1181022190642301156
89,2022,0.2906403784829888481
90,2022,0.2632266474938685930
91,2022,0.2368715659057169243
92,2022,0.1522267047848217258
93,2022,0.2401843946071247626
94,2022,0.2707770838746156872
95,2022,0.1960634643750998884
96,2022,0.0000000000000000000
97,2022,0.0000000000000000000
98,2022,0.0000000000000000000
99,2022,0.0000000000000000000
100,2022,0.0000000000000000000
101,2022,0.1305761589278069124
102,2022,0.0313333712768619072
103,2022,0.0000000000000000000
104,2022,0.0002068259641145189
105,2022,0.3186529698662007304
106,2022,0.0000000000000000000
107,2022,0.0000000000000000000
108,2022,0.0000000000000000000
110,2022,0.0000000000000000000
111,2022,0.0000000000000000000
112,2022,0.0000000000000000000
113,2022,0.0000000000000000000
114,2022,0.0000000000000000000
115,2022,0.0000000000000000000
116,2022,0.0000000000000000000
117,2022,0.0000000000000000000
118,2022,0.0000000000000000000
119,2022,0.0000000000000000000
120,2022,0.0000000000000000000
121,2022,0.0000000000000000000
122,2022,0.0000000000000000000
123,2022,0.0000000000000000000
124,2022,0.0000000000000000000
125,2022,0.0000000000000000000
126,2022,0.0000000000000000000
127,2022,0.0000000000000000000
129,2022,0.0000000000000000000
130,2022,0.0020703702998723194
131,2022,0.0017693614807744453
132,2022,0.0000000000000000000
133,2022,0.0000000000000000000
134,2022,0.0003155876452056051
135,2022,0.0292784034191414105
136,2022,0.0000000000000000000
137,2022,0.1085884052382768139
138,2022,0.1876257371559911791
139,2022,0.0000000000000000000
140,2022,0.0000000000000000000
141,2022,0.1512839957447531525
143,2022,0.1415528536800313431
144,2022,0.1230217673417378504
145,2022,0.2339066684584776845
146,2022,0.0000000000000000000
147,2022,0.0000000000000000000
148,2022,0.0000000000000000000
149,2022,0.0000000000000000000
150,2022,0.0000000000000000000
151,2022,0.0000000000000000000
152,2022,0.0000000000000000000
153,2022,0.0000000000000000000
154,2022,0.0000000000000000000
155,2022,0.0000000000000000000
156,2022,0.0000000000000000000
157,2022,0.0000000000000000000
158,2022,0.0000000000000000000
159,2022,0.0000000000000000000
161,2022,0.0000000000000000000
162,2022,0.0998712711629685529
163,2022,0.1055200101121166467
164,2022,0.0000000000000000000
166,2022,0.0000000000000000000
167,2022,0.0000000000000000000
168,2022,0.0000000000000000000
169,2022,0.0000000000000000000
171,2022,0.0034130592867996695
172,2022,0.1461791182962604851
173,2022,0.0768510019228989538
174,2022,1.0000000000000000000
175,2022,0.2305814171531433976
176,2022,0.2126954548032306269
177,2022,0.0985729207100197735
178,2022,1.0000000000000000000
179,2022,0.0850601090188328746
180,2022,0.1216761404728408658
181,2022,0.1090873710747780750
182,2022,0.0572780186173541539
183,2022,0.0521386524875469895
184,2022,0.0000668537960988369
185,2022,0.0000000000000000000
186,2022,0.0000000000000000000
187,2022,0.0004701915207408417
188,2022,0.0000000000000000000
189,2022,1.0000000000000000000
190,2022,0.0000000000000000000
191,2022,0.0000000000000000000
192,2022,0.0000000000000000000
193,2022,0.0000000000000000000
194,2022,0.0000000000000000000
195,2022,0.0000000000000000000
196,2022,0.0000000000000000000
197,2022,0.0042408632820412455
198,2022,0.0000000000000000000
199,2022,0.0000000000000000000
200,2022,0.0066852042121310074
202,2022,0.0000000000000000000
203,2022,0.0000000000000000000
204,2022,0.0000591633319126778
205,2022,0.0000000000000000000
206,2022,0.0000000000000000000
207,2022,0.0000000000000000000
208,2022,0.0000000000000000000
209,2022,0.0473310869418981373
210,2022,0.0158685920034809386
212,2022,0.0000000000000000000
214,2022,0.0000000000000000000
215,2022,0.0000000000000000000
216,2022,0.0000000000000000000
218,2022,0.4459138526156272708
219,2022,0.1383070649704705168
220,2022,0.0000000000000000000
221,2022,0.0000000000000000000
222,2022,0.9434828613742274328
223,2022,0.1221706366726690307
224,2022,0.1319629333598875132
227,2022,0.0913664663086107692
228,2022,0.0969772576857487467
231,2022,0.0000000000000000000
232,2022,0.0000000000000000000
237,2022,0.0000000000000000000
244,2022,0.0000000000000000000
245,2022,0.0000000000000000000
247,2022,0.0000000000000000000
248,2022,0.0000000000000000000
249,2022,0.0000000000000000000
250,2022,0.0000000000000000000
1,2023,0.0000000000000000000
2,2023,0.0000000000000000000
3,2023,0.0000738380730282752
4,2023,0.2241400254757149324
5,2023,0.0000000000000000000
6,2023,0.0000000000000000000
7,2023,0.0000000000000000000
8,2023,0.0000000000000000000
9,2023,0.0000000000000000000
10,2023,0.0000000000000000000
11,2023,0.0000000000000000000
12,2023,0.0000000000000000000
13,2023,0.0000000000000000000
14,2023,0.0000000000000000000
15,2023,0.0000000000000000000
16,2023,0.0321686755757533069
17,2023,0.0000000000000000000
18,2023,0.0000000000000000000
19,2023,0.0000000000000000000
20,2023,0.0544314654881780657
21,2023,0.0853387152853940789
24,2023,0.0000000000000000000
25,2023,0.0000000000000000000
26,2023,0.0000000000000000000
28,2023,0.0000000000000000000
29,2023,0.0000000000000000000
30,2023,0.0000000000000000000
31,2023,0.0000000000000000000
32,2023,0.0000000000000000000
33,2023,0.0000000000000000000
34,2023,0.0000000000000000000
35,2023,0.0000000000000000000
36,2023,0.0000000000000000000
37,2023,0.0000000000000000000
38,2023,0.0000000000000000000
39,2023,0.0000000000000000000
40,2023,0.0000000000000000000
41,2023,0.0000000000000000000
42,2023,0.0000000000000000000
43,2023,0.0000000000000000000
44,2023,0.0000000000000000000
45,2023,0.0000000000000000000
46,2023,0.0000000000000000000
47,2023,0.0000000000000000000
48,2023,0.0000000000000000000
49,2023,0.0000000000000000000
50,2023,0.0000000000000000000
51,2023,0.0000000000000000000
52,2023,0.0000000000000000000
53,2023,0.0000000000000000000
54,2023,0.0000000000000000000
55,2023,0.0151708010081311323
56,2023,0.0000000000000000000
57,2023,0.0000000000000000000
58,2023,0.0000000021910157236
59,2023,0.1240588567833836864
60,2023,0.0062403253042230423
61,2023,0.0000000000000000000
62,2023,0.0011294483754875110
63,2023,0.0040162483936101662
64,2023,0.0005584546945176133
65,2023,0.0000000000000000000
66,2023,0.0000000000000000000
67,2023,0.0000000000000000000
68,2023,0.0000000000000000000
69,2023,1.0000000000000000000
70,2023,1.0000000000000000000
71,2023,0.3358703456553197020
72,2023,0.0490578199249452063
73,2023,0.3763368560067903990
74,2023,1.0000000000000000000
75,2023,0.2598675421288834109
76,2023,0.4092811175743217289
77,2023,0.0000000000000000000
78,2023,0.0000000000000000000
79,2023,0.0000000000000000000
80,2023,0.0000000000000000000
81,2023,0.0000000000000000000
82,2023,0.0000000000000000000
84,2023,0.0000000000000000000
85,2023,0.0000000000000000000
86,2023,0.0000000000000000000
88,2023,0.1381003634612310849
89,2023,0.3092197510115965442
90,2023,0.2680178087988533964
91,2023,0.2301026632927479776
92,2023,0.1283458217725709505
93,2023,0.2073151273249376203
94,2023,0.2421302682513958859
95,2023,0.2113040835282237462
96,2023,0.0000000000000000000
97,2023,0.0000000000000000000
98,2023,0.0000000000000000000
99,2023,0.0000000000000000000
100,2023,0.0000000000000000000
101,2023,0.1533418390292025091
102,2023,0.0400282094053346846
103,2023,0.0000000000000000000
104,2023,0.0000000000000000000
105,2023,0.3301183461194894253
106,2023,0.0000000000000000000
107,2023,0.0000000000000000000
108,2023,0.0000000000000000000
110,2023,0.0000000000000000000
111,2023,0.0000000000000000000
112,2023,0.0000000000000000000
113,2023,0.0000000000000000000
114,2023,0.0000000000000000000
115,2023,0.0000000000000000000
116,2023,0.0000000000000000000
117,2023,0.0000000000000000000
118,2023,0.0000000000000000000
119,2023,0.0000000000000000000
120,2023,0.0000000000000000000
121,2023,0.0000000000000000000
122,2023,0.0000000000000000000
123,2023,0.0000000000000000000
124,2023,0.0000000000000000000
125,2023,0.0000000000000000000
126,2023,0.0000000000000000000
127,2023,0.0000000000000000000
129,2023,0.0000000000000000000
130,2023,0.0000000000000000000
131,2023,0.0000000000000000000
132,2023,0.0000000000000000000
133,2023,0.0000000000000000000
134,2023,0.0000000000000000000
135,2023,0.0326783535396642025
136,2023,0.0000000000000000000
137,2023,0.0012358436152871348
138,2023,0.0231064065572716935
139,2023,0.0000000000000000000
140,2023,0.0000000000000000000
141,2023,0.1391065090105591817
143,2023,0.1380017399152666802
144,2023,0.1472622995435252102
145,2023,0.2583482952008601674
146,2023,0.0000000000000000000
147,2023,0.0000210154683803463
148,2023,0.0000000000000000000
149,2023,0.0000000000000000000
150,2023,0.0000000000000000000
151,2023,0.0000000000000000000
152,2023,0.0000000000000000000
153,2023,0.0000000000000000000
154,2023,0.0000000000000000000
155,2023,0.0000000000000000000
156,2023,0.0000000000000000000
157,2023,0.0000000000000000000
158,2023,0.0000000000000000000
159,2023,0.0000000000000000000
161,2023,0.0000000000000000000
162,2023,0.0968110039522150911
163,2023,0.1164878485679881615
164,2023,0.0000000000000000000
166,2023,0.0000000000000000000
167,2023,0.0000000000000000000
168,2023,0.0000000000000000000
169,2023,0.0000000000000000000
171,2023,0.0014693039433096562
172,2023,0.1626683128212109419
173,2023,0.0388715562814659632
174,2023,1.0000000000000000000
175,2023,0.2443533703280771352
176,2023,0.2240259820818499281
177,2023,0.1332756732769941332
178,2023,1.0000000000000000000
179,2023,0.0869882990483616669
180,2023,0.1312084509258165110
181,2023,0.1173167103735680977
182,2023,0.0546885727410275357
183,2023,0.0404636547296765361
184,2023,0.0000104833292728616
185,2023,0.0006653133415430642
186,2023,0.0000000000000000000
187,2023,0.0000000000000000000
188,2023,0.0000000000000000000
189,2023,1.0000000000000000000
190,2023,0.0000000000000000000
191,2023,0.0000000000000000000
192,2023,0.0000000000000000000
193,2023,0.0000000000000000000
194,2023,0.0000000000000000000
195,2023,0.0000000000000000000
196,2023,0.0000000000000000000
197,2023,0.0000000000000000000
198,2023,0.0000000000000000000
199,2023,0.0000000000000000000
200,2023,0.0061580603846716946
202,2023,0.0000000000000000000
203,2023,0.0000000000000000000
204,2023,0.0000000000000000000
205,2023,0.0000000000000000000
206,2023,0.0000000000000000000
207,2023,0.0000000000000000000
208,2023,0.0000000000000000000
209,2023,0.0214051204730349998
210,2023,0.0067163315135576737
212,2023,0.0000000000000000000
214,2023,0.0000000000000000000
215,2023,0.0000000000000000000
216,2023,0.0000000000000000000
218,2023,0.4403974529000971860
219,2023,0.1833286217217774683
220,2023,0.0000000000000000000
221,2023,0.0000000000000000000
222,2023,0.9448336068883848027
223,2023,0.1390561372834575871
224,2023,0.1223977457240171540
227,2023,0.1681675635343608255
228,2023,0.1508023525541961063
231,2023,0.0000000000000000000
232,2023,0.0000000000000000000
237,2023,0.0000000000000000000
244,2023,0.0000000000000000000
245,2023,0.0000000000000000000
247,2023,0.0000000000000000000
248,2023,0.0000000000000000000
249,2023,0.0000000000000000000
250,2023,0.0000000000000000000
