rgn_id,year,habitat,health
1,2010,soft_bottom,0.8547595368184585
2,2010,soft_bottom,0.8123218133619076
3,2010,soft_bottom,0.8332627689985276
4,2010,soft_bottom,0.8221116013804596
5,2010,soft_bottom,0.9723260757947567
6,2010,soft_bottom,1
7,2010,soft_bottom,0.9406006356487304
8,2010,soft_bottom,0.9876315334039941
9,2010,soft_bottom,0.9432763560471464
10,2010,soft_bottom,0.9942266820505957
11,2010,soft_bottom,0.9998051175150198
12,2010,soft_bottom,1
13,2010,soft_bottom,0.7712166785697552
14,2010,soft_bottom,0.7670282815209503
15,2010,soft_bottom,0.5165753470810406
16,2010,soft_bottom,0.798818456190301
17,2010,soft_bottom,0.9075284612429825
18,2010,soft_bottom,0.9911015066966461
19,2010,soft_bottom,0.9953434213881764
20,2010,soft_bottom,0.8159341320705094
21,2010,soft_bottom,0.6196409229450165
24,2010,soft_bottom,0.13369887022990878
25,2010,soft_bottom,0.2154566677950196
26,2010,soft_bottom,0.25423057397947346
28,2010,soft_bottom,0.9691375224950817
29,2010,soft_bottom,0.9677350368686728
30,2010,soft_bottom,0.9066433998241544
31,2010,soft_bottom,1
32,2010,soft_bottom,0.600482574752473
33,2010,soft_bottom,0.5079073761948026
34,2010,soft_bottom,0.5374079879993685
35,2010,soft_bottom,0.7714468575656415
36,2010,soft_bottom,0.9138181410709227
37,2010,soft_bottom,0.9701713287129803
38,2010,soft_bottom,0.9759225161269464
39,2010,soft_bottom,0.9333188959251821
40,2010,soft_bottom,0.9013873931985292
41,2010,soft_bottom,0.29287565313907094
42,2010,soft_bottom,0.5554821710811988
43,2010,soft_bottom,1
44,2010,soft_bottom,0.9849602826600911
45,2010,soft_bottom,0.9905656721546419
46,2010,soft_bottom,0.8928772015497088
47,2010,soft_bottom,0.9253771885898141
48,2010,soft_bottom,0.9627240255366276
49,2010,soft_bottom,0.9950794586289149
50,2010,soft_bottom,0.9333919232661192
51,2010,soft_bottom,1
52,2010,soft_bottom,0.9093091940305319
53,2010,soft_bottom,0.17761010920625642
54,2010,soft_bottom,1
55,2010,soft_bottom,0.757346332798049
56,2010,soft_bottom,0.9148089625048546
57,2010,soft_bottom,0.8687786460250361
58,2010,soft_bottom,0.6381687415113824
59,2010,soft_bottom,0.3967372626066208
60,2010,soft_bottom,1
61,2010,soft_bottom,0.6567840940029372
62,2010,soft_bottom,0.4282997978025894
63,2010,soft_bottom,0.7856534215858819
64,2010,soft_bottom,0.38524273446744306
65,2010,soft_bottom,0.4617606926937492
66,2010,soft_bottom,0.5142591592254862
67,2010,soft_bottom,0.8164407233996498
68,2010,soft_bottom,0.48653306779887184
69,2010,soft_bottom,0.4489304227435329
70,2010,soft_bottom,0.5531149753761069
71,2010,soft_bottom,0.8620721743282245
72,2010,soft_bottom,0.5528017130183873
73,2010,soft_bottom,0.706755518918331
74,2010,soft_bottom,0.5915920372869148
75,2010,soft_bottom,0.5075186742532851
76,2010,soft_bottom,0.764253421746008
77,2010,soft_bottom,0.8906464561420891
78,2010,soft_bottom,0.7539968549691398
79,2010,soft_bottom,0.7644635179934844
80,2010,soft_bottom,0.5747562335669701
81,2010,soft_bottom,0.7258605635251486
82,2010,soft_bottom,0.5346010413788658
84,2010,soft_bottom,0.29987850957446627
85,2010,soft_bottom,0.9032842911077756
86,2010,soft_bottom,0.9269969246763438
88,2010,soft_bottom,0.8499981696212684
89,2010,soft_bottom,1
90,2010,soft_bottom,0.8826265332843118
91,2010,soft_bottom,0.9705782429461195
92,2010,soft_bottom,0.9016030418813048
93,2010,soft_bottom,0.8358160093940052
94,2010,soft_bottom,0.7842983700666828
95,2010,soft_bottom,0.9429040679084801
96,2010,soft_bottom,0.7120321881238774
97,2010,soft_bottom,0.8641711747726477
98,2010,soft_bottom,0.9487179487179487
99,2010,soft_bottom,1
100,2010,soft_bottom,0.7462523460096718
101,2010,soft_bottom,0.7905770904358729
102,2010,soft_bottom,0.7921484616217567
103,2010,soft_bottom,0.9572185211207063
104,2010,soft_bottom,0.8495836678389029
105,2010,soft_bottom,1
106,2010,soft_bottom,0.22783168991048375
107,2010,soft_bottom,0.8399378915132819
108,2010,soft_bottom,0.8295735056556603
110,2010,soft_bottom,0.9603384137153625
111,2010,soft_bottom,0.9486857616851968
112,2010,soft_bottom,0.9467135263269508
113,2010,soft_bottom,0.9284678559593794
114,2010,soft_bottom,0.9908407726164522
115,2010,soft_bottom,0.9969855370679481
116,2010,soft_bottom,0.7108919410308598
117,2010,soft_bottom,0.9375561394361276
118,2010,soft_bottom,0.9488092992954698
119,2010,soft_bottom,0.9162981117952544
120,2010,soft_bottom,0.9769430292527501
121,2010,soft_bottom,0.9962756731609503
122,2010,soft_bottom,0.7953464716950559
123,2010,soft_bottom,0.9808382553016317
124,2010,soft_bottom,0.9673987760650445
125,2010,soft_bottom,0.9327878747489515
126,2010,soft_bottom,0.9789286883648975
127,2010,soft_bottom,0.8492145481787315
129,2010,soft_bottom,0.9920922931111661
130,2010,soft_bottom,0.9998542747221798
131,2010,soft_bottom,0.9787079744808129
132,2010,soft_bottom,0.9999619796982518
133,2010,soft_bottom,0.9774358659312593
134,2010,soft_bottom,0.9326241238615383
135,2010,soft_bottom,0.9794226796324853
136,2010,soft_bottom,0.9096656694896239
137,2010,soft_bottom,0.6559557274450262
138,2010,soft_bottom,0.8886431725854312
139,2010,soft_bottom,0.930302353105113
140,2010,soft_bottom,0.974091426967435
141,2010,soft_bottom,0.9623528666601613
143,2010,soft_bottom,0.9647685017907242
144,2010,soft_bottom,0.9989630348638358
145,2010,soft_bottom,0.9219655666382304
146,2010,soft_bottom,0.9689617128327992
147,2010,soft_bottom,0.9921437116727095
148,2010,soft_bottom,0.9845160293955999
149,2010,soft_bottom,0.7790940074342324
150,2010,soft_bottom,0.7273048895667121
151,2010,soft_bottom,0.7324796885237275
152,2010,soft_bottom,0.935851996732507
153,2010,soft_bottom,0.9973629638930402
154,2010,soft_bottom,0.9376817421170655
155,2010,soft_bottom,0.9946059946159511
156,2010,soft_bottom,0.9817735811201357
157,2010,soft_bottom,0.9410302787336562
158,2010,soft_bottom,0.7526535423836489
159,2010,soft_bottom,0.7822272013494447
161,2010,soft_bottom,0.9977246274432391
162,2010,soft_bottom,0.9984462011155815
163,2010,soft_bottom,0.7615680774801883
164,2010,soft_bottom,0.9472146796522203
166,2010,soft_bottom,0.9935265696894235
167,2010,soft_bottom,0.7526954180264676
168,2010,soft_bottom,0.7682604372637977
169,2010,soft_bottom,0.9718730781556211
171,2010,soft_bottom,0.9368039863735292
172,2010,soft_bottom,0.578582062062605
173,2010,soft_bottom,0.9662842964319855
174,2010,soft_bottom,0.6687806161355775
175,2010,soft_bottom,0.401231856462673
176,2010,soft_bottom,0.36364928446430855
177,2010,soft_bottom,0.39799082039365474
178,2010,soft_bottom,0.3816025285815382
179,2010,soft_bottom,0.559805804548888
180,2010,soft_bottom,0.5624559289371901
181,2010,soft_bottom,0.5795930198492731
182,2010,soft_bottom,0.533973012435432
183,2010,soft_bottom,0.6305226570249468
184,2010,soft_bottom,0.48603028119061453
185,2010,soft_bottom,1
186,2010,soft_bottom,0.573131312088794
187,2010,soft_bottom,0.5371631695033048
188,2010,soft_bottom,1
189,2010,soft_bottom,0.39917435370958765
190,2010,soft_bottom,0.9794514186080845
191,2010,soft_bottom,1
192,2010,soft_bottom,1
193,2010,soft_bottom,0.6069327179131705
194,2010,soft_bottom,0.7428174206440735
195,2010,soft_bottom,0.8657714556359724
196,2010,soft_bottom,0.813572645943234
197,2010,soft_bottom,0.32937992730906596
198,2010,soft_bottom,0.7917933191783527
199,2010,soft_bottom,0.6793831485098806
200,2010,soft_bottom,0.29260025358910524
202,2010,soft_bottom,0.999978169745463
203,2010,soft_bottom,0.1969567858187573
204,2010,soft_bottom,0.5026450047098423
205,2010,soft_bottom,0.45158214080870096
206,2010,soft_bottom,0.7270158651756273
207,2010,soft_bottom,0.28506477519268414
208,2010,soft_bottom,0.7919650512437025
209,2010,soft_bottom,0.23847352708083547
210,2010,soft_bottom,0.9344654921511678
212,2010,soft_bottom,0.9214999789066837
213,2010,soft_bottom,0.9986400398777664
214,2010,soft_bottom,0.8662577046136531
215,2010,soft_bottom,1
216,2010,soft_bottom,0.5473505300968506
218,2010,soft_bottom,0.7659073292168779
219,2010,soft_bottom,0.7892332263652561
220,2010,soft_bottom,0.9168417317171892
221,2010,soft_bottom,0.8867625229198624
222,2010,soft_bottom,0.5296886759592094
223,2010,soft_bottom,0.8400969035409075
224,2010,soft_bottom,0.9942378996664835
227,2010,soft_bottom,0.3970088101923466
228,2010,soft_bottom,0.37641622871160507
231,2010,soft_bottom,0.6699249611578142
237,2010,soft_bottom,0.5296488150402352
244,2010,soft_bottom,0.9787854708580149
245,2010,soft_bottom,0.965453387390989
247,2010,soft_bottom,0.9548526849121528
248,2010,soft_bottom,0.9470794845689484
249,2010,soft_bottom,0.9162746292093525
250,2010,soft_bottom,0.9879584665229516
255,2010,soft_bottom,0.7249551882851017
260,2010,soft_bottom,0.9964748874078144
261,2010,soft_bottom,0.9548359294064136
262,2010,soft_bottom,0.981342380952338
263,2010,soft_bottom,0.9875761389426285
264,2010,soft_bottom,0.9690098699523275
266,2010,soft_bottom,0.9872012041023136
267,2010,soft_bottom,0.9883548349830178
269,2010,soft_bottom,0.9753057327255852
270,2010,soft_bottom,0.9738418328260485
272,2010,soft_bottom,0.9819980341471903
273,2010,soft_bottom,0.9821773144758665
274,2010,soft_bottom,0.9822675398252153
275,2010,soft_bottom,0.988573242256321
276,2010,soft_bottom,0.9946616450722793
277,2010,soft_bottom,0.9940560409518954
1,2011,soft_bottom,0.9067984947622244
2,2011,soft_bottom,0.7645060028222896
3,2011,soft_bottom,0.8297808200457387
4,2011,soft_bottom,0.8089702158487161
5,2011,soft_bottom,0.9717687158482385
6,2011,soft_bottom,0.9999742793515304
7,2011,soft_bottom,0.998179324994822
8,2011,soft_bottom,0.9845199070297754
9,2011,soft_bottom,0.8384501503932499
10,2011,soft_bottom,0.9798080800523941
11,2011,soft_bottom,0.9713414451067665
12,2011,soft_bottom,1
13,2011,soft_bottom,0.8867631262091773
14,2011,soft_bottom,0.758429067165921
15,2011,soft_bottom,0.6511832241712137
16,2011,soft_bottom,0.7794401380738236
17,2011,soft_bottom,0.9462071075651443
18,2011,soft_bottom,0.9986907522668902
19,2011,soft_bottom,0.9961741085163266
20,2011,soft_bottom,0.7656077812045577
21,2011,soft_bottom,0.5816273123358086
24,2011,soft_bottom,0.15590084162284068
25,2011,soft_bottom,0.22543081553948496
26,2011,soft_bottom,0.28566565637443697
28,2011,soft_bottom,0.9647399581504804
29,2011,soft_bottom,0.971968451473579
30,2011,soft_bottom,0.9029523846969757
31,2011,soft_bottom,1
32,2011,soft_bottom,0.6001376773831966
33,2011,soft_bottom,0.5129678608992925
34,2011,soft_bottom,0.5580941940473669
35,2011,soft_bottom,0.8055840574622154
36,2011,soft_bottom,0.9137905838308845
37,2011,soft_bottom,0.999630457790299
38,2011,soft_bottom,1
39,2011,soft_bottom,0.9235613936230691
40,2011,soft_bottom,0.8618661804678882
41,2011,soft_bottom,0.2668632299714424
42,2011,soft_bottom,0.5110832237356537
43,2011,soft_bottom,1
44,2011,soft_bottom,0.9931359526593946
45,2011,soft_bottom,0.9685144055962425
46,2011,soft_bottom,0.8291592880744826
47,2011,soft_bottom,0.9503146681034005
48,2011,soft_bottom,0.9391449745248215
49,2011,soft_bottom,0.9812370468021118
50,2011,soft_bottom,0.9045817614626764
51,2011,soft_bottom,1
52,2011,soft_bottom,1
53,2011,soft_bottom,0.17937020211107046
54,2011,soft_bottom,1
55,2011,soft_bottom,0.7551043879404074
56,2011,soft_bottom,0.780197600692037
57,2011,soft_bottom,0.8784446407803128
58,2011,soft_bottom,0.6337274622531993
59,2011,soft_bottom,0.40929718464612963
60,2011,soft_bottom,1
61,2011,soft_bottom,0.7369158165858889
62,2011,soft_bottom,0.47174252153695573
63,2011,soft_bottom,0.7913402877516629
64,2011,soft_bottom,0.3863769630369084
65,2011,soft_bottom,0.43403189571536316
66,2011,soft_bottom,0.4697324119752696
67,2011,soft_bottom,0.8542619348529357
68,2011,soft_bottom,0.48046363230875067
69,2011,soft_bottom,0.44410825657695996
70,2011,soft_bottom,0.5485824193352851
71,2011,soft_bottom,0.8395450518793891
72,2011,soft_bottom,0.5725965380480613
73,2011,soft_bottom,0.7085637198903529
74,2011,soft_bottom,0.5887696807746028
75,2011,soft_bottom,0.5288597008104725
76,2011,soft_bottom,0.7638665916694274
77,2011,soft_bottom,0.8959421651171786
78,2011,soft_bottom,0.7737209518701572
79,2011,soft_bottom,0.7998748443102184
80,2011,soft_bottom,0.5823650077705929
81,2011,soft_bottom,0.7440923332197174
82,2011,soft_bottom,0.7242699392879282
84,2011,soft_bottom,0.31110583141998005
85,2011,soft_bottom,0.9800277136053247
86,2011,soft_bottom,0.9994786472216227
88,2011,soft_bottom,0.9390844112636495
89,2011,soft_bottom,1
90,2011,soft_bottom,0.9461071060726789
91,2011,soft_bottom,0.9618343743139435
92,2011,soft_bottom,0.8553625098315263
93,2011,soft_bottom,0.8279979480644954
94,2011,soft_bottom,0.788808130987169
95,2011,soft_bottom,0.9429752819662075
96,2011,soft_bottom,0.7194386552453476
97,2011,soft_bottom,0.860172560879315
98,2011,soft_bottom,0.9487179487179487
99,2011,soft_bottom,1
100,2011,soft_bottom,0.8062142994992599
101,2011,soft_bottom,0.9737454452779093
102,2011,soft_bottom,0.856035740896867
103,2011,soft_bottom,0.9741766605233974
104,2011,soft_bottom,0.9051771921383225
105,2011,soft_bottom,1
106,2011,soft_bottom,0.2296276138878267
107,2011,soft_bottom,0.9130835057609377
108,2011,soft_bottom,0.8416895225229212
110,2011,soft_bottom,0.9571197056372263
111,2011,soft_bottom,0.9836082936403218
112,2011,soft_bottom,0.8882840447390826
113,2011,soft_bottom,0.9669138694604655
114,2011,soft_bottom,0.9977872235265157
115,2011,soft_bottom,0.9887317639621762
116,2011,soft_bottom,0.6937407256931798
117,2011,soft_bottom,0.9761370899018234
118,2011,soft_bottom,0.9931951152471709
119,2011,soft_bottom,0.987401846198822
120,2011,soft_bottom,0.9949738541298333
121,2011,soft_bottom,0.9986139904459318
122,2011,soft_bottom,0.7844299461160387
123,2011,soft_bottom,0.986514675392416
124,2011,soft_bottom,0.9695399489405946
125,2011,soft_bottom,0.9969220781280967
126,2011,soft_bottom,1
127,2011,soft_bottom,0.8360968886172935
129,2011,soft_bottom,0.9794970804150043
130,2011,soft_bottom,0.9488659969906396
131,2011,soft_bottom,0.9813709145023392
132,2011,soft_bottom,0.992536849412904
133,2011,soft_bottom,0.9887942501964945
134,2011,soft_bottom,0.9623678509939505
135,2011,soft_bottom,0.9856515911194051
136,2011,soft_bottom,0.9190574093654117
137,2011,soft_bottom,0.6498792412399634
138,2011,soft_bottom,0.930253390691302
139,2011,soft_bottom,0.9105467801489304
140,2011,soft_bottom,0.9770058210578273
141,2011,soft_bottom,0.9659535009282737
143,2011,soft_bottom,0.9753173954203883
144,2011,soft_bottom,0.9911798833831124
145,2011,soft_bottom,0.9445025401548003
146,2011,soft_bottom,0.9998744397713293
147,2011,soft_bottom,0.9911510350710468
148,2011,soft_bottom,0.9677286393342203
149,2011,soft_bottom,0.7718534316757159
150,2011,soft_bottom,0.7015303666517563
151,2011,soft_bottom,0.7288055921437241
152,2011,soft_bottom,0.9379840083109054
153,2011,soft_bottom,0.9968414210712166
154,2011,soft_bottom,0.9336104849150908
155,2011,soft_bottom,0.995892549119888
156,2011,soft_bottom,0.9971745316099027
157,2011,soft_bottom,0.9723264190978946
158,2011,soft_bottom,0.762197681316014
159,2011,soft_bottom,0.7461374750949492
161,2011,soft_bottom,0.9991879558807018
162,2011,soft_bottom,0.9989736124401289
163,2011,soft_bottom,0.7467271110876714
164,2011,soft_bottom,0.9457742604148852
166,2011,soft_bottom,0.9860112629411086
167,2011,soft_bottom,0.9906477517427199
168,2011,soft_bottom,0.7838112878107314
169,2011,soft_bottom,0.955005436337805
171,2011,soft_bottom,0.959097466163014
172,2011,soft_bottom,0.5766940570043491
173,2011,soft_bottom,0.9629599932038775
174,2011,soft_bottom,0.6422284519758777
175,2011,soft_bottom,0.40681076807825645
176,2011,soft_bottom,0.36248166222443645
177,2011,soft_bottom,0.40661408280295874
178,2011,soft_bottom,0.3910573119820009
179,2011,soft_bottom,0.561667753575994
180,2011,soft_bottom,0.5613697784250411
181,2011,soft_bottom,0.5670641264950114
182,2011,soft_bottom,0.5359473687437858
183,2011,soft_bottom,0.6378422215595029
184,2011,soft_bottom,0.48912387249734945
185,2011,soft_bottom,1
186,2011,soft_bottom,0.5650191608681736
187,2011,soft_bottom,0.4973651044465299
188,2011,soft_bottom,1
189,2011,soft_bottom,0.3855152065937336
190,2011,soft_bottom,0.996921983601033
191,2011,soft_bottom,1
192,2011,soft_bottom,1
193,2011,soft_bottom,0.5877541656203231
194,2011,soft_bottom,0.7389055087951806
195,2011,soft_bottom,0.9193507947336732
196,2011,soft_bottom,0.8620588304339976
197,2011,soft_bottom,0.32106244996421696
198,2011,soft_bottom,0.8436876736382348
199,2011,soft_bottom,0.6838945081521726
200,2011,soft_bottom,0.2558516950463664
202,2011,soft_bottom,0.9999812417708124
203,2011,soft_bottom,0.19040970771358423
204,2011,soft_bottom,0.501776350855707
205,2011,soft_bottom,0.5173497268647859
206,2011,soft_bottom,0.8257471416891915
207,2011,soft_bottom,0.2708223490971621
208,2011,soft_bottom,1
209,2011,soft_bottom,0.22427100914367948
210,2011,soft_bottom,0.9271958534677827
212,2011,soft_bottom,0.9800076050697205
213,2011,soft_bottom,0.9987345014012722
214,2011,soft_bottom,0.866049560772244
215,2011,soft_bottom,1
216,2011,soft_bottom,0.5437694452361717
218,2011,soft_bottom,0.7107140428969843
219,2011,soft_bottom,0.7421631639443556
220,2011,soft_bottom,0.9832053249701858
221,2011,soft_bottom,0.9837170645974025
222,2011,soft_bottom,0.5281221254421011
223,2011,soft_bottom,0.8440985789886575
224,2011,soft_bottom,0.9940033850537198
227,2011,soft_bottom,0.4095499310642481
228,2011,soft_bottom,0.3950613323937763
231,2011,soft_bottom,0.6759157299169491
237,2011,soft_bottom,0.5433077889460105
244,2011,soft_bottom,0.9821458950361891
245,2011,soft_bottom,0.9641364116166065
247,2011,soft_bottom,0.9781865476441562
248,2011,soft_bottom,0.9229926315354223
249,2011,soft_bottom,0.9801772836109867
250,2011,soft_bottom,0.9922715845976525
255,2011,soft_bottom,0.7701335919397767
260,2011,soft_bottom,0.9968868156576988
261,2011,soft_bottom,0.9483980937681583
262,2011,soft_bottom,0.980111362605781
263,2011,soft_bottom,0.9907561939022282
264,2011,soft_bottom,0.9658892342194164
266,2011,soft_bottom,0.9891019634870262
267,2011,soft_bottom,0.9944105895273959
269,2011,soft_bottom,0.9734915744872769
270,2011,soft_bottom,0.9716082259591802
272,2011,soft_bottom,0.9822972648114747
273,2011,soft_bottom,0.9787650335404501
274,2011,soft_bottom,0.9761370103764911
275,2011,soft_bottom,0.9886273747031342
276,2011,soft_bottom,0.9949530569799332
277,2011,soft_bottom,0.9950814032693968
1,2012,soft_bottom,0.930801679436313
2,2012,soft_bottom,0.7178105756948985
3,2012,soft_bottom,0.8488367117953488
4,2012,soft_bottom,0.7848144405699657
5,2012,soft_bottom,0.9541371647917586
6,2012,soft_bottom,0.9996464869852648
7,2012,soft_bottom,0.9926292545585851
8,2012,soft_bottom,0.985272438048922
9,2012,soft_bottom,0.9180374138696415
10,2012,soft_bottom,0.9953396749476167
11,2012,soft_bottom,0.9996069047689187
12,2012,soft_bottom,1
13,2012,soft_bottom,0.9929246238483548
14,2012,soft_bottom,0.7625355298209613
15,2012,soft_bottom,0.6477714709288347
16,2012,soft_bottom,0.7782991533083822
17,2012,soft_bottom,0.9904602195977953
18,2012,soft_bottom,0.9984791843926155
19,2012,soft_bottom,0.9984191633040845
20,2012,soft_bottom,0.7407659684352299
21,2012,soft_bottom,0.5983398711534252
24,2012,soft_bottom,0.1464374991148476
25,2012,soft_bottom,0.206602063825575
26,2012,soft_bottom,0.24951205987727432
28,2012,soft_bottom,0.964372145962396
29,2012,soft_bottom,0.9607034480152062
30,2012,soft_bottom,0.9944114112061316
31,2012,soft_bottom,1
32,2012,soft_bottom,0.5896978801375703
33,2012,soft_bottom,0.49531028075860095
34,2012,soft_bottom,0.5269461458852978
35,2012,soft_bottom,0.7697510144114494
36,2012,soft_bottom,0.918169604057305
37,2012,soft_bottom,0.9996037378267363
38,2012,soft_bottom,1
39,2012,soft_bottom,0.92344925879184
40,2012,soft_bottom,0.8612817033943135
41,2012,soft_bottom,0.3169794042929016
42,2012,soft_bottom,0.5618582594526186
43,2012,soft_bottom,1
44,2012,soft_bottom,1
45,2012,soft_bottom,0.9570749619441038
46,2012,soft_bottom,0.9846749812025916
47,2012,soft_bottom,0.9875152890077409
48,2012,soft_bottom,0.95024533005071
49,2012,soft_bottom,1
50,2012,soft_bottom,0.9232961296122646
51,2012,soft_bottom,0.9175422523461335
52,2012,soft_bottom,0.9548944240233984
53,2012,soft_bottom,0.17462659268370861
54,2012,soft_bottom,1
55,2012,soft_bottom,0.7560251276621242
56,2012,soft_bottom,0.8268965323483946
57,2012,soft_bottom,0.875411990481298
58,2012,soft_bottom,0.6284992878703646
59,2012,soft_bottom,0.397047883272171
60,2012,soft_bottom,1
61,2012,soft_bottom,0.7517213079405453
62,2012,soft_bottom,0.4250057465714874
63,2012,soft_bottom,0.7848235013090675
64,2012,soft_bottom,0.5196824495678896
65,2012,soft_bottom,0.4529593076024737
66,2012,soft_bottom,0.5531711900699544
67,2012,soft_bottom,0.815659387323758
68,2012,soft_bottom,0.4771352425324831
69,2012,soft_bottom,0.42285466286994955
70,2012,soft_bottom,0.5275527894079128
71,2012,soft_bottom,0.845402939930274
72,2012,soft_bottom,0.5335881774921898
73,2012,soft_bottom,0.7093111725991743
74,2012,soft_bottom,0.5916656563516522
75,2012,soft_bottom,0.4969890937310223
76,2012,soft_bottom,0.7804531836826427
77,2012,soft_bottom,0.9043607587393906
78,2012,soft_bottom,0.7858821875392803
79,2012,soft_bottom,0.8289937557244342
80,2012,soft_bottom,0.5852396779415356
81,2012,soft_bottom,0.7616246177025161
82,2012,soft_bottom,0.7289206604011187
84,2012,soft_bottom,0.30663379104049115
85,2012,soft_bottom,0.9852483675894337
86,2012,soft_bottom,0.9961362290302334
88,2012,soft_bottom,0.8683787282423971
89,2012,soft_bottom,1
90,2012,soft_bottom,1
91,2012,soft_bottom,0.969620675278597
92,2012,soft_bottom,0.8977434403521022
93,2012,soft_bottom,0.8093959516510939
94,2012,soft_bottom,0.7535474421070173
95,2012,soft_bottom,0.9437380770135825
96,2012,soft_bottom,0.6551999166825128
97,2012,soft_bottom,0.8527548410399145
98,2012,soft_bottom,0.9487179487179487
99,2012,soft_bottom,1
100,2012,soft_bottom,0.7404149872749534
101,2012,soft_bottom,0.9620797801847811
102,2012,soft_bottom,0.9719886608111018
103,2012,soft_bottom,0.9482970066306161
104,2012,soft_bottom,0.8017601856211763
105,2012,soft_bottom,1
106,2012,soft_bottom,0.21338983684502877
107,2012,soft_bottom,0.8283458367784358
108,2012,soft_bottom,0.8679109628965976
110,2012,soft_bottom,0.9529313409604089
111,2012,soft_bottom,0.989951993114523
112,2012,soft_bottom,0.9440905552830655
113,2012,soft_bottom,0.9796611250010359
114,2012,soft_bottom,0.983951117001274
115,2012,soft_bottom,0.9959777420640208
116,2012,soft_bottom,0.6996108632428106
117,2012,soft_bottom,0.97062921542189
118,2012,soft_bottom,0.978590981757623
119,2012,soft_bottom,0.8494294968978414
120,2012,soft_bottom,0.9696049873902012
121,2012,soft_bottom,0.9927324891090393
122,2012,soft_bottom,0.7779822691997386
123,2012,soft_bottom,0.9623566229635014
124,2012,soft_bottom,0.9650050091959665
125,2012,soft_bottom,0.967871173593028
126,2012,soft_bottom,0.9952727488557344
127,2012,soft_bottom,0.8429796455249394
129,2012,soft_bottom,0.9899801962821393
130,2012,soft_bottom,0.9983162394380634
131,2012,soft_bottom,0.9676248625255666
132,2012,soft_bottom,0.9769492938532572
133,2012,soft_bottom,0.967831810211509
134,2012,soft_bottom,0.9189589362540688
135,2012,soft_bottom,0.9822548364877007
136,2012,soft_bottom,0.91778898757004
137,2012,soft_bottom,0.649550232521486
138,2012,soft_bottom,0.9859274711835564
139,2012,soft_bottom,0.9583608226049145
140,2012,soft_bottom,0.9586621584612651
141,2012,soft_bottom,0.9534367733214757
143,2012,soft_bottom,0.9834617319514091
144,2012,soft_bottom,0.9999362822673092
145,2012,soft_bottom,0.9384293578173477
146,2012,soft_bottom,0.9990433734071816
147,2012,soft_bottom,0.9833254585761957
148,2012,soft_bottom,0.9856183006191532
149,2012,soft_bottom,0.7380744446549495
150,2012,soft_bottom,0.6918354423646575
151,2012,soft_bottom,0.7649526918240687
152,2012,soft_bottom,0.9362868571304629
153,2012,soft_bottom,0.9967945083433372
154,2012,soft_bottom,0.9481320208321001
155,2012,soft_bottom,0.9962121771313482
156,2012,soft_bottom,1
157,2012,soft_bottom,0.97437821996
158,2012,soft_bottom,0.6068584120136569
159,2012,soft_bottom,0.7910778739609446
161,2012,soft_bottom,0.9984603239881947
162,2012,soft_bottom,0.9986685969913233
163,2012,soft_bottom,0.7504010736205753
164,2012,soft_bottom,0.950117915984872
166,2012,soft_bottom,0.9984624322121531
167,2012,soft_bottom,0.7850263761991465
168,2012,soft_bottom,0.7777516016575833
169,2012,soft_bottom,0.9735849984044104
171,2012,soft_bottom,0.9412930292557754
172,2012,soft_bottom,0.5812508535716863
173,2012,soft_bottom,0.9803151764300516
174,2012,soft_bottom,0.6498514175044824
175,2012,soft_bottom,0.4103767638771417
176,2012,soft_bottom,0.373804842067444
177,2012,soft_bottom,0.41833461232583324
178,2012,soft_bottom,0.3876768754156723
179,2012,soft_bottom,0.5676333734805366
180,2012,soft_bottom,0.5663727055361998
181,2012,soft_bottom,0.5585287245401569
182,2012,soft_bottom,0.5480173905796027
183,2012,soft_bottom,0.64844312565093
184,2012,soft_bottom,0.4868119991594576
185,2012,soft_bottom,1
186,2012,soft_bottom,0.5718633352992046
187,2012,soft_bottom,0.49802468749592976
188,2012,soft_bottom,1
189,2012,soft_bottom,0.35384727166249197
190,2012,soft_bottom,0.9857971028092949
191,2012,soft_bottom,1
192,2012,soft_bottom,1
193,2012,soft_bottom,0.5906795862498904
194,2012,soft_bottom,0.6839331440337977
195,2012,soft_bottom,0.8519298871812064
196,2012,soft_bottom,0.8119877231910856
197,2012,soft_bottom,0.31627347957284957
198,2012,soft_bottom,0.771046686147429
199,2012,soft_bottom,0.6507058097370739
200,2012,soft_bottom,0.28116075091920856
202,2012,soft_bottom,0.999973165520888
203,2012,soft_bottom,0.18957942113771853
204,2012,soft_bottom,0.5658723694525141
205,2012,soft_bottom,0.453933178234582
206,2012,soft_bottom,0.7625433096924031
207,2012,soft_bottom,0.2630304109266164
208,2012,soft_bottom,0.9253706658879916
209,2012,soft_bottom,0.22722039679571016
210,2012,soft_bottom,0.9375011332968458
212,2012,soft_bottom,0.9978593944620414
213,2012,soft_bottom,0.9988265821101844
214,2012,soft_bottom,0.8820368410214869
215,2012,soft_bottom,1
216,2012,soft_bottom,0.5561814373803777
218,2012,soft_bottom,0.6788442860211381
219,2012,soft_bottom,0.708764721467657
220,2012,soft_bottom,0.8756118044257164
221,2012,soft_bottom,0.8400038228266768
222,2012,soft_bottom,0.530843881111698
223,2012,soft_bottom,0.8770756116904715
224,2012,soft_bottom,0.9970480393015894
227,2012,soft_bottom,0.41138096526265144
228,2012,soft_bottom,0.38423972170461307
231,2012,soft_bottom,0.6807433425278917
237,2012,soft_bottom,0.5456595089700487
244,2012,soft_bottom,0.9965388928917615
245,2012,soft_bottom,0.9939473674201699
247,2012,soft_bottom,0.9961684600527125
248,2012,soft_bottom,0.88843248515053
249,2012,soft_bottom,0.824102239764255
250,2012,soft_bottom,1
255,2012,soft_bottom,0.770899143607031
260,2012,soft_bottom,0.9968585906267872
261,2012,soft_bottom,0.9433984721841062
262,2012,soft_bottom,0.9804361591992493
263,2012,soft_bottom,0.9893221399193062
264,2012,soft_bottom,0.9653981824344604
266,2012,soft_bottom,0.9881528472985515
267,2012,soft_bottom,0.9965635215983231
269,2012,soft_bottom,0.9806241843863981
270,2012,soft_bottom,0.9737948100339173
272,2012,soft_bottom,0.9832263678462279
273,2012,soft_bottom,0.9834921257986186
274,2012,soft_bottom,0.9839167974142798
275,2012,soft_bottom,0.9876464383963919
276,2012,soft_bottom,0.9939856544077241
277,2012,soft_bottom,0.9953710044816805
1,2013,soft_bottom,0.9306258331654617
2,2013,soft_bottom,0.7212126431362783
3,2013,soft_bottom,0.8262658147446228
4,2013,soft_bottom,0.793539891227011
5,2013,soft_bottom,0.972498751554415
6,2013,soft_bottom,0.9999803311261318
7,2013,soft_bottom,0.9912968703762287
8,2013,soft_bottom,0.9859392364031032
9,2013,soft_bottom,0.9123554692052299
10,2013,soft_bottom,0.995635018641692
11,2013,soft_bottom,0.9996200513009994
12,2013,soft_bottom,1
13,2013,soft_bottom,0.7628208625186363
14,2013,soft_bottom,0.7576277774474118
15,2013,soft_bottom,0.48362541310365337
16,2013,soft_bottom,0.7879359731166589
17,2013,soft_bottom,0.8238035802612665
18,2013,soft_bottom,0.9989362376171114
19,2013,soft_bottom,0.9891229988350856
20,2013,soft_bottom,0.8926315571014944
21,2013,soft_bottom,0.5717575583179855
24,2013,soft_bottom,0.16179055890699068
25,2013,soft_bottom,0.1694538293891401
26,2013,soft_bottom,0.21567150167292026
28,2013,soft_bottom,0.9486511733436735
29,2013,soft_bottom,0.9410782393916876
30,2013,soft_bottom,0.8961853166727443
31,2013,soft_bottom,1
32,2013,soft_bottom,0.9823667197287838
33,2013,soft_bottom,0.49600011915064013
34,2013,soft_bottom,0.5327149065451313
35,2013,soft_bottom,0.7758159818887711
36,2013,soft_bottom,0.9106827375849161
37,2013,soft_bottom,1
38,2013,soft_bottom,1
39,2013,soft_bottom,0.9237781636573741
40,2013,soft_bottom,0.8606571704094036
41,2013,soft_bottom,0.24918957000464348
42,2013,soft_bottom,0.4268967163520092
43,2013,soft_bottom,1
44,2013,soft_bottom,0.9880810814189224
45,2013,soft_bottom,0.9652116848155856
46,2013,soft_bottom,0.9179517771540717
47,2013,soft_bottom,0.939734541561516
48,2013,soft_bottom,0.9605125542852456
49,2013,soft_bottom,0.9589192551238778
50,2013,soft_bottom,0.8949131793889449
51,2013,soft_bottom,0.9253994009279191
52,2013,soft_bottom,0.8331715943942587
53,2013,soft_bottom,0.1727038167038648
54,2013,soft_bottom,0.9559279999206696
55,2013,soft_bottom,0.7508735923870371
56,2013,soft_bottom,0.7761120118520503
57,2013,soft_bottom,0.8761341922782783
58,2013,soft_bottom,0.6344235518427149
59,2013,soft_bottom,0.4105436861515045
60,2013,soft_bottom,1
61,2013,soft_bottom,0.6743315800823257
62,2013,soft_bottom,0.4562376231516201
63,2013,soft_bottom,0.7835856331338793
64,2013,soft_bottom,0.38706549839651383
65,2013,soft_bottom,0.4101530739239284
66,2013,soft_bottom,0.4336234745213067
67,2013,soft_bottom,0.8584268568138368
68,2013,soft_bottom,0.4057104866817701
69,2013,soft_bottom,0.4544729613626486
70,2013,soft_bottom,0.5275999620278304
71,2013,soft_bottom,0.8326487148165378
72,2013,soft_bottom,0.5412565268552642
73,2013,soft_bottom,0.7110377627573969
74,2013,soft_bottom,0.5942084642707324
75,2013,soft_bottom,0.5088843214584658
76,2013,soft_bottom,0.7723291757233259
77,2013,soft_bottom,0.9176717534262154
78,2013,soft_bottom,0.7899488514390192
79,2013,soft_bottom,0.7988867754091139
80,2013,soft_bottom,0.5880591206915443
81,2013,soft_bottom,0.7578521355074579
82,2013,soft_bottom,0.5538101779823085
84,2013,soft_bottom,0.31043632412398303
85,2013,soft_bottom,0.8076403275399701
86,2013,soft_bottom,0.9978675013773269
88,2013,soft_bottom,0.8252560362500846
89,2013,soft_bottom,1
90,2013,soft_bottom,1
91,2013,soft_bottom,0.9477790671215831
92,2013,soft_bottom,0.8577675951123083
93,2013,soft_bottom,0.8156624403264697
94,2013,soft_bottom,0.7765730481359905
95,2013,soft_bottom,0.9440134284974252
96,2013,soft_bottom,0.715487557591221
97,2013,soft_bottom,0.8236277396935391
98,2013,soft_bottom,0.9487179487179487
99,2013,soft_bottom,1
100,2013,soft_bottom,0.7732045710050389
101,2013,soft_bottom,0.94807065308366
102,2013,soft_bottom,0.9720542912291354
103,2013,soft_bottom,0.9155333758220474
104,2013,soft_bottom,0.9009031618633664
105,2013,soft_bottom,1
106,2013,soft_bottom,0.24143806481434815
107,2013,soft_bottom,0.8098878012143447
108,2013,soft_bottom,0.8016820129143847
110,2013,soft_bottom,0.9619223256177837
111,2013,soft_bottom,0.9891171447305811
112,2013,soft_bottom,0.9008226720237069
113,2013,soft_bottom,0.9533034081985595
114,2013,soft_bottom,0.9946173697424574
115,2013,soft_bottom,0.9964852499983489
116,2013,soft_bottom,0.7115841341173912
117,2013,soft_bottom,0.9713001863952384
118,2013,soft_bottom,0.9816498897971738
119,2013,soft_bottom,0.8591927655462949
120,2013,soft_bottom,0.9771699008207029
121,2013,soft_bottom,0.9941741531590621
122,2013,soft_bottom,0.7747579100339309
123,2013,soft_bottom,0.9733386812731624
124,2013,soft_bottom,0.9696371404825226
125,2013,soft_bottom,0.9973680286919663
126,2013,soft_bottom,0.9798296490294296
127,2013,soft_bottom,0.8416324069034563
129,2013,soft_bottom,0.9326341648159171
130,2013,soft_bottom,0.9998246689022525
131,2013,soft_bottom,0.9903331545765072
132,2013,soft_bottom,0.9958331446715878
133,2013,soft_bottom,0.9922884314840134
134,2013,soft_bottom,0.9576932208364339
135,2013,soft_bottom,0.9901119586348756
136,2013,soft_bottom,0.9146565486340097
137,2013,soft_bottom,0.6483213348445014
138,2013,soft_bottom,0.8686424009765268
139,2013,soft_bottom,0.9515160504264952
140,2013,soft_bottom,0.9686567364022601
141,2013,soft_bottom,0.9665800227880654
143,2013,soft_bottom,0.9825199878188341
144,2013,soft_bottom,0.994541521753206
145,2013,soft_bottom,0.9594932886006742
146,2013,soft_bottom,0.9996255784813618
147,2013,soft_bottom,0.9829214195598803
148,2013,soft_bottom,0.9879677514195341
149,2013,soft_bottom,0.7955342161800161
150,2013,soft_bottom,0.725037693306209
151,2013,soft_bottom,0.7455302626851636
152,2013,soft_bottom,0.9364150948819894
153,2013,soft_bottom,0.9969137107075274
154,2013,soft_bottom,0.9400197414444046
155,2013,soft_bottom,0.9953355134432076
156,2013,soft_bottom,1
157,2013,soft_bottom,0.9859940968222999
158,2013,soft_bottom,0.8004387842615446
159,2013,soft_bottom,0.7458715722200295
161,2013,soft_bottom,0.9990694262875871
162,2013,soft_bottom,0.9982625181242093
163,2013,soft_bottom,0.7512385634355273
164,2013,soft_bottom,0.9582246057011864
166,2013,soft_bottom,0.9960139169179698
167,2013,soft_bottom,0.800101397085448
168,2013,soft_bottom,0.7580567475456697
169,2013,soft_bottom,0.9670395198859026
171,2013,soft_bottom,0.9308050219533449
172,2013,soft_bottom,0.5907997146944384
173,2013,soft_bottom,0.9494085177746158
174,2013,soft_bottom,0.6532688104156135
175,2013,soft_bottom,0.4112067698889166
176,2013,soft_bottom,0.3644696079987636
177,2013,soft_bottom,0.4064323184387162
178,2013,soft_bottom,0.3803493917494928
179,2013,soft_bottom,0.5542771154744759
180,2013,soft_bottom,0.5725789392388294
181,2013,soft_bottom,0.5376636819621305
182,2013,soft_bottom,0.5294564736845828
183,2013,soft_bottom,0.6413653066321348
184,2013,soft_bottom,0.49053417097099206
185,2013,soft_bottom,1
186,2013,soft_bottom,0.5715931467263096
187,2013,soft_bottom,0.5402224232497802
188,2013,soft_bottom,1
189,2013,soft_bottom,0.38876265195699844
190,2013,soft_bottom,0.9276518117015561
191,2013,soft_bottom,0.9501017396675369
192,2013,soft_bottom,0.9294815197587013
193,2013,soft_bottom,0.5585055562719425
194,2013,soft_bottom,0.7204043569484258
195,2013,soft_bottom,0.9974277635593586
196,2013,soft_bottom,0.8980392580524118
197,2013,soft_bottom,0.3188699134890898
198,2013,soft_bottom,0.8856187375984592
199,2013,soft_bottom,0.642057821334436
200,2013,soft_bottom,0.14192378723825716
202,2013,soft_bottom,0.9999715526807745
203,2013,soft_bottom,0.19123329840643966
204,2013,soft_bottom,0.49465536319403547
205,2013,soft_bottom,0.4821472124291517
206,2013,soft_bottom,0.6987456420029109
207,2013,soft_bottom,0.26453580617993755
208,2013,soft_bottom,0.7561753739913305
209,2013,soft_bottom,0.24598462414477584
210,2013,soft_bottom,0.9292702084598823
212,2013,soft_bottom,0.9979784058466575
213,2013,soft_bottom,0.9987522799168678
214,2013,soft_bottom,0.8653306169727454
215,2013,soft_bottom,1
216,2013,soft_bottom,0.5319325670779985
218,2013,soft_bottom,0.698734668820431
219,2013,soft_bottom,0.7072289615001494
220,2013,soft_bottom,0.8882033787667751
221,2013,soft_bottom,0.853255913834329
222,2013,soft_bottom,0.5281582869348855
223,2013,soft_bottom,0.8631617554490932
224,2013,soft_bottom,0.9891178130462581
227,2013,soft_bottom,0.41037979535758495
228,2013,soft_bottom,0.3941502239216458
231,2013,soft_bottom,0.664790474859176
237,2013,soft_bottom,0.518911709388097
244,2013,soft_bottom,0.980358760026787
245,2013,soft_bottom,0.9740743837249812
247,2013,soft_bottom,0.9394391185527009
248,2013,soft_bottom,0.8933450685061038
249,2013,soft_bottom,0.8386045163092406
250,2013,soft_bottom,0.9897414005166892
255,2013,soft_bottom,0.7127363685167177
260,2013,soft_bottom,0.9970433359982511
261,2013,soft_bottom,0.9463058025188887
262,2013,soft_bottom,0.9808148071196304
263,2013,soft_bottom,0.988196555717767
264,2013,soft_bottom,0.9678802819941406
266,2013,soft_bottom,0.991107005000421
267,2013,soft_bottom,0.9954038749854032
269,2013,soft_bottom,0.9773065958812743
270,2013,soft_bottom,0.9733096185510319
272,2013,soft_bottom,0.9800564808355262
273,2013,soft_bottom,0.9775925376728042
274,2013,soft_bottom,0.9803426641893893
275,2013,soft_bottom,0.9885162222697134
276,2013,soft_bottom,0.9948884344828756
277,2013,soft_bottom,0.9929343888322867
1,2014,soft_bottom,0.9280757701336916
2,2014,soft_bottom,0.6825164691403272
3,2014,soft_bottom,0.8469231181899322
4,2014,soft_bottom,0.769794755563456
5,2014,soft_bottom,0.9727872143493468
6,2014,soft_bottom,0.9996729159001376
7,2014,soft_bottom,0.9960533503869672
8,2014,soft_bottom,0.9849810998483174
9,2014,soft_bottom,0.9030112044907044
10,2014,soft_bottom,0.9952620970913911
11,2014,soft_bottom,0.9995875981666298
12,2014,soft_bottom,1
13,2014,soft_bottom,0.7580039198303719
14,2014,soft_bottom,0.754092860208562
15,2014,soft_bottom,0.4945120324845138
16,2014,soft_bottom,0.7961643450741742
17,2014,soft_bottom,0.991818734382675
18,2014,soft_bottom,0.9985247667326457
19,2014,soft_bottom,0.9989221686083996
20,2014,soft_bottom,0.7211005524311074
21,2014,soft_bottom,0.6009473450553076
24,2014,soft_bottom,0.1457739254151742
25,2014,soft_bottom,0.3002783345882257
26,2014,soft_bottom,0.3328241749710873
28,2014,soft_bottom,0.94952155544538
29,2014,soft_bottom,0.9316320081088173
30,2014,soft_bottom,0.8879884611985319
31,2014,soft_bottom,1
32,2014,soft_bottom,0.9776881911143472
33,2014,soft_bottom,0.4839649373808732
34,2014,soft_bottom,0.5224906351475367
35,2014,soft_bottom,0.7593375948309898
36,2014,soft_bottom,0.9778235431078842
37,2014,soft_bottom,1
38,2014,soft_bottom,1
39,2014,soft_bottom,0.970688599889574
40,2014,soft_bottom,0.876462133107869
41,2014,soft_bottom,0.3054883333520092
42,2014,soft_bottom,0.5849191911733197
43,2014,soft_bottom,1
44,2014,soft_bottom,1
45,2014,soft_bottom,0.8686258523009235
46,2014,soft_bottom,0.9571439197117632
47,2014,soft_bottom,0.9981213773799849
48,2014,soft_bottom,0.9563624314338404
49,2014,soft_bottom,0.9933041869285139
50,2014,soft_bottom,0.9761361120871874
51,2014,soft_bottom,0.8304723680864834
52,2014,soft_bottom,0.9099470926336495
53,2014,soft_bottom,0.1622266889584043
54,2014,soft_bottom,0.8748079420730821
55,2014,soft_bottom,0.7518903907987295
56,2014,soft_bottom,0.7977333298293473
57,2014,soft_bottom,0.8713308914015256
58,2014,soft_bottom,0.6366616985857172
59,2014,soft_bottom,0.39047796428203585
60,2014,soft_bottom,1
61,2014,soft_bottom,0.759252425789611
62,2014,soft_bottom,0.430450696379416
63,2014,soft_bottom,0.7841403623753638
64,2014,soft_bottom,0.45900043085781705
65,2014,soft_bottom,0.43826541146453546
66,2014,soft_bottom,0.5185824656997098
67,2014,soft_bottom,0.8537365491597435
68,2014,soft_bottom,0.4714190907937159
69,2014,soft_bottom,0.4554382558923644
70,2014,soft_bottom,0.5559809418203674
71,2014,soft_bottom,0.8231248307455463
72,2014,soft_bottom,0.5166444004710165
73,2014,soft_bottom,0.709385587585351
74,2014,soft_bottom,0.6017570577439715
75,2014,soft_bottom,0.4986718295791579
76,2014,soft_bottom,0.7578958475100225
77,2014,soft_bottom,0.7922167992219329
78,2014,soft_bottom,0.7296896217565232
79,2014,soft_bottom,0.783214760714606
80,2014,soft_bottom,0.572810909208044
81,2014,soft_bottom,0.7278020237181759
82,2014,soft_bottom,0.3997329387045999
84,2014,soft_bottom,0.32252910236517585
85,2014,soft_bottom,0.9469507372330725
86,2014,soft_bottom,0.996497656498523
88,2014,soft_bottom,0.8830192553840222
89,2014,soft_bottom,1
90,2014,soft_bottom,0.9306888256732861
91,2014,soft_bottom,0.9420066037231201
92,2014,soft_bottom,0.9055168616314636
93,2014,soft_bottom,0.8267684950026883
94,2014,soft_bottom,0.733841107127323
95,2014,soft_bottom,0.9458168610752066
96,2014,soft_bottom,0.7675758959546704
97,2014,soft_bottom,0.8912019671300849
98,2014,soft_bottom,0.9487179487179487
99,2014,soft_bottom,1
100,2014,soft_bottom,0.780152882515364
101,2014,soft_bottom,0.8194086794908495
102,2014,soft_bottom,0.8435120913335876
103,2014,soft_bottom,0.9003727942143381
104,2014,soft_bottom,0.8869904182413467
105,2014,soft_bottom,1
106,2014,soft_bottom,0.20430061432872637
107,2014,soft_bottom,0.8344356782370714
108,2014,soft_bottom,0.9245755452888544
110,2014,soft_bottom,0.960838526292934
111,2014,soft_bottom,0.9910434201510449
112,2014,soft_bottom,0.9545843944508324
113,2014,soft_bottom,0.9908559985458851
114,2014,soft_bottom,0.9915434125853682
115,2014,soft_bottom,0.9928388538031743
116,2014,soft_bottom,0.6988004890468509
117,2014,soft_bottom,0.9762449571521948
118,2014,soft_bottom,0.9751183788135378
119,2014,soft_bottom,0.9110961543782702
120,2014,soft_bottom,0.9833564707259466
121,2014,soft_bottom,0.9960725215077401
122,2014,soft_bottom,0.8036050864535829
123,2014,soft_bottom,0.9765173618103666
124,2014,soft_bottom,0.9650895357047017
125,2014,soft_bottom,0.9917453657764899
126,2014,soft_bottom,1
127,2014,soft_bottom,0.8442866683414538
129,2014,soft_bottom,0.9953716716489194
130,2014,soft_bottom,0.9458659690890616
131,2014,soft_bottom,0.9637159097640666
132,2014,soft_bottom,0.9896089908841884
133,2014,soft_bottom,0.996996871702446
134,2014,soft_bottom,0.9733087093826356
135,2014,soft_bottom,0.9858221004093167
136,2014,soft_bottom,0.9409319278764645
137,2014,soft_bottom,0.6591001622352004
138,2014,soft_bottom,0.9859777573534726
139,2014,soft_bottom,0.9055534212548074
140,2014,soft_bottom,0.9687171646293367
141,2014,soft_bottom,0.9609157251284592
143,2014,soft_bottom,0.9816767680603553
144,2014,soft_bottom,0.9934795444787397
145,2014,soft_bottom,0.9230644228003954
146,2014,soft_bottom,0.9993642440982057
147,2014,soft_bottom,0.975670108356821
148,2014,soft_bottom,0.9884922098649535
149,2014,soft_bottom,0.8066108258119783
150,2014,soft_bottom,0.7185573237847236
151,2014,soft_bottom,0.7575529869756268
152,2014,soft_bottom,0.9346301740891905
153,2014,soft_bottom,0.9968416467812646
154,2014,soft_bottom,0.941878141935714
155,2014,soft_bottom,0.9963015855945426
156,2014,soft_bottom,1
157,2014,soft_bottom,0.9852807654147681
158,2014,soft_bottom,0.779663855118313
159,2014,soft_bottom,0.7258594469951454
161,2014,soft_bottom,0.9988472705586298
162,2014,soft_bottom,0.9981647482426799
163,2014,soft_bottom,0.7582557120227746
164,2014,soft_bottom,0.9600950930606236
166,2014,soft_bottom,0.9992230794769178
167,2014,soft_bottom,0.8184095005906948
168,2014,soft_bottom,0.7636676812964236
169,2014,soft_bottom,0.9705823459561412
171,2014,soft_bottom,0.965420230720179
172,2014,soft_bottom,0.6035272061798046
173,2014,soft_bottom,0.9792708448146065
174,2014,soft_bottom,0.6505196820751727
175,2014,soft_bottom,0.40334155170405905
176,2014,soft_bottom,0.3726402240089033
177,2014,soft_bottom,0.4195660309180418
178,2014,soft_bottom,0.3887235165993147
179,2014,soft_bottom,0.5915162219890501
180,2014,soft_bottom,0.5726841123253432
181,2014,soft_bottom,0.5646047392871898
182,2014,soft_bottom,0.5500489448109778
183,2014,soft_bottom,0.6472340861151656
184,2014,soft_bottom,0.49133275810659294
185,2014,soft_bottom,1
186,2014,soft_bottom,0.5718513648194004
187,2014,soft_bottom,0.5407800443725794
188,2014,soft_bottom,1
189,2014,soft_bottom,0.3872797406636752
190,2014,soft_bottom,0.8718525742062893
191,2014,soft_bottom,0.8917574603121069
192,2014,soft_bottom,0.8137397706508637
193,2014,soft_bottom,0.6054069119860491
194,2014,soft_bottom,0.8389119668748533
195,2014,soft_bottom,0.8620122637549591
196,2014,soft_bottom,0.8557100514408903
197,2014,soft_bottom,0.3186207944865054
198,2014,soft_bottom,0.8335750311093533
199,2014,soft_bottom,0.6124415149976468
200,2014,soft_bottom,0.12080411244393918
202,2014,soft_bottom,0.9999563281667555
203,2014,soft_bottom,0.3099693375725796
204,2014,soft_bottom,0.6130298563738764
205,2014,soft_bottom,0.5270614260265432
206,2014,soft_bottom,0.8055633763717116
207,2014,soft_bottom,0.2707316729252649
208,2014,soft_bottom,1
209,2014,soft_bottom,0.22541817912442097
210,2014,soft_bottom,0.9220478880930028
212,2014,soft_bottom,0.9996281538776274
213,2014,soft_bottom,0.9986459688404384
214,2014,soft_bottom,0.8508131427642627
215,2014,soft_bottom,1
216,2014,soft_bottom,0.6205988740053752
218,2014,soft_bottom,0.6987167876947145
219,2014,soft_bottom,0.7001510537365108
220,2014,soft_bottom,0.8545242001612982
221,2014,soft_bottom,0.8641759746328548
222,2014,soft_bottom,0.5367487507140676
223,2014,soft_bottom,0.826051787527333
224,2014,soft_bottom,0.9971765917320516
227,2014,soft_bottom,0.3942585550248623
228,2014,soft_bottom,0.36413049156015564
231,2014,soft_bottom,0.7910317229687754
237,2014,soft_bottom,0.900259150950997
244,2014,soft_bottom,0.9709792155646593
245,2014,soft_bottom,0.9537109415978193
247,2014,soft_bottom,1
248,2014,soft_bottom,0.8367666641765452
249,2014,soft_bottom,0.8447931395924609
250,2014,soft_bottom,0.9832755921464136
255,2014,soft_bottom,0.7430534073269144
260,2014,soft_bottom,0.9964986722586856
261,2014,soft_bottom,0.9448129240846758
262,2014,soft_bottom,0.9813386606888942
263,2014,soft_bottom,0.9898244590525018
264,2014,soft_bottom,0.9665620814797167
266,2014,soft_bottom,0.990166894346096
267,2014,soft_bottom,0.9923835156764435
269,2014,soft_bottom,0.9838625395337257
270,2014,soft_bottom,0.9745257238405047
272,2014,soft_bottom,0.9841675177883847
273,2014,soft_bottom,0.982702655518774
274,2014,soft_bottom,0.9813935916594784
275,2014,soft_bottom,0.9884286070753991
276,2014,soft_bottom,0.994769814141449
277,2014,soft_bottom,0.9954848939412206
1,2015,soft_bottom,1
2,2015,soft_bottom,1
3,2015,soft_bottom,0.9803955721047657
4,2015,soft_bottom,0.9754984773714248
5,2015,soft_bottom,0.9562124431476727
6,2015,soft_bottom,0.9970428658259197
7,2015,soft_bottom,0.9487531411119292
8,2015,soft_bottom,0.991741827529654
9,2015,soft_bottom,0.9155543847306472
10,2015,soft_bottom,0.7566875903933622
11,2015,soft_bottom,0.9797671541338354
12,2015,soft_bottom,1
13,2015,soft_bottom,0.9912415819109701
14,2015,soft_bottom,0.714016259568262
15,2015,soft_bottom,0.7519966461404661
16,2015,soft_bottom,0.8372358924938659
17,2015,soft_bottom,0.8474091078347646
18,2015,soft_bottom,0.994197107144724
19,2015,soft_bottom,0.9677645242411363
20,2015,soft_bottom,0.7480772047770097
21,2015,soft_bottom,0.6202176516151922
24,2015,soft_bottom,0.17734975162453537
25,2015,soft_bottom,0.33888527017161363
26,2015,soft_bottom,0.8535936786891176
28,2015,soft_bottom,0.9779605098902534
29,2015,soft_bottom,0.8592319363563121
30,2015,soft_bottom,1
31,2015,soft_bottom,1
32,2015,soft_bottom,0.9761987443588958
33,2015,soft_bottom,0.7376986162689252
34,2015,soft_bottom,0.6251800927448898
35,2015,soft_bottom,0.9022262890577316
36,2015,soft_bottom,0.9606470683586135
37,2015,soft_bottom,1
38,2015,soft_bottom,1
39,2015,soft_bottom,0.9877412217187834
40,2015,soft_bottom,0.9877990433444531
41,2015,soft_bottom,0.3363567887506883
42,2015,soft_bottom,0.7395712829424819
43,2015,soft_bottom,1
44,2015,soft_bottom,1
45,2015,soft_bottom,1
46,2015,soft_bottom,0.9235444082455202
47,2015,soft_bottom,0.9951473825171568
48,2015,soft_bottom,0.9615417291756964
49,2015,soft_bottom,1
50,2015,soft_bottom,1
51,2015,soft_bottom,1
52,2015,soft_bottom,1
53,2015,soft_bottom,0.15844257162874087
54,2015,soft_bottom,1
55,2015,soft_bottom,0.7927935125457904
56,2015,soft_bottom,0.8155752609919789
57,2015,soft_bottom,0.9931334007157155
58,2015,soft_bottom,0.7531799914608667
59,2015,soft_bottom,0.3580667704343796
60,2015,soft_bottom,1
61,2015,soft_bottom,0.6423550506349605
62,2015,soft_bottom,0.5977843527514128
63,2015,soft_bottom,0.7899436945593135
64,2015,soft_bottom,0.6282694759315619
65,2015,soft_bottom,0.4077481465680258
66,2015,soft_bottom,0.5517842337434811
67,2015,soft_bottom,0.8853662298754545
68,2015,soft_bottom,0.3436263672632279
69,2015,soft_bottom,0.4899276676022004
70,2015,soft_bottom,0.552591493301024
71,2015,soft_bottom,0.8249612792473723
72,2015,soft_bottom,0.5381669525280359
73,2015,soft_bottom,0.7461656896463345
74,2015,soft_bottom,0.5860311315685023
75,2015,soft_bottom,0.5095101437421472
76,2015,soft_bottom,0.8398733158577149
77,2015,soft_bottom,0.730201699904033
78,2015,soft_bottom,0.7425853361930753
79,2015,soft_bottom,0.854536183484613
80,2015,soft_bottom,0.6155201718563015
81,2015,soft_bottom,0.7279268633224887
82,2015,soft_bottom,0.5170394427903736
84,2015,soft_bottom,0.33624954919020333
85,2015,soft_bottom,0.9888445392483477
86,2015,soft_bottom,1
88,2015,soft_bottom,1
89,2015,soft_bottom,1
90,2015,soft_bottom,1
91,2015,soft_bottom,0.9927334292210193
92,2015,soft_bottom,0.9828344722305862
93,2015,soft_bottom,0.8174547252647543
94,2015,soft_bottom,0.854705899835501
95,2015,soft_bottom,0.9460812710013925
96,2015,soft_bottom,0.6416538501495579
97,2015,soft_bottom,0.9249779824479167
98,2015,soft_bottom,0.9487179487179487
99,2015,soft_bottom,1
100,2015,soft_bottom,0.7638292913268204
101,2015,soft_bottom,0.8629658334476957
102,2015,soft_bottom,0.9684370902011803
103,2015,soft_bottom,0.9832292186934714
104,2015,soft_bottom,0.894494584714306
105,2015,soft_bottom,1
106,2015,soft_bottom,0.20999968620947262
107,2015,soft_bottom,1
108,2015,soft_bottom,1
110,2015,soft_bottom,0.9784215996892466
111,2015,soft_bottom,1
112,2015,soft_bottom,0.9827352142946771
113,2015,soft_bottom,1
114,2015,soft_bottom,1
115,2015,soft_bottom,1
116,2015,soft_bottom,0.930035125217713
117,2015,soft_bottom,1
118,2015,soft_bottom,0.9978820685966513
119,2015,soft_bottom,0.9525746703147888
120,2015,soft_bottom,0.9904013045291125
121,2015,soft_bottom,0.9942061293125153
122,2015,soft_bottom,0.9112939749445234
123,2015,soft_bottom,0.9801397742960474
124,2015,soft_bottom,0.9868543583386042
125,2015,soft_bottom,1
126,2015,soft_bottom,1
127,2015,soft_bottom,0.9268618428543822
129,2015,soft_bottom,1
130,2015,soft_bottom,0.999865479675849
131,2015,soft_bottom,0.9918041484394675
132,2015,soft_bottom,1
133,2015,soft_bottom,1
134,2015,soft_bottom,0.9498971891975478
135,2015,soft_bottom,0.9893400186366597
136,2015,soft_bottom,0.9600259500494228
137,2015,soft_bottom,0.6646676498674063
138,2015,soft_bottom,0.9606319888592342
139,2015,soft_bottom,0.9947606889121668
140,2015,soft_bottom,0.9842498334847798
141,2015,soft_bottom,0.930821767376845
143,2015,soft_bottom,0.9521216752410258
144,2015,soft_bottom,0.9950074221276238
145,2015,soft_bottom,0.906833681753683
146,2015,soft_bottom,0.9997931469650171
147,2015,soft_bottom,0.9746174299228764
148,2015,soft_bottom,0.9909848702879303
149,2015,soft_bottom,0.8600311569848371
150,2015,soft_bottom,0.9590200480783068
151,2015,soft_bottom,0.7881766282106665
152,2015,soft_bottom,0.9274857701548972
153,2015,soft_bottom,0.9985353664864852
154,2015,soft_bottom,0.932271239060992
155,2015,soft_bottom,0.9993976651474861
156,2015,soft_bottom,1
157,2015,soft_bottom,0.9819265663105823
158,2015,soft_bottom,0.8790776520487906
159,2015,soft_bottom,1
161,2015,soft_bottom,0.9983952041313465
162,2015,soft_bottom,0.9767038290378383
163,2015,soft_bottom,0.81203921705549
164,2015,soft_bottom,1
166,2015,soft_bottom,1
167,2015,soft_bottom,0.900592522864992
168,2015,soft_bottom,0.8671509702985208
169,2015,soft_bottom,1
171,2015,soft_bottom,0.989779095776841
172,2015,soft_bottom,0.6238132404200265
173,2015,soft_bottom,0.7937793195776295
174,2015,soft_bottom,0.6956553554189377
175,2015,soft_bottom,0.4088748439393364
176,2015,soft_bottom,0.39107684569916445
177,2015,soft_bottom,0.47595650930340705
178,2015,soft_bottom,0.4192151876414464
179,2015,soft_bottom,0.5927129557336889
180,2015,soft_bottom,0.5900026892271925
181,2015,soft_bottom,0.5866067933965877
182,2015,soft_bottom,0.5580141167402081
183,2015,soft_bottom,0.6957148081903912
184,2015,soft_bottom,0.5247104316058188
185,2015,soft_bottom,1
186,2015,soft_bottom,0.5927184008690248
187,2015,soft_bottom,0.4969381303802086
188,2015,soft_bottom,1
189,2015,soft_bottom,0.45321323963312
190,2015,soft_bottom,1
191,2015,soft_bottom,1
192,2015,soft_bottom,1
193,2015,soft_bottom,0.5088399465267475
194,2015,soft_bottom,0.6924568520523213
195,2015,soft_bottom,0.759626383058969
196,2015,soft_bottom,0.91259597775605406
197,2015,soft_bottom,0.31678592602823685
198,2015,soft_bottom,0.8821862682950721
199,2015,soft_bottom,0.6094255195095621
200,2015,soft_bottom,0.4208439325869977
202,2015,soft_bottom,1
203,2015,soft_bottom,0.6014579631884183
204,2015,soft_bottom,0.5505467260521428
205,2015,soft_bottom,0.5242732252080688
206,2015,soft_bottom,0.8411965650582777
207,2015,soft_bottom,0.25425121110650994
208,2015,soft_bottom,1
209,2015,soft_bottom,0.282088155211055
210,2015,soft_bottom,0.9365504188276998
212,2015,soft_bottom,0.769129264396711
213,2015,soft_bottom,0.9999013520642405
214,2015,soft_bottom,0.9513559303797517
215,2015,soft_bottom,1
216,2015,soft_bottom,0.8866080165305879
218,2015,soft_bottom,0.7858539460187246
219,2015,soft_bottom,0.7151452528620229
220,2015,soft_bottom,0.9399230219423771
221,2015,soft_bottom,0.9463421960395795
222,2015,soft_bottom,0.5735200098359089
223,2015,soft_bottom,0.8132021216918874
224,2015,soft_bottom,0.917473770011012
227,2015,soft_bottom,0.4167545475065708
228,2015,soft_bottom,0.3460360460660674
231,2015,soft_bottom,0.9364392586723487
237,2015,soft_bottom,0.9765966159326059
244,2015,soft_bottom,0.9947300384928649
245,2015,soft_bottom,0.991838878715661
247,2015,soft_bottom,1
248,2015,soft_bottom,0.9209800372098355
249,2015,soft_bottom,0.9217934903243313
250,2015,soft_bottom,1
255,2015,soft_bottom,0.8379302257326302
260,2015,soft_bottom,0.9971077225287206
261,2015,soft_bottom,0.9671062019347386
262,2015,soft_bottom,0.9828561629095893
263,2015,soft_bottom,0.9986824331509618
264,2015,soft_bottom,0.9695477130956797
266,2015,soft_bottom,0.994066249713153
267,2015,soft_bottom,0.9987187431655284
269,2015,soft_bottom,0.9913805347828007
270,2015,soft_bottom,0.9937247226285814
272,2015,soft_bottom,0.9917263437278125
273,2015,soft_bottom,0.9927645510832039
274,2015,soft_bottom,0.976866661051865
275,2015,soft_bottom,0.9933669405978665
276,2015,soft_bottom,0.9990129333810627
277,2015,soft_bottom,0.9944628238918077
1,2016,soft_bottom,1
2,2016,soft_bottom,0.9886646144427859
3,2016,soft_bottom,0.9676477294808783
4,2016,soft_bottom,0.9622195535373648
5,2016,soft_bottom,0.9530099202872181
6,2016,soft_bottom,1
7,2016,soft_bottom,0.8926203338246259
8,2016,soft_bottom,0.9175288885819508
9,2016,soft_bottom,0.9109691354507679
10,2016,soft_bottom,0.8809505078794215
11,2016,soft_bottom,0.97053666053142
12,2016,soft_bottom,1
13,2016,soft_bottom,0.9970633519214526
14,2016,soft_bottom,0.6873275990354681
15,2016,soft_bottom,0.7289523235096578
16,2016,soft_bottom,0.8427009607943632
17,2016,soft_bottom,0.7997052744213692
18,2016,soft_bottom,0.9977673284581222
19,2016,soft_bottom,0.9446205871420081
20,2016,soft_bottom,0.7489552033667468
21,2016,soft_bottom,0.6336180085915432
24,2016,soft_bottom,0.16673489865355606
25,2016,soft_bottom,0.34706153957796027
26,2016,soft_bottom,0.776546357055063
28,2016,soft_bottom,0.9980081081856602
29,2016,soft_bottom,0.9365240748075745
30,2016,soft_bottom,1
31,2016,soft_bottom,1
32,2016,soft_bottom,0.9759379540629025
33,2016,soft_bottom,0.6454394197521302
34,2016,soft_bottom,0.6516415231950563
35,2016,soft_bottom,0.9505895605206489
36,2016,soft_bottom,0.9588127586405291
37,2016,soft_bottom,1
38,2016,soft_bottom,1
39,2016,soft_bottom,0.9975759962000573
40,2016,soft_bottom,0.9846977496774341
41,2016,soft_bottom,0.34296189154692325
42,2016,soft_bottom,0.712248485381691
43,2016,soft_bottom,1
44,2016,soft_bottom,1
45,2016,soft_bottom,1
46,2016,soft_bottom,1
47,2016,soft_bottom,1
48,2016,soft_bottom,0.961345157146889
49,2016,soft_bottom,1
50,2016,soft_bottom,0.9678435468258674
51,2016,soft_bottom,1
52,2016,soft_bottom,0.9164812431996128
53,2016,soft_bottom,0.1554826160863485
54,2016,soft_bottom,1
55,2016,soft_bottom,0.7959953982134141
56,2016,soft_bottom,0.7901053704469594
57,2016,soft_bottom,0.9935252762287626
58,2016,soft_bottom,0.7306395590758871
59,2016,soft_bottom,0.3886169776320457
60,2016,soft_bottom,1
61,2016,soft_bottom,0.6247843053726067
62,2016,soft_bottom,0.6640654770066985
63,2016,soft_bottom,0.8334983590945474
64,2016,soft_bottom,0.6211049045042396
65,2016,soft_bottom,0.41933544533593314
66,2016,soft_bottom,0.5711265325383311
67,2016,soft_bottom,0.8790988401250456
68,2016,soft_bottom,0.34152481774632026
69,2016,soft_bottom,0.5140835419993535
70,2016,soft_bottom,0.5972885832399408
71,2016,soft_bottom,0.7956032829323647
72,2016,soft_bottom,0.5229750054679835
73,2016,soft_bottom,0.7793266565656656
74,2016,soft_bottom,0.6823283780793674
75,2016,soft_bottom,0.5413875347117071
76,2016,soft_bottom,0.8824759366008484
77,2016,soft_bottom,0.7053121759423188
78,2016,soft_bottom,0.6408452816637866
79,2016,soft_bottom,0.8458537431816532
80,2016,soft_bottom,0.6330944755514658
81,2016,soft_bottom,0.7161989029044578
82,2016,soft_bottom,0.5194377405497864
84,2016,soft_bottom,0.4772724392458244
85,2016,soft_bottom,1
86,2016,soft_bottom,1
88,2016,soft_bottom,1
89,2016,soft_bottom,1
90,2016,soft_bottom,1
91,2016,soft_bottom,0.9900008799386456
92,2016,soft_bottom,0.9788567216668007
93,2016,soft_bottom,0.9049698654029308
94,2016,soft_bottom,0.9009295961759526
95,2016,soft_bottom,0.9484385940961291
96,2016,soft_bottom,0.7564686747903813
97,2016,soft_bottom,0.9370780045055298
98,2016,soft_bottom,0.9487179487179487
99,2016,soft_bottom,1
100,2016,soft_bottom,0.6449178355975955
101,2016,soft_bottom,0.9286590160278322
102,2016,soft_bottom,0.970598170401074
103,2016,soft_bottom,0.9727349633809181
104,2016,soft_bottom,0.9187863221596604
105,2016,soft_bottom,1
106,2016,soft_bottom,0.19939118748292284
107,2016,soft_bottom,1
108,2016,soft_bottom,1
110,2016,soft_bottom,0.982921000158462
111,2016,soft_bottom,1
112,2016,soft_bottom,0.9786538637366315
113,2016,soft_bottom,1
114,2016,soft_bottom,1
115,2016,soft_bottom,0.9978690646953894
116,2016,soft_bottom,0.7769422821529255
117,2016,soft_bottom,0.9997135800663058
118,2016,soft_bottom,0.9993524095648295
119,2016,soft_bottom,0.8930614000221468
120,2016,soft_bottom,0.9791037085118784
121,2016,soft_bottom,0.9869177983204523
122,2016,soft_bottom,0.8156068004806589
123,2016,soft_bottom,0.9489298160476931
124,2016,soft_bottom,0.9964733375691436
125,2016,soft_bottom,1
126,2016,soft_bottom,1
127,2016,soft_bottom,0.9093565844305574
129,2016,soft_bottom,1
130,2016,soft_bottom,1
131,2016,soft_bottom,1
132,2016,soft_bottom,1
133,2016,soft_bottom,1
134,2016,soft_bottom,1
135,2016,soft_bottom,0.9964558878618023
136,2016,soft_bottom,1
137,2016,soft_bottom,0.7060546275707291
138,2016,soft_bottom,0.9817894991718998
139,2016,soft_bottom,0.9923491859086405
140,2016,soft_bottom,0.9725793837136711
141,2016,soft_bottom,0.9466476167763163
143,2016,soft_bottom,0.9641408132453629
144,2016,soft_bottom,0.9886219317013755
145,2016,soft_bottom,0.9209981420516867
146,2016,soft_bottom,0.9996961019919859
147,2016,soft_bottom,0.9791378911001343
148,2016,soft_bottom,0.9869784301402416
149,2016,soft_bottom,0.9233200977095593
150,2016,soft_bottom,0.8029394119918483
151,2016,soft_bottom,0.6962527521101853
152,2016,soft_bottom,0.9152700233673934
153,2016,soft_bottom,0.9968072223369636
154,2016,soft_bottom,0.9335256585458148
155,2016,soft_bottom,0.9957981707064112
156,2016,soft_bottom,0.9992652146797306
157,2016,soft_bottom,0.985178388000675
158,2016,soft_bottom,0.9026815757463719
159,2016,soft_bottom,0.9982755522493854
161,2016,soft_bottom,0.9982033050324457
162,2016,soft_bottom,0.9895666037148699
163,2016,soft_bottom,0.7987758636697596
164,2016,soft_bottom,1
166,2016,soft_bottom,1
167,2016,soft_bottom,1
168,2016,soft_bottom,0.9477076694380699
169,2016,soft_bottom,1
171,2016,soft_bottom,1
172,2016,soft_bottom,0.6408607014225833
173,2016,soft_bottom,0.9016958679081507
174,2016,soft_bottom,0.6736195427413807
175,2016,soft_bottom,0.4039962622580098
176,2016,soft_bottom,0.3998687526007285
177,2016,soft_bottom,0.4862873928646395
178,2016,soft_bottom,0.41745353200955704
179,2016,soft_bottom,0.5825673515346774
180,2016,soft_bottom,0.5841445316078221
181,2016,soft_bottom,0.5763179682547076
182,2016,soft_bottom,0.5593050275171143
183,2016,soft_bottom,0.6907640188519151
184,2016,soft_bottom,0.5275729551769738
185,2016,soft_bottom,1
186,2016,soft_bottom,0.5948827647301088
187,2016,soft_bottom,0.5012901662109055
188,2016,soft_bottom,1
189,2016,soft_bottom,0.44741952190032375
190,2016,soft_bottom,0.9810288538192881
191,2016,soft_bottom,1
192,2016,soft_bottom,1
193,2016,soft_bottom,0.6164099547211624
194,2016,soft_bottom,0.6322911076984852
195,2016,soft_bottom,0.5451884985788654
196,2016,soft_bottom,0.9925684909149233
197,2016,soft_bottom,0.34926161586929483
198,2016,soft_bottom,0.7195867213257519
199,2016,soft_bottom,0.5890024701069141
200,2016,soft_bottom,0.40605454942338115
202,2016,soft_bottom,1
203,2016,soft_bottom,0.6549585553149432
204,2016,soft_bottom,0.5484884307314721
205,2016,soft_bottom,0.6083585197494268
206,2016,soft_bottom,0.878754729340065
207,2016,soft_bottom,0.49488455311065294
208,2016,soft_bottom,1
209,2016,soft_bottom,0.26718293370921553
210,2016,soft_bottom,0.9375487371327178
212,2016,soft_bottom,0.8810877899262419
213,2016,soft_bottom,0.9998445348367533
214,2016,soft_bottom,0.9343091217958951
215,2016,soft_bottom,1
216,2016,soft_bottom,0.9114669793863711
218,2016,soft_bottom,0.8708615178797797
219,2016,soft_bottom,0.832492770355882
220,2016,soft_bottom,0.869342232743899
221,2016,soft_bottom,0.8798787041946694
222,2016,soft_bottom,0.5954197377814245
223,2016,soft_bottom,0.803598840178422
224,2016,soft_bottom,0.9919555335459439
227,2016,soft_bottom,0.4242651481181383
228,2016,soft_bottom,0.35042238574136386
231,2016,soft_bottom,0.9357062532775121
237,2016,soft_bottom,0.5282640280546965
244,2016,soft_bottom,0.9995077861397451
245,2016,soft_bottom,1
247,2016,soft_bottom,1
248,2016,soft_bottom,0.8252902132399539
249,2016,soft_bottom,0.8292273166386978
250,2016,soft_bottom,1
255,2016,soft_bottom,0.8679707576305152
260,2016,soft_bottom,0.9998708011783451
261,2016,soft_bottom,0.9708384003227539
262,2016,soft_bottom,0.9833013305556032
263,2016,soft_bottom,0.9985445292797879
264,2016,soft_bottom,0.9723320670286616
266,2016,soft_bottom,0.9950246149983398
267,2016,soft_bottom,0.999116480035653
269,2016,soft_bottom,0.9917842712891365
270,2016,soft_bottom,0.9900309661538182
272,2016,soft_bottom,0.9914030378774439
273,2016,soft_bottom,0.9955506403434214
274,2016,soft_bottom,0.9826757651835072
275,2016,soft_bottom,0.9921246926447923
276,2016,soft_bottom,0.9981202465271143
277,2016,soft_bottom,0.9957941264127563
1,2017,soft_bottom,1
2,2017,soft_bottom,1
3,2017,soft_bottom,0.9943442655109269
4,2017,soft_bottom,0.9736405023755308
5,2017,soft_bottom,0.9444530848935314
6,2017,soft_bottom,0.9998790307677279
7,2017,soft_bottom,0.9418729551633291
8,2017,soft_bottom,0.9650908990622158
9,2017,soft_bottom,0.9449653211859609
10,2017,soft_bottom,0.8362013197596996
11,2017,soft_bottom,0.9979528974281714
12,2017,soft_bottom,1
13,2017,soft_bottom,0.9982074728149498
14,2017,soft_bottom,0.6334354835424305
15,2017,soft_bottom,0.8277209892739502
16,2017,soft_bottom,0.8496236311711993
17,2017,soft_bottom,0.7590912024468112
18,2017,soft_bottom,0.9961232205212873
19,2017,soft_bottom,0.9707282968608079
20,2017,soft_bottom,0.7656819321377187
21,2017,soft_bottom,0.6953363180113066
24,2017,soft_bottom,0.40534305021049466
25,2017,soft_bottom,0.42400939870505194
26,2017,soft_bottom,0.6596600331872325
28,2017,soft_bottom,0.99948310373277
29,2017,soft_bottom,0.9628468256302272
30,2017,soft_bottom,1
31,2017,soft_bottom,1
32,2017,soft_bottom,0.972831235900875
33,2017,soft_bottom,0.5861400116043978
34,2017,soft_bottom,0.6185851083446516
35,2017,soft_bottom,0.9391086213856935
36,2017,soft_bottom,0.9782855585630632
37,2017,soft_bottom,0.8937328164148802
38,2017,soft_bottom,0.9966682991267763
39,2017,soft_bottom,1
40,2017,soft_bottom,0.987999271820898
41,2017,soft_bottom,0.3053983839368989
42,2017,soft_bottom,0.7945618327467269
43,2017,soft_bottom,1
44,2017,soft_bottom,0.8719828507123866
45,2017,soft_bottom,1
46,2017,soft_bottom,1
47,2017,soft_bottom,0.9973804653332258
48,2017,soft_bottom,0.9617652177049296
49,2017,soft_bottom,1
50,2017,soft_bottom,1
51,2017,soft_bottom,1
52,2017,soft_bottom,1
53,2017,soft_bottom,0.1552669533549591
54,2017,soft_bottom,1
55,2017,soft_bottom,0.7965553870234087
56,2017,soft_bottom,0.8167356974014752
57,2017,soft_bottom,0.9932268088280984
58,2017,soft_bottom,0.7319929667135983
59,2017,soft_bottom,0.3712364166975022
60,2017,soft_bottom,1
61,2017,soft_bottom,0.6627528166981134
62,2017,soft_bottom,0.6127850202915313
63,2017,soft_bottom,0.8142662220547751
64,2017,soft_bottom,0.5005347754443232
65,2017,soft_bottom,0.4361196728385225
66,2017,soft_bottom,0.494189243523782
67,2017,soft_bottom,0.8859094380925151
68,2017,soft_bottom,0.36619430571365696
69,2017,soft_bottom,0.4661433492494149
70,2017,soft_bottom,0.5414545744239727
71,2017,soft_bottom,0.8177299997299828
72,2017,soft_bottom,0.7401081058505206
73,2017,soft_bottom,0.7702179422878069
74,2017,soft_bottom,0.567437970613847
75,2017,soft_bottom,0.5770199991550342
76,2017,soft_bottom,0.9257328710743647
77,2017,soft_bottom,0.8247857757710985
78,2017,soft_bottom,0.8099858079637801
79,2017,soft_bottom,0.8341784192797767
80,2017,soft_bottom,0.6360101803340663
81,2017,soft_bottom,0.7508045543226076
82,2017,soft_bottom,0.4936816239629993
84,2017,soft_bottom,0.49552085974426185
85,2017,soft_bottom,0.9976140439445913
86,2017,soft_bottom,0.9977828037759728
88,2017,soft_bottom,1
89,2017,soft_bottom,1
90,2017,soft_bottom,0.9935819491355008
91,2017,soft_bottom,0.9836819649094998
92,2017,soft_bottom,0.9734594049353028
93,2017,soft_bottom,0.8458425620101543
94,2017,soft_bottom,0.8609378793076113
95,2017,soft_bottom,0.9456469974433479
96,2017,soft_bottom,0.589280399868439
97,2017,soft_bottom,0.8013560863189488
98,2017,soft_bottom,0.9487179487179487
99,2017,soft_bottom,1
100,2017,soft_bottom,0.6968121537369446
101,2017,soft_bottom,0.8797446425281571
102,2017,soft_bottom,0.934209927209655
103,2017,soft_bottom,0.995047814331194
104,2017,soft_bottom,0.8435695481121148
105,2017,soft_bottom,1
106,2017,soft_bottom,0.1994049891442703
107,2017,soft_bottom,1
108,2017,soft_bottom,0.9999988043396936
110,2017,soft_bottom,0.9859553829635302
111,2017,soft_bottom,1
112,2017,soft_bottom,0.9674276308768712
113,2017,soft_bottom,1
114,2017,soft_bottom,1
115,2017,soft_bottom,0.9980429844176921
116,2017,soft_bottom,0.7185638817695875
117,2017,soft_bottom,0.9827293994612345
118,2017,soft_bottom,0.999460551065284
119,2017,soft_bottom,0.9036666949121457
120,2017,soft_bottom,0.9820009201060089
121,2017,soft_bottom,0.9884900707006454
122,2017,soft_bottom,0.8246033412884481
123,2017,soft_bottom,0.9482009377459
124,2017,soft_bottom,0.9944508620957468
125,2017,soft_bottom,0.9985023542615398
126,2017,soft_bottom,1
127,2017,soft_bottom,0.8804404497146606
129,2017,soft_bottom,0.9944176769254882
130,2017,soft_bottom,1
131,2017,soft_bottom,1
132,2017,soft_bottom,1
133,2017,soft_bottom,1
134,2017,soft_bottom,1
135,2017,soft_bottom,0.9951803835660658
136,2017,soft_bottom,1
137,2017,soft_bottom,0.6801792948235879
138,2017,soft_bottom,0.9870170086318746
139,2017,soft_bottom,0.9561411306058465
140,2017,soft_bottom,0.9558682633078716
141,2017,soft_bottom,0.9217806233327613
143,2017,soft_bottom,0.9678786515296595
144,2017,soft_bottom,0.9975468774452927
145,2017,soft_bottom,0.9263993183292598
146,2017,soft_bottom,1
147,2017,soft_bottom,0.9786251378671427
148,2017,soft_bottom,0.9839466097600849
149,2017,soft_bottom,0.9342724092040964
150,2017,soft_bottom,0.7424013840821503
151,2017,soft_bottom,0.7066682028646761
152,2017,soft_bottom,0.9226944169208774
153,2017,soft_bottom,0.996616983338168
154,2017,soft_bottom,0.9321116602480919
155,2017,soft_bottom,0.9947702364392031
156,2017,soft_bottom,0.99809345895701
157,2017,soft_bottom,0.9768879559961791
158,2017,soft_bottom,0.8685566858145484
159,2017,soft_bottom,0.870750884220433
161,2017,soft_bottom,0.9972158646578129
162,2017,soft_bottom,0.999966759915325
163,2017,soft_bottom,0.818847772758158
164,2017,soft_bottom,1
166,2017,soft_bottom,1
167,2017,soft_bottom,0.8771036168645051
168,2017,soft_bottom,0.9153053077511245
169,2017,soft_bottom,1
171,2017,soft_bottom,1
172,2017,soft_bottom,0.6342312656189156
173,2017,soft_bottom,0.8978535084044237
174,2017,soft_bottom,0.667056371459803
175,2017,soft_bottom,0.40399897612118973
176,2017,soft_bottom,0.4023689617370737
177,2017,soft_bottom,0.472632791797024
178,2017,soft_bottom,0.4073833700786569
179,2017,soft_bottom,0.5883239462203818
180,2017,soft_bottom,0.5771150673603627
181,2017,soft_bottom,0.5823369473286588
182,2017,soft_bottom,0.5771006377935721
183,2017,soft_bottom,0.6868555457893322
184,2017,soft_bottom,0.5259558319893365
185,2017,soft_bottom,1
186,2017,soft_bottom,0.5793167431670498
187,2017,soft_bottom,0.5242623738782057
188,2017,soft_bottom,1
189,2017,soft_bottom,0.4124272575745216
190,2017,soft_bottom,1
191,2017,soft_bottom,1
192,2017,soft_bottom,1
193,2017,soft_bottom,0.5299768899522135
194,2017,soft_bottom,0.5233587640676608
195,2017,soft_bottom,0.7693272320712361
196,2017,soft_bottom,0.9734523960892458
197,2017,soft_bottom,0.3572557423398902
198,2017,soft_bottom,0.7560241469886784
199,2017,soft_bottom,0.5408929391153927
200,2017,soft_bottom,0.4953598183425111
202,2017,soft_bottom,1
203,2017,soft_bottom,0.563649603795108
204,2017,soft_bottom,0.4846687126833302
205,2017,soft_bottom,0.5407955898178949
206,2017,soft_bottom,0.9461607960935473
207,2017,soft_bottom,0.7691883697058944
208,2017,soft_bottom,1
209,2017,soft_bottom,0.2534126783554719
210,2017,soft_bottom,0.9406583499683496
212,2017,soft_bottom,0.9278335670129843
213,2017,soft_bottom,0.9998339366916354
214,2017,soft_bottom,0.9257669044746715
215,2017,soft_bottom,1
216,2017,soft_bottom,0.9385230463532507
218,2017,soft_bottom,0.8581284091819334
219,2017,soft_bottom,0.8607161387222484
220,2017,soft_bottom,0.8813571333885193
221,2017,soft_bottom,0.891607157058186
222,2017,soft_bottom,0.5800433466516647
223,2017,soft_bottom,0.8557599221166675
224,2017,soft_bottom,0.9920135650093942
227,2017,soft_bottom,0.40524795837700367
228,2017,soft_bottom,0.329247422516346
231,2017,soft_bottom,0.9326128194293579
237,2017,soft_bottom,1
244,2017,soft_bottom,0.9769823429099208
245,2017,soft_bottom,0.964727846488579
247,2017,soft_bottom,1
248,2017,soft_bottom,0.8406988799254945
249,2017,soft_bottom,0.8450609620498575
250,2017,soft_bottom,0.9892008524777285
255,2017,soft_bottom,0.9223243987763516
260,2017,soft_bottom,0.9981442925484674
261,2017,soft_bottom,0.9731813769038301
262,2017,soft_bottom,0.9840336100675142
263,2017,soft_bottom,0.9977345689205525
264,2017,soft_bottom,0.9742964595074057
266,2017,soft_bottom,0.9948609825198648
267,2017,soft_bottom,0.9997095815128909
269,2017,soft_bottom,0.9932813434359538
270,2017,soft_bottom,0.9907084559360482
272,2017,soft_bottom,0.9927336757887975
273,2017,soft_bottom,0.9948514960735061
274,2017,soft_bottom,0.9846798391162962
275,2017,soft_bottom,0.9913157201272129
276,2017,soft_bottom,0.9992066366511609
277,2017,soft_bottom,0.9952726949433718
