iucn_sid,year,rgn_cat_ts,rgn_cat_ts_score,iucn_rgn,iucn_version
224,2011,CR,0.8,europe,2025-1
224,2011,CR,0.8,europe,2025-1
224,2022,CR,0.8,europe,2025-1
225,2010,CR,0.8,europe,2025-1
225,2024,CR,0.8,europe,2025-1
229,2010,CR,0.8,europe,2025-1
229,2024,CR,0.8,europe,2025-1
230,2010,CR,0.8,europe,2025-1
230,2024,CR,0.8,europe,2025-1
232,2010,CR,0.8,europe,2025-1
232,2024,CR,0.8,europe,2025-1
235,2010,CR,0.8,europe,2025-1
235,2024,CR,0.8,europe,2025-1
903,2010,LC,0,europe,2025-1
903,2024,CR,0.8,europe,2025-1
904,2010,LC,0,europe,2025-1
904,2024,NT,0.2,europe,2025-1
906,2010,LC,0,europe,2025-1
906,2024,LC,0,europe,2025-1
907,2010,VU,0.4,europe,2025-1
907,2024,LC,0,europe,2025-1
908,1996,EN,0.6,gulf_of_mexico,2025-1
908,2021,NT,0.2,gulf_of_mexico,2025-1
2474,2007,LC,0,europe,2025-1
2474,2023,LC,0,europe,2025-1
2475,2007,EN,0.6,europe,2025-1
2475,2023,LC,0,europe,2025-1
2477,2007,EN,0.6,europe,2025-1
2477,2023,NT,0.2,europe,2025-1
2478,2007,NT,0.2,europe,2025-1
2478,2023,LC,0,europe,2025-1
5360,2011,LC,0,europe,2025-1
5360,2011,LC,0,europe,2025-1
5363,2010,LC,0,europe,2025-1
5363,2024,LC,0,europe,2025-1
5375,2010,LC,0,europe,2025-1
5375,2024,LC,0,europe,2025-1
5380,2008,EX,1,europe,2025-1
5380,2024,EX,1,europe,2025-1
8881,1986,EN,0.6,europe,2025-1
8881,1988,EN,0.6,europe,2025-1
8881,1990,EN,0.6,europe,2025-1
8881,1994,EN,0.6,europe,2025-1
8881,1996,CR,0.8,europe,2025-1
8881,2006,CR,0.8,europe,2025-1
8881,2009,CR,0.8,europe,2025-1
8881,2024,VU,0.4,europe,2025-1
8951,2010,LC,0,europe,2025-1
8951,2010,LC,0,europe,2025-1
9660,2007,LC,0,europe,2025-1
9660,2025,LC,0,europe,2025-1
10269,2010,CR,0.8,europe,2025-1
10269,2024,CR,0.8,europe,2025-1
11030,2008,LC,0,europe,2025-1
11030,2010,LC,0,europe,2025-1
11141,2007,LC,0,europe,2025-1
11141,2023,LC,0,europe,2025-1
11142,2007,LC,0,europe,2025-1
11142,2023,LC,0,europe,2025-1
11205,1994,EN,0.6,europe,2025-1
11205,1996,CR,0.8,europe,2025-1
11205,2012,CR,0.8,europe,2025-1
11205,2017,CR,0.8,europe,2025-1
11206,2011,LC,0,europe,2025-1
11206,2011,LC,0,europe,2025-1
11206,2024,NT,0.2,europe,2025-1
11884,2010,LC,0,europe,2025-1
11884,2010,LC,0,europe,2025-1
11884,2024,LC,0,europe,2025-1
12419,2007,NT,0.2,europe,2025-1
12419,2025,NT,0.2,europe,2025-1
13006,2007,LC,0,europe,2025-1
13006,2023,LC,0,europe,2025-1
13232,2010,LC,0,europe,2025-1
13232,2010,LC,0,europe,2025-1
13232,2024,LC,0,europe,2025-1
13653,2007,CR,0.8,europe,2025-1
13653,2023,VU,0.4,europe,2025-1
13704,2023,VU,0.4,europe,2025-1
13704,2023,VU,0.4,europe,2025-1
14521,2010,LC,0,europe,2025-1
14521,2010,LC,0,europe,2025-1
14521,2024,LC,0,europe,2025-1
14524,2010,LC,0,europe,2025-1
14524,2010,LC,0,europe,2025-1
14524,2024,LC,0,europe,2025-1
14627,2010,LC,0,pan-africa,2025-1
14627,2020,LC,0,pan-africa,2025-1
15631,2011,LC,0,europe,2025-1
15631,2024,LC,0,europe,2025-1
16580,2010,LC,0,europe,2025-1
16580,2010,LC,0,europe,2025-1
16580,2024,LC,0,europe,2025-1
16781,2010,LC,0,europe,2025-1
16781,2010,LC,0,europe,2025-1
16781,2024,LC,0,europe,2025-1
17013,2007,LC,0,europe,2025-1
17013,2025,LC,0,europe,2025-1
17027,2007,VU,0.4,europe,2025-1
17027,2023,LC,0,europe,2025-1
17793,2006,LC,0,europe,2025-1
17793,2009,LC,0,europe,2025-1
17793,2024,LC,0,europe,2025-1
17795,1990,VU,0.4,europe,2025-1
17795,1994,VU,0.4,europe,2025-1
17795,1996,VU,0.4,europe,2025-1
17795,2006,EN,0.6,europe,2025-1
17795,2009,EN,0.6,europe,2025-1
17795,2024,NT,0.2,europe,2025-1
17797,1996,VU,0.4,europe,2025-1
17797,2006,NT,0.2,europe,2025-1
17797,2009,VU,0.4,europe,2025-1
17797,2024,LC,0,europe,2025-1
17800,1990,EN,0.6,europe,2025-1
17800,1994,EN,0.6,europe,2025-1
17800,1996,VU,0.4,europe,2025-1
17800,2006,NT,0.2,europe,2025-1
17800,2009,NT,0.2,europe,2025-1
17800,2024,EN,0.6,europe,2025-1
18877,2010,LC,0,europe,2025-1
18877,2010,LC,0,europe,2025-1
18877,2024,LC,0,europe,2025-1
18878,2010,LC,0,europe,2025-1
18878,2010,LC,0,europe,2025-1
19387,2007,LC,0,pan-africa,2025-1
19387,2016,LC,0,pan-africa,2025-1
19782,2010,LC,0,europe,2025-1
19782,2010,LC,0,europe,2025-1
19782,2024,LC,0,europe,2025-1
19855,2014,VU,0.4,europe,2025-1
19855,2024,VU,0.4,europe,2025-1
19859,2006,LC,0,europe,2025-1
19859,2024,VU,0.4,europe,2025-1
19861,2008,LC,0,europe,2025-1
19861,2011,LC,0,europe,2025-1
19861,2024,LC,0,europe,2025-1
19877,2010,LC,0,europe,2025-1
19877,2010,LC,0,europe,2025-1
20745,2008,EX,1,europe,2025-1
20745,2024,NT,0.2,europe,2025-1
20860,2010,LC,0,europe,2025-1
20860,2010,LC,0,europe,2025-1
20860,2024,LC,0,europe,2025-1
20862,2008,LC,0,europe,2025-1
20862,2011,LC,0,europe,2025-1
20862,2024,LC,0,europe,2025-1
21257,2010,LC,0,europe,2025-1
21257,2010,LC,0,europe,2025-1
21257,2024,LC,0,europe,2025-1
21860,2015,NT,0.2,europe,2025-1
21860,2015,NT,0.2,europe,2025-1
22823,2007,VU,0.4,europe,2025-1
22823,2025,VU,0.4,europe,2025-1
22979,2010,LC,0,europe,2025-1
22979,2010,LC,0,europe,2025-1
23148,2015,LC,0,europe,2025-1
23148,2015,LC,0,europe,2025-1
23148,2015,LC,0,gulf_of_mexico,2025-1
23148,2015,LC,0,gulf_of_mexico,2025-1
23259,2014,LC,0,europe,2025-1
23259,2025,LC,0,europe,2025-1
30394,2011,EN,0.6,europe,2025-1
30394,2017,EN,0.6,europe,2025-1
39241,2000,VU,0.4,europe,2025-1
39241,2019,CR,0.8,europe,2025-1
39332,2015,CR,0.8,europe,2025-1
39332,2016,CR,0.8,mediterranean,2025-1
39332,2016,CR,0.8,mediterranean,2025-1
39332,2019,CR,0.8,europe,2025-1
39371,2000,VU,0.4,arabian_sea,2025-1
39371,2009,VU,0.4,arabian_sea,2025-1
39371,2017,EN,0.6,arabian_sea,2025-1
39399,2015,NT,0.2,europe,2025-1
39399,2016,NT,0.2,europe,2025-1
39399,2016,NT,0.2,mediterranean,2025-1
39399,2016,NT,0.2,mediterranean,2025-1
39484,2010,EN,0.6,europe,2025-1
39484,2025,EN,0.6,europe,2025-1
40090,2010,NT,0.2,pan-africa,2025-1
40090,2020,NT,0.2,pan-africa,2025-1
40708,2011,LC,0,europe,2025-1
40708,2018,LC,0,europe,2025-1
40708,2024,LC,0,europe,2025-1
40710,2011,NT,0.2,europe,2025-1
40710,2011,NT,0.2,europe,2025-1
40710,2024,LC,0,europe,2025-1
41366,1996,LC,0,mediterranean,2025-1
41366,2004,LC,0,mediterranean,2025-1
41366,2008,LC,0,mediterranean,2025-1
41366,2016,LC,0,mediterranean,2025-1
41366,2016,LC,0,mediterranean,2025-1
41672,2007,LC,0,europe,2025-1
41672,2025,VU,0.4,europe,2025-1
41688,2007,LC,0,europe,2025-1
41688,2018,LC,0,europe,2025-1
41688,2018,LC,0,europe,2025-1
41688,2025,LC,0,europe,2025-1
41712,2007,CR,0.8,europe,2025-1
41712,2023,CR,0.8,europe,2025-1
41755,2007,VU,0.4,europe,2025-1
41755,2023,VU,0.4,europe,2025-1
44207,2015,LC,0,europe,2025-1
44207,2024,LC,0,europe,2025-1
58705,2009,LC,0,europe,2025-1
58705,2024,LC,0,europe,2025-1
60131,2006,NT,0.2,arabian_sea,2025-1
60131,2017,EN,0.6,arabian_sea,2025-1
60344,2010,CR,0.8,europe,2025-1
60344,2023,CR,0.8,europe,2025-1
60447,2010,LC,0,pan-africa,2025-1
60447,2018,LC,0,pan-africa,2025-1
61235,2006,EN,0.6,europe,2025-1
61235,2024,NT,0.2,europe,2025-1
61395,2010,LC,0,europe,2025-1
61395,2010,LC,0,europe,2025-1
61395,2024,LC,0,europe,2025-1
61405,2006,CR,0.8,europe,2025-1
61405,2006,CR,0.8,mediterranean,2025-1
61405,2015,CR,0.8,europe,2025-1
61405,2015,CR,0.8,mediterranean,2025-1
61446,2009,NT,0.2,europe,2025-1
61446,2024,LC,0,europe,2025-1
61473,2009,LC,0,europe,2025-1
61473,2024,LC,0,europe,2025-1
61489,2006,LC,0,europe,2025-1
61489,2009,LC,0,europe,2025-1
61489,2009,LC,0,europe,2025-1
61489,2024,LC,0,europe,2025-1
61500,2006,LC,0,europe,2025-1
61500,2009,LC,0,europe,2025-1
61500,2024,LC,0,europe,2025-1
61503,2006,LC,0,europe,2025-1
61503,2009,LC,0,europe,2025-1
61503,2024,LC,0,europe,2025-1
61504,2006,LC,0,europe,2025-1
61504,2009,LC,0,europe,2025-1
61504,2024,LC,0,europe,2025-1
61505,2006,CR,0.8,europe,2025-1
61505,2009,CR,0.8,europe,2025-1
61505,2024,EN,0.6,europe,2025-1
61506,2006,LC,0,europe,2025-1
61506,2009,LC,0,europe,2025-1
61506,2024,CR,0.8,europe,2025-1
61509,2009,LC,0,europe,2025-1
61509,2024,LC,0,europe,2025-1
61521,2006,LC,0,europe,2025-1
61521,2009,LC,0,europe,2025-1
61521,2009,LC,0,europe,2025-1
61521,2024,LC,0,europe,2025-1
61528,2006,LC,0,europe,2025-1
61528,2009,LC,0,europe,2025-1
61528,2024,LC,0,europe,2025-1
61538,2009,LC,0,europe,2025-1
61538,2024,LC,0,europe,2025-1
61547,2006,VU,0.4,europe,2025-1
61547,2009,VU,0.4,europe,2025-1
61547,2024,LC,0,europe,2025-1
61550,2009,LC,0,europe,2025-1
61550,2024,LC,0,europe,2025-1
61552,2006,CR,0.8,europe,2025-1
61552,2009,CR,0.8,europe,2025-1
61552,2024,EN,0.6,europe,2025-1
61553,2006,LC,0,europe,2025-1
61553,2009,LC,0,europe,2025-1
61553,2009,LC,0,europe,2025-1
61553,2009,LC,0,europe,2025-1
61572,2006,LC,0,europe,2025-1
61572,2009,LC,0,europe,2025-1
61572,2024,LC,0,europe,2025-1
61574,2006,LC,0,europe,2025-1
61574,2009,LC,0,europe,2025-1
61574,2024,LC,0,europe,2025-1
61575,2006,LC,0,europe,2025-1
61575,2009,LC,0,europe,2025-1
61575,2024,LC,0,europe,2025-1
61577,2006,LC,0,europe,2025-1
61577,2009,LC,0,europe,2025-1
61577,2024,LC,0,europe,2025-1
61578,2009,LC,0,europe,2025-1
61578,2024,LC,0,europe,2025-1
61611,2011,CR,0.8,europe,2025-1
61611,2011,CR,0.8,mediterranean,2025-1
61611,2024,EN,0.6,europe,2025-1
61611,2024,EN,0.6,mediterranean,2025-1
61617,2011,CR,0.8,europe,2025-1
61617,2011,CR,0.8,mediterranean,2025-1
61617,2024,EN,0.6,europe,2025-1
61617,2024,EN,0.6,mediterranean,2025-1
61628,2006,CR,0.8,europe,2025-1
61628,2006,CR,0.8,europe,2025-1
61628,2006,CR,0.8,mediterranean,2025-1
61628,2024,CR,0.8,europe,2025-1
61628,2024,CR,0.8,mediterranean,2025-1
61645,2006,CR,0.8,europe,2025-1
61645,2006,CR,0.8,mediterranean,2025-1
61645,2016,CR,0.8,europe,2025-1
61645,2016,CR,0.8,mediterranean,2025-1
61645,2017,EN,0.6,europe,2025-1
61645,2017,EN,0.6,mediterranean,2025-1
61648,1998,EN,0.6,europe,2025-1
61648,1998,EN,0.6,mediterranean,2025-1
61648,2006,CR,0.8,europe,2025-1
61648,2006,CR,0.8,mediterranean,2025-1
61648,2011,EN,0.6,europe,2025-1
61649,2006,CR,0.8,europe,2025-1
61649,2006,CR,0.8,mediterranean,2025-1
61649,2017,VU,0.4,europe,2025-1
61649,2017,VU,0.4,mediterranean,2025-1
61677,2006,CR,0.8,europe,2025-1
61677,2006,CR,0.8,mediterranean,2025-1
61677,2011,CR,0.8,europe,2025-1
61677,2011,CR,0.8,europe,2025-1
61677,2011,CR,0.8,mediterranean,2025-1
61677,2011,CR,0.8,mediterranean,2025-1
61677,2018,CR,0.8,europe,2025-1
61677,2018,CR,0.8,mediterranean,2025-1
61677,2024,EN,0.6,europe,2025-1
61677,2024,EN,0.6,mediterranean,2025-1
63120,2015,NT,0.2,europe,2025-1
63120,2024,LC,0,europe,2025-1
63125,2015,LC,0,europe,2025-1
63125,2024,LC,0,europe,2025-1
63141,2016,CR,0.8,mediterranean,2025-1
63141,2016,CR,0.8,mediterranean,2025-1
63338,2007,NT,0.2,s._africa_fw,2025-1
63338,2007,NT,0.2,pan-africa,2025-1
63338,2019,VU,0.4,s._africa_fw,2025-1
63338,2019,VU,0.4,s._africa_fw,2025-1
63338,2019,VU,0.4,pan-africa,2025-1
63338,2019,VU,0.4,pan-africa,2025-1
63356,2007,LC,0,pan-africa,2025-1
63356,2016,LC,0,pan-africa,2025-1
133511,2008,LC,0,mediterranean,2025-1
133511,2017,LC,0,mediterranean,2025-1
133511,2022,LC,0,mediterranean,2025-1
135491,2010,LC,0,europe,2025-1
135491,2024,LC,0,europe,2025-1
135496,2008,EN,0.6,europe,2025-1
135496,2024,EN,0.6,europe,2025-1
135499,2010,LC,0,europe,2025-1
135499,2024,LC,0,europe,2025-1
135509,2010,LC,0,europe,2025-1
135509,2024,LC,0,europe,2025-1
135510,2008,LC,0,europe,2025-1
135510,2024,LC,0,europe,2025-1
135516,2008,LC,0,europe,2025-1
135516,2024,LC,0,europe,2025-1
135525,2010,LC,0,europe,2025-1
135525,2024,LC,0,europe,2025-1
135526,2008,LC,0,europe,2025-1
135526,2024,LC,0,europe,2025-1
135537,2008,LC,0,europe,2025-1
135537,2008,LC,0,europe,2025-1
135537,2024,NT,0.2,europe,2025-1
135545,2010,LC,0,europe,2025-1
135545,2010,LC,0,europe,2025-1
135545,2024,LC,0,europe,2025-1
135548,2010,LC,0,europe,2025-1
135548,2024,LC,0,europe,2025-1
135550,2008,LC,0,europe,2025-1
135550,2011,LC,0,europe,2025-1
135559,2008,EN,0.6,europe,2025-1
135559,2024,EX,1,europe,2025-1
135567,2010,LC,0,europe,2025-1
135567,2010,LC,0,europe,2025-1
135567,2024,LC,0,europe,2025-1
135574,2010,LC,0,europe,2025-1
135574,2015,LC,0,europe,2025-1
135579,2008,LC,0,europe,2025-1
135579,2011,LC,0,mediterranean,2025-1
135579,2018,LC,0,europe,2025-1
135579,2018,LC,0,mediterranean,2025-1
135579,2024,NT,0.2,europe,2025-1
135587,2011,LC,0,europe,2025-1
135587,2024,LC,0,europe,2025-1
135590,2011,EN,0.6,europe,2025-1
135590,2024,EN,0.6,europe,2025-1
135596,2010,LC,0,europe,2025-1
135596,2010,LC,0,europe,2025-1
135596,2024,LC,0,europe,2025-1
135601,2010,LC,0,europe,2025-1
135601,2010,LC,0,europe,2025-1
135604,2011,LC,0,europe,2025-1
135604,2024,LC,0,europe,2025-1
135606,2010,LC,0,europe,2025-1
135606,2015,LC,0,europe,2025-1
135606,2024,NT,0.2,europe,2025-1
135608,2008,LC,0,europe,2025-1
135608,2020,LC,0,europe,2025-1
135608,2024,LC,0,europe,2025-1
135622,2008,LC,0,europe,2025-1
135622,2024,LC,0,europe,2025-1
135639,2010,LC,0,europe,2025-1
135639,2024,LC,0,europe,2025-1
135645,2008,LC,0,europe,2025-1
135645,2024,VU,0.4,europe,2025-1
135656,2008,LC,0,europe,2025-1
135656,2024,LC,0,europe,2025-1
135658,2008,LC,0,europe,2025-1
135658,2011,LC,0,europe,2025-1
135658,2024,LC,0,europe,2025-1
135660,2010,LC,0,europe,2025-1
135660,2024,LC,0,europe,2025-1
135672,2011,VU,0.4,europe,2025-1
135672,2024,LC,0,europe,2025-1
135673,2008,LC,0,europe,2025-1
135673,2024,LC,0,europe,2025-1
135680,2008,LC,0,europe,2025-1
135680,2024,LC,0,europe,2025-1
135681,2010,LC,0,europe,2025-1
135681,2010,LC,0,europe,2025-1
135681,2011,LC,0,mediterranean,2025-1
135681,2018,LC,0,mediterranean,2025-1
135681,2024,NT,0.2,europe,2025-1
135682,2008,LC,0,europe,2025-1
135682,2024,LC,0,europe,2025-1
135684,2010,CR,0.8,europe,2025-1
135684,2010,CR,0.8,europe,2025-1
135687,2010,VU,0.4,europe,2025-1
135687,2010,VU,0.4,europe,2025-1
135687,2024,VU,0.4,europe,2025-1
135689,2010,LC,0,europe,2025-1
135689,2024,NT,0.2,europe,2025-1
135690,2011,LC,0,europe,2025-1
135690,2015,LC,0,europe,2025-1
135690,2024,LC,0,europe,2025-1
135696,2010,LC,0,europe,2025-1
135696,2024,LC,0,europe,2025-1
135707,2008,LC,0,europe,2025-1
135707,2020,LC,0,europe,2025-1
135714,2010,LC,0,europe,2025-1
135714,2011,LC,0,mediterranean,2025-1
135714,2018,LC,0,europe,2025-1
135714,2018,LC,0,mediterranean,2025-1
135714,2024,NT,0.2,europe,2025-1
135717,2010,LC,0,europe,2025-1
135717,2010,LC,0,europe,2025-1
135719,2010,LC,0,europe,2025-1
135719,2010,LC,0,europe,2025-1
135719,2024,LC,0,europe,2025-1
153534,2010,LC,0,mediterranean,2025-1
153534,2016,LC,0,mediterranean,2025-1
153534,2016,LC,0,mediterranean,2025-1
153534,2016,LC,0,mediterranean,2025-1
155214,2014,LC,0,europe,2025-1
155214,2025,LC,0,europe,2025-1
155226,2010,LC,0,europe,2025-1
155226,2014,LC,0,europe,2025-1
155226,2025,LC,0,europe,2025-1
155282,2014,LC,0,europe,2025-1
155282,2025,LC,0,europe,2025-1
155784,2017,LC,0,europe,2025-1
155784,2017,LC,0,europe,2025-1
156450,2011,LC,0,europe,2025-1
156450,2011,LC,0,mediterranean,2025-1
156450,2024,LC,0,europe,2025-1
156450,2024,LC,0,mediterranean,2025-1
156884,2011,LC,0,europe,2025-1
156884,2011,LC,0,europe,2025-1
157256,2009,LC,0,europe,2025-1
157256,2024,LC,0,europe,2025-1
157261,2009,LC,0,europe,2025-1
157261,2024,LC,0,europe,2025-1
161339,2015,EN,0.6,europe,2025-1
161339,2015,EN,0.6,mediterranean,2025-1
161339,2016,EN,0.6,europe,2025-1
161339,2016,EN,0.6,mediterranean,2025-1
161426,2009,NT,0.2,arabian_sea,2025-1
161426,2017,NT,0.2,arabian_sea,2025-1
161453,2016,VU,0.4,mediterranean,2025-1
161453,2016,VU,0.4,mediterranean,2025-1
161613,2017,CR,0.8,arabian_sea,2025-1
161613,2024,CR,0.8,arabian_sea,2025-1
161622,2015,LC,0,europe,2025-1
161622,2015,LC,0,europe,2025-1
161673,2015,LC,0,europe,2025-1
161673,2015,LC,0,mediterranean,2025-1
161673,2024,LC,0,europe,2025-1
161673,2024,LC,0,mediterranean,2025-1
161729,2015,NT,0.2,europe,2025-1
161729,2015,NT,0.2,europe,2025-1
161895,2011,CR,0.8,europe,2025-1
161895,2011,CR,0.8,europe,2025-1
161903,2011,VU,0.4,europe,2025-1
161903,2011,VU,0.4,mediterranean,2025-1
161903,2019,VU,0.4,europe,2025-1
161903,2019,VU,0.4,mediterranean,2025-1
161930,2011,EN,0.6,europe,2025-1
161930,2017,EN,0.6,europe,2025-1
161930,2017,EN,0.6,europe,2025-1
162138,2011,VU,0.4,europe,2025-1
162138,2017,EN,0.6,europe,2025-1
162144,2017,LC,0,europe,2025-1
162144,2017,LC,0,europe,2025-1
162259,2011,VU,0.4,europe,2025-1
162259,2017,VU,0.4,europe,2025-1
164082,2012,LC,0,europe,2025-1
164082,2017,LC,0,europe,2025-1
164280,2010,LC,0,pan-africa,2025-1
164280,2010,LC,0,pan-africa,2025-1
164368,2012,LC,0,europe,2025-1
164368,2017,LC,0,europe,2025-1
165769,2010,LC,0,pan-africa,2025-1
165769,2020,LC,0,pan-africa,2025-1
165778,2010,LC,0,pan-africa,2025-1
165778,2020,LC,0,pan-africa,2025-1
165779,2010,LC,0,pan-africa,2025-1
165779,2020,LC,0,pan-africa,2025-1
165780,2010,LC,0,pan-africa,2025-1
165780,2020,LC,0,pan-africa,2025-1
165788,2010,LC,0,pan-africa,2025-1
165788,2020,LC,0,pan-africa,2025-1
165803,2010,LC,0,pan-africa,2025-1
165803,2020,LC,0,pan-africa,2025-1
167944,2010,LC,0,pan-africa,2025-1
167944,2020,LC,0,pan-africa,2025-1
167946,2010,LC,0,pan-africa,2025-1
167946,2018,LC,0,pan-africa,2025-1
167946,2018,LC,0,pan-africa,2025-1
167946,2020,LC,0,pan-africa,2025-1
167997,2010,LC,0,pan-africa,2025-1
167997,2020,LC,0,pan-africa,2025-1
167999,2010,LC,0,pan-africa,2025-1
167999,2017,LC,0,pan-africa,2025-1
168000,2010,LC,0,pan-africa,2025-1
168000,2017,LC,0,pan-africa,2025-1
169374,2015,EN,0.6,gulf_of_mexico,2025-1
169374,2015,EN,0.6,caribbean,2025-1
169374,2019,EN,0.6,gulf_of_mexico,2025-1
169374,2019,EN,0.6,caribbean,2025-1
169424,2009,VU,0.4,western_africa,2025-1
169424,2009,VU,0.4,pan-africa,2025-1
169424,2010,NT,0.2,western_africa,2025-1
169424,2010,NT,0.2,pan-africa,2025-1
169424,2020,EN,0.6,western_africa,2025-1
169424,2020,EN,0.6,pan-africa,2025-1
170334,2011,LC,0,mediterranean,2025-1
170334,2011,LC,0,mediterranean,2025-1
170598,2011,LC,0,europe,2025-1
170598,2017,LC,0,europe,2025-1
170601,2011,LC,0,europe,2025-1
170601,2018,LC,0,europe,2025-1
170833,1994,EN,0.6,europe,2025-1
170833,1996,VU,0.4,europe,2025-1
170833,2012,EN,0.6,europe,2025-1
170833,2017,EN,0.6,europe,2025-1
174258,2010,LC,0,europe,2025-1
174258,2025,LC,0,europe,2025-1
174307,2010,LC,0,europe,2025-1
174307,2025,LC,0,europe,2025-1
175136,2010,LC,0,pan-africa,2025-1
175136,2020,LC,0,pan-africa,2025-1
175140,2010,LC,0,western_africa,2025-1
175140,2010,LC,0,pan-africa,2025-1
175140,2020,LC,0,western_africa,2025-1
175140,2020,LC,0,pan-africa,2025-1
176446,2011,NT,0.2,europe,2025-1
176446,2011,NT,0.2,europe,2025-1
180556,2011,NT,0.2,europe,2025-1
180556,2011,NT,0.2,europe,2025-1
181550,2010,LC,0,pan-africa,2025-1
181550,2020,LC,0,pan-africa,2025-1
181567,2010,LC,0,pan-africa,2025-1
181567,2020,LC,0,pan-africa,2025-1
181577,2010,LC,0,pan-africa,2025-1
181577,2020,LC,0,pan-africa,2025-1
181797,2010,LC,0,pan-africa,2025-1
181797,2020,LC,0,pan-africa,2025-1
181933,2010,LC,0,pan-africa,2025-1
181933,2020,LC,0,pan-africa,2025-1
181943,2010,LC,0,western_africa,2025-1
181943,2010,LC,0,pan-africa,2025-1
181943,2020,LC,0,western_africa,2025-1
181943,2020,LC,0,pan-africa,2025-1
182093,2010,LC,0,western_africa,2025-1
182093,2010,LC,0,pan-africa,2025-1
182093,2020,LC,0,western_africa,2025-1
182093,2020,LC,0,pan-africa,2025-1
182223,2010,LC,0,pan-africa,2025-1
182223,2018,LC,0,pan-africa,2025-1
182223,2020,LC,0,pan-africa,2025-1
182239,2010,LC,0,pan-africa,2025-1
182239,2020,LC,0,pan-africa,2025-1
182285,2010,LC,0,pan-africa,2025-1
182285,2020,LC,0,pan-africa,2025-1
182330,2010,LC,0,pan-africa,2025-1
182330,2020,LC,0,pan-africa,2025-1
182363,2010,LC,0,pan-africa,2025-1
182363,2020,LC,0,pan-africa,2025-1
182549,2010,LC,0,pan-africa,2025-1
182549,2010,LC,0,central_africa,2025-1
182549,2020,LC,0,pan-africa,2025-1
182549,2020,LC,0,central_africa,2025-1
182611,2010,LC,0,pan-africa,2025-1
182611,2020,LC,0,pan-africa,2025-1
182620,2010,LC,0,western_africa,2025-1
182620,2010,LC,0,pan-africa,2025-1
182620,2020,LC,0,western_africa,2025-1
182620,2020,LC,0,pan-africa,2025-1
182622,2010,LC,0,western_africa,2025-1
182622,2010,LC,0,pan-africa,2025-1
182622,2018,LC,0,western_africa,2025-1
182622,2018,LC,0,pan-africa,2025-1
182622,2020,LC,0,western_africa,2025-1
182622,2020,LC,0,pan-africa,2025-1
182736,2010,LC,0,pan-africa,2025-1
182736,2018,LC,0,pan-africa,2025-1
182745,2010,EN,0.6,western_africa,2025-1
182745,2010,EN,0.6,pan-africa,2025-1
182745,2020,VU,0.4,western_africa,2025-1
182745,2020,VU,0.4,pan-africa,2025-1
182807,2010,LC,0,pan-africa,2025-1
182807,2020,LC,0,pan-africa,2025-1
182905,2010,LC,0,pan-africa,2025-1
182905,2020,LC,0,pan-africa,2025-1
182933,2010,LC,0,pan-africa,2025-1
182933,2020,LC,0,pan-africa,2025-1
182963,2010,EN,0.6,western_africa,2025-1
182963,2010,EN,0.6,pan-africa,2025-1
182963,2020,VU,0.4,western_africa,2025-1
182963,2020,VU,0.4,pan-africa,2025-1
182997,2010,LC,0,pan-africa,2025-1
182997,2020,LC,0,pan-africa,2025-1
184626,2010,LC,0,pan-africa,2025-1
184626,2020,LC,0,pan-africa,2025-1
184679,2010,LC,0,pan-africa,2025-1
184679,2016,LC,0,pan-africa,2025-1
184686,2010,LC,0,pan-africa,2025-1
184686,2020,LC,0,pan-africa,2025-1
184711,2010,LC,0,pan-africa,2025-1
184711,2020,LC,0,pan-africa,2025-1
184723,2010,LC,0,pan-africa,2025-1
184723,2010,LC,0,central_africa,2025-1
184723,2020,LC,0,pan-africa,2025-1
184723,2020,LC,0,central_africa,2025-1
184745,2010,LC,0,pan-africa,2025-1
184745,2020,LC,0,pan-africa,2025-1
185872,2015,LC,0,caribbean,2025-1
185872,2020,LC,0,caribbean,2025-1
185943,2015,LC,0,caribbean,2025-1
185943,2019,LC,0,caribbean,2025-1
185968,2015,VU,0.4,gulf_of_mexico,2025-1
185968,2015,VU,0.4,caribbean,2025-1
185968,2019,VU,0.4,gulf_of_mexico,2025-1
185968,2019,VU,0.4,gulf_of_mexico,2025-1
185968,2019,VU,0.4,caribbean,2025-1
185968,2019,VU,0.4,caribbean,2025-1
187492,2010,LC,0,europe,2025-1
187492,2010,LC,0,mediterranean,2025-1
187492,2014,LC,0,europe,2025-1
187492,2014,LC,0,mediterranean,2025-1
187573,2010,LC,0,europe,2025-1
187573,2010,LC,0,mediterranean,2025-1
187573,2014,LC,0,europe,2025-1
187573,2014,LC,0,mediterranean,2025-1
187595,2010,LC,0,europe,2025-1
187595,2015,LC,0,europe,2025-1
187678,2010,LC,0,europe,2025-1
187678,2014,LC,0,europe,2025-1
187714,2010,LC,0,europe,2025-1
187714,2015,LC,0,europe,2025-1
187756,2010,LC,0,mediterranean,2025-1
187756,2014,LC,0,mediterranean,2025-1
187775,2010,LC,0,europe,2025-1
187775,2010,LC,0,mediterranean,2025-1
187775,2014,LC,0,europe,2025-1
187775,2014,LC,0,mediterranean,2025-1
187803,2010,LC,0,europe,2025-1
187803,2015,LC,0,europe,2025-1
188114,2010,LC,0,europe,2025-1
188114,2024,LC,0,europe,2025-1
188115,2011,LC,0,europe,2025-1
188115,2024,LC,0,europe,2025-1
188116,2010,LC,0,europe,2025-1
188116,2024,LC,0,europe,2025-1
188118,2010,LC,0,europe,2025-1
188118,2024,LC,0,europe,2025-1
190274,2015,LC,0,gulf_of_mexico,2025-1
190274,2015,LC,0,caribbean,2025-1
190274,2021,LC,0,gulf_of_mexico,2025-1
190274,2021,LC,0,caribbean,2025-1
190470,2015,LC,0,gulf_of_mexico,2025-1
190470,2015,LC,0,gulf_of_mexico,2025-1
191192,2015,EN,0.6,gulf_of_mexico,2025-1
191192,2015,EN,0.6,caribbean,2025-1
191192,2019,VU,0.4,gulf_of_mexico,2025-1
191192,2019,VU,0.4,caribbean,2025-1
191207,2015,LC,0,gulf_of_mexico,2025-1
191207,2015,LC,0,caribbean,2025-1
191207,2019,LC,0,gulf_of_mexico,2025-1
191207,2019,LC,0,caribbean,2025-1
191311,2015,VU,0.4,gulf_of_mexico,2025-1
191311,2015,VU,0.4,caribbean,2025-1
191311,2019,VU,0.4,gulf_of_mexico,2025-1
191311,2019,VU,0.4,caribbean,2025-1
194815,2011,LC,0,mediterranean,2025-1
194815,2014,LC,0,mediterranean,2025-1
194819,2011,LC,0,mediterranean,2025-1
194819,2014,LC,0,mediterranean,2025-1
194838,2011,LC,0,mediterranean,2025-1
194838,2014,LC,0,mediterranean,2025-1
194843,2011,VU,0.4,mediterranean,2025-1
194843,2014,LC,0,mediterranean,2025-1
194844,2011,LC,0,mediterranean,2025-1
194844,2014,LC,0,mediterranean,2025-1
194845,2011,LC,0,mediterranean,2025-1
194845,2014,LC,0,mediterranean,2025-1
194854,2011,LC,0,mediterranean,2025-1
194854,2014,LC,0,mediterranean,2025-1
194855,2011,LC,0,mediterranean,2025-1
194855,2014,LC,0,mediterranean,2025-1
194856,2011,LC,0,mediterranean,2025-1
194856,2014,LC,0,mediterranean,2025-1
194857,2014,LC,0,europe,2025-1
194857,2014,LC,0,europe,2025-1
194859,2011,LC,0,mediterranean,2025-1
194859,2014,LC,0,mediterranean,2025-1
194862,2011,LC,0,mediterranean,2025-1
194862,2014,LC,0,europe,2025-1
194862,2014,LC,0,mediterranean,2025-1
194862,2025,LC,0,europe,2025-1
194862,2025,LC,0,mediterranean,2025-1
194863,2011,LC,0,mediterranean,2025-1
194863,2014,LC,0,europe,2025-1
194863,2014,LC,0,mediterranean,2025-1
194863,2025,LC,0,europe,2025-1
194865,2014,LC,0,europe,2025-1
194865,2014,LC,0,mediterranean,2025-1
194865,2025,LC,0,europe,2025-1
194865,2025,LC,0,mediterranean,2025-1
194868,2014,LC,0,europe,2025-1
194868,2014,LC,0,mediterranean,2025-1
194868,2025,LC,0,europe,2025-1
194868,2025,LC,0,mediterranean,2025-1
194869,2014,LC,0,europe,2025-1
194869,2014,LC,0,mediterranean,2025-1
194869,2025,LC,0,europe,2025-1
194869,2025,LC,0,mediterranean,2025-1
194871,2014,LC,0,europe,2025-1
194871,2025,LC,0,europe,2025-1
194872,2014,LC,0,europe,2025-1
194872,2014,LC,0,mediterranean,2025-1
194872,2025,LC,0,europe,2025-1
194872,2025,LC,0,mediterranean,2025-1
194874,2011,LC,0,mediterranean,2025-1
194874,2014,LC,0,europe,2025-1
194874,2014,LC,0,europe,2025-1
194874,2014,LC,0,mediterranean,2025-1
194874,2014,LC,0,mediterranean,2025-1
194874,2025,LC,0,europe,2025-1
194874,2025,LC,0,mediterranean,2025-1
194875,2014,LC,0,europe,2025-1
194875,2014,LC,0,mediterranean,2025-1
194875,2025,LC,0,europe,2025-1
194875,2025,LC,0,mediterranean,2025-1
194877,2011,LC,0,mediterranean,2025-1
194877,2014,LC,0,europe,2025-1
194877,2014,LC,0,mediterranean,2025-1
194877,2025,LC,0,europe,2025-1
194877,2025,LC,0,mediterranean,2025-1
194879,2014,LC,0,europe,2025-1
194879,2025,LC,0,europe,2025-1
194881,2014,LC,0,europe,2025-1
194881,2014,LC,0,mediterranean,2025-1
194881,2025,LC,0,europe,2025-1
194881,2025,LC,0,mediterranean,2025-1
194882,2014,LC,0,europe,2025-1
194882,2025,LC,0,europe,2025-1
194883,2014,LC,0,europe,2025-1
194883,2025,LC,0,europe,2025-1
194884,2011,LC,0,mediterranean,2025-1
194884,2014,LC,0,europe,2025-1
194884,2014,LC,0,mediterranean,2025-1
194884,2025,LC,0,europe,2025-1
194885,2011,EN,0.6,mediterranean,2025-1
194885,2014,EN,0.6,europe,2025-1
194885,2014,EN,0.6,mediterranean,2025-1
194885,2025,VU,0.4,europe,2025-1
194885,2025,VU,0.4,mediterranean,2025-1
194887,2011,LC,0,mediterranean,2025-1
194887,2014,LC,0,europe,2025-1
194887,2014,LC,0,mediterranean,2025-1
194887,2025,LC,0,europe,2025-1
194887,2025,LC,0,mediterranean,2025-1
194889,2014,LC,0,europe,2025-1
194889,2014,LC,0,mediterranean,2025-1
194889,2025,LC,0,europe,2025-1
194889,2025,LC,0,mediterranean,2025-1
194891,2011,LC,0,mediterranean,2025-1
194891,2014,LC,0,europe,2025-1
194891,2014,LC,0,mediterranean,2025-1
194891,2025,LC,0,europe,2025-1
194891,2025,LC,0,mediterranean,2025-1
194893,2014,LC,0,europe,2025-1
194893,2025,LC,0,europe,2025-1
194895,2011,LC,0,mediterranean,2025-1
194895,2014,LC,0,mediterranean,2025-1
194898,2011,LC,0,mediterranean,2025-1
194898,2014,LC,0,mediterranean,2025-1
194902,2011,LC,0,mediterranean,2025-1
194902,2014,LC,0,mediterranean,2025-1
195499,2011,VU,0.4,europe,2025-1
195499,2011,VU,0.4,mediterranean,2025-1
195499,2018,NT,0.2,europe,2025-1
195499,2018,NT,0.2,mediterranean,2025-1
196003,2021,LC,0,europe,2025-1
196003,2024,LC,0,europe,2025-1
196673,2015,LC,0,gulf_of_mexico,2025-1
196673,2015,LC,0,caribbean,2025-1
196673,2018,LC,0,gulf_of_mexico,2025-1
196673,2018,LC,0,gulf_of_mexico,2025-1
196673,2018,LC,0,caribbean,2025-1
196673,2018,LC,0,caribbean,2025-1
196674,2015,VU,0.4,gulf_of_mexico,2025-1
196674,2015,VU,0.4,caribbean,2025-1
196674,2018,VU,0.4,gulf_of_mexico,2025-1
196674,2018,VU,0.4,gulf_of_mexico,2025-1
196674,2018,VU,0.4,caribbean,2025-1
196674,2018,VU,0.4,caribbean,2025-1
196690,2015,LC,0,gulf_of_mexico,2025-1
196690,2015,LC,0,caribbean,2025-1
196690,2020,LC,0,gulf_of_mexico,2025-1
196690,2020,LC,0,caribbean,2025-1
197019,2015,VU,0.4,caribbean,2025-1
197019,2020,VU,0.4,caribbean,2025-1
198552,2014,LC,0,europe,2025-1
198552,2025,LC,0,europe,2025-1
198575,2015,LC,0,europe,2025-1
198575,2015,LC,0,europe,2025-1
198636,2014,LC,0,europe,2025-1
198636,2014,LC,0,europe,2025-1
198654,2014,LC,0,europe,2025-1
198654,2025,LC,0,europe,2025-1
198655,2014,LC,0,europe,2025-1
198655,2025,LC,0,europe,2025-1
198657,2011,LC,0,mediterranean,2025-1
198657,2014,LC,0,europe,2025-1
198657,2014,LC,0,europe,2025-1
198657,2014,LC,0,mediterranean,2025-1
198657,2014,LC,0,mediterranean,2025-1
198657,2025,LC,0,europe,2025-1
198657,2025,LC,0,mediterranean,2025-1
198659,2014,LC,0,europe,2025-1
198659,2025,LC,0,europe,2025-1
198663,2014,LC,0,europe,2025-1
198663,2025,LC,0,europe,2025-1
198664,2014,LC,0,europe,2025-1
198664,2014,LC,0,europe,2025-1
198664,2025,LC,0,europe,2025-1
198667,2014,LC,0,europe,2025-1
198667,2014,LC,0,europe,2025-1
198668,2014,LC,0,europe,2025-1
198668,2022,LC,0,europe,2025-1
198669,2014,LC,0,europe,2025-1
198669,2025,LC,0,europe,2025-1
198748,2015,LC,0,europe,2025-1
198748,2015,LC,0,europe,2025-1
198764,2014,LC,0,europe,2025-1
198764,2015,LC,0,europe,2025-1
202937,2012,LC,0,europe,2025-1
202937,2017,LC,0,europe,2025-1
203004,2012,LC,0,europe,2025-1
203004,2017,LC,0,europe,2025-1
16545183,2015,LC,0,gulf_of_mexico,2025-1
16545183,2015,LC,0,gulf_of_mexico,2025-1
16749758,2015,LC,0,caribbean,2025-1
16749758,2020,LC,0,caribbean,2025-1
16749978,2015,LC,0,caribbean,2025-1
16749978,2020,LC,0,caribbean,2025-1
16759101,2015,VU,0.4,caribbean,2025-1
16759101,2020,EN,0.6,caribbean,2025-1
18159126,2014,LC,0,europe,2025-1
18159126,2025,LC,0,europe,2025-1
18159556,2014,LC,0,europe,2025-1
18159556,2025,LC,0,europe,2025-1
18159817,2014,LC,0,europe,2025-1
18159817,2025,LC,0,europe,2025-1
18159823,2014,LC,0,europe,2025-1
18159823,2025,LC,0,europe,2025-1
18160468,2014,LC,0,europe,2025-1
18160468,2025,LC,0,europe,2025-1
18160537,2015,LC,0,europe,2025-1
18160537,2024,LC,0,europe,2025-1
18160573,2014,LC,0,europe,2025-1
18160573,2025,LC,0,europe,2025-1
18237880,2015,VU,0.4,europe,2025-1
18237880,2024,LC,0,europe,2025-1
18258202,2014,LC,0,europe,2025-1
18258202,2015,LC,0,europe,2025-1
18258202,2025,LC,0,europe,2025-1
19892254,2012,LC,0,europe,2025-1
19892254,2017,LC,0,europe,2025-1
22679872,2015,LC,0,europe,2025-1
22679872,2021,LC,0,europe,2025-1
22679881,2015,LC,0,europe,2025-1
22679881,2021,LC,0,europe,2025-1
22679889,2015,LC,0,europe,2025-1
22679889,2021,LC,0,europe,2025-1
22679896,2015,LC,0,europe,2025-1
22679896,2021,LC,0,europe,2025-1
22679943,2015,LC,0,europe,2025-1
22679943,2021,LC,0,europe,2025-1
22679946,2015,LC,0,europe,2025-1
22679946,2021,LC,0,europe,2025-1
22680024,2015,LC,0,europe,2025-1
22680024,2021,LC,0,europe,2025-1
22680157,2015,LC,0,europe,2025-1
22680157,2021,LC,0,europe,2025-1
22680247,2015,LC,0,europe,2025-1
22680247,2021,LC,0,europe,2025-1
22680301,2015,LC,0,europe,2025-1
22680301,2021,VU,0.4,europe,2025-1
22680313,2015,LC,0,europe,2025-1
22680313,2021,LC,0,europe,2025-1
22680348,2015,LC,0,europe,2025-1
22680348,2021,LC,0,europe,2025-1
22680358,2015,VU,0.4,europe,2025-1
22680358,2021,VU,0.4,europe,2025-1
22680391,2015,LC,0,europe,2025-1
22680391,2021,NT,0.2,europe,2025-1
22680398,2015,VU,0.4,europe,2025-1
22680398,2021,LC,0,europe,2025-1
22680405,2015,VU,0.4,europe,2025-1
22680405,2021,EN,0.6,europe,2025-1
22680409,2015,LC,0,europe,2025-1
22680409,2021,LC,0,europe,2025-1
22680415,2015,LC,0,europe,2025-1
22680415,2021,LC,0,europe,2025-1
22680415,2021,LC,0,europe,2025-1
22680423,2015,LC,0,europe,2025-1
22680423,2021,LC,0,europe,2025-1
22680427,2015,VU,0.4,europe,2025-1
22680427,2021,LC,0,europe,2025-1
22680455,2015,LC,0,europe,2025-1
22680455,2021,LC,0,europe,2025-1
22680465,2015,LC,0,europe,2025-1
22680465,2021,LC,0,europe,2025-1
22680485,2015,NT,0.2,europe,2025-1
22680485,2015,NT,0.2,europe,2025-1
22680485,2021,NT,0.2,europe,2025-1
22680492,2015,LC,0,europe,2025-1
22680492,2021,LC,0,europe,2025-1
22683027,2015,VU,0.4,europe,2025-1
22683027,2021,LC,0,europe,2025-1
22683645,2015,EN,0.6,europe,2025-1
22683645,2021,VU,0.4,europe,2025-1
22686806,2015,LC,0,europe,2025-1
22686806,2021,LC,0,europe,2025-1
22686815,2015,LC,0,europe,2025-1
22686815,2021,LC,0,europe,2025-1
22689055,2015,LC,0,europe,2025-1
22689055,2021,LC,0,europe,2025-1
22690066,2015,LC,0,europe,2025-1
22690066,2021,LC,0,europe,2025-1
22692146,2015,LC,0,europe,2025-1
22692146,2021,LC,0,europe,2025-1
22692667,2015,LC,0,europe,2025-1
22692667,2021,LC,0,europe,2025-1
22692913,2015,NT,0.2,europe,2025-1
22692913,2021,NT,0.2,europe,2025-1
22693097,2015,LC,0,europe,2025-1
22693097,2021,VU,0.4,europe,2025-1
22693133,2015,LC,0,europe,2025-1
22693133,2021,LC,0,europe,2025-1
22693150,2015,VU,0.4,europe,2025-1
22693150,2021,NT,0.2,europe,2025-1
22693158,2015,LC,0,europe,2025-1
22693158,2021,LC,0,europe,2025-1
22693178,2015,LC,0,europe,2025-1
22693178,2021,LC,0,europe,2025-1
22693185,2015,CR,0.8,europe,2025-1
22693185,2021,CR,0.8,europe,2025-1
22693190,2015,VU,0.4,europe,2025-1
22693190,2021,NT,0.2,europe,2025-1
22693207,2015,LC,0,europe,2025-1
22693207,2021,LC,0,europe,2025-1
22693211,2015,LC,0,europe,2025-1
22693211,2021,VU,0.4,europe,2025-1
22693216,2015,LC,0,europe,2025-1
22693216,2021,LC,0,europe,2025-1
22693220,2015,LC,0,europe,2025-1
22693220,2021,LC,0,europe,2025-1
22693251,2015,LC,0,europe,2025-1
22693251,2021,LC,0,europe,2025-1
22693264,2015,LC,0,europe,2025-1
22693264,2021,LC,0,europe,2025-1
22693336,2015,LC,0,europe,2025-1
22693336,2021,LC,0,europe,2025-1
22693363,2015,LC,0,europe,2025-1
22693363,2021,LC,0,europe,2025-1
22693369,2015,LC,0,europe,2025-1
22693369,2015,LC,0,europe,2025-1
22693369,2021,LC,0,europe,2025-1
22693379,2015,LC,0,europe,2025-1
22693379,2021,LC,0,europe,2025-1
22693388,2015,LC,0,europe,2025-1
22693388,2021,LC,0,europe,2025-1
22693404,2015,LC,0,europe,2025-1
22693404,2021,LC,0,europe,2025-1
22693420,2015,LC,0,europe,2025-1
22693420,2021,LC,0,europe,2025-1
22693427,2015,LC,0,europe,2025-1
22693427,2021,LC,0,europe,2025-1
22693431,2015,VU,0.4,europe,2025-1
22693431,2021,VU,0.4,europe,2025-1
22693464,2015,LC,0,europe,2025-1
22693464,2021,VU,0.4,europe,2025-1
22693468,2015,LC,0,europe,2025-1
22693468,2021,NT,0.2,europe,2025-1
22693490,2015,LC,0,europe,2025-1
22693490,2021,LC,0,europe,2025-1
22693494,2015,LC,0,europe,2025-1
22693494,2021,LC,0,europe,2025-1
22693613,2015,VU,0.4,europe,2025-1
22693613,2021,VU,0.4,europe,2025-1
22693712,2015,LC,0,europe,2025-1
22693712,2021,LC,0,europe,2025-1
22693727,2015,LC,0,europe,2025-1
22693727,2021,LC,0,europe,2025-1
22693749,2015,LC,0,europe,2025-1
22693749,2015,LC,0,europe,2025-1
22693749,2021,LC,0,europe,2025-1
22693759,2015,LC,0,europe,2025-1
22693759,2015,LC,0,europe,2025-1
22693759,2021,LC,0,europe,2025-1
22693770,2015,LC,0,europe,2025-1
22693770,2021,LC,0,europe,2025-1
22693862,2015,VU,0.4,europe,2025-1
22693862,2021,NT,0.2,europe,2025-1
22693949,2015,VU,0.4,europe,2025-1
22693949,2021,VU,0.4,europe,2025-1
22693983,2015,LC,0,europe,2025-1
22693983,2021,LC,0,europe,2025-1
22694127,2015,LC,0,europe,2025-1
22694127,2021,LC,0,europe,2025-1
22694160,2015,LC,0,europe,2025-1
22694160,2021,LC,0,europe,2025-1
22694240,2015,LC,0,europe,2025-1
22694240,2021,LC,0,europe,2025-1
22694245,2015,LC,0,europe,2025-1
22694245,2021,EN,0.6,europe,2025-1
22694251,2015,LC,0,europe,2025-1
22694251,2021,LC,0,europe,2025-1
22694308,2015,LC,0,europe,2025-1
22694308,2021,LC,0,europe,2025-1
22694313,2015,LC,0,europe,2025-1
22694313,2021,VU,0.4,europe,2025-1
22694324,2015,LC,0,europe,2025-1
22694324,2021,LC,0,europe,2025-1
22694343,2015,LC,0,europe,2025-1
22694343,2021,LC,0,europe,2025-1
22694357,2015,NT,0.2,europe,2025-1
22694357,2021,LC,0,europe,2025-1
22694373,2015,LC,0,europe,2025-1
22694373,2021,LC,0,europe,2025-1
22694379,2015,LC,0,europe,2025-1
22694379,2021,LC,0,europe,2025-1
22694420,2015,LC,0,europe,2025-1
22694420,2021,LC,0,europe,2025-1
22694428,2015,LC,0,europe,2025-1
22694428,2021,VU,0.4,europe,2025-1
22694443,2015,LC,0,europe,2025-1
22694443,2021,LC,0,europe,2025-1
22694469,2015,NT,0.2,europe,2025-1
22694469,2021,LC,0,europe,2025-1
22694473,2015,LC,0,europe,2025-1
22694473,2021,VU,0.4,europe,2025-1
22694476,2015,EN,0.6,europe,2025-1
22694476,2021,EN,0.6,europe,2025-1
22694479,2015,LC,0,europe,2025-1
22694479,2021,LC,0,europe,2025-1
22694497,2015,VU,0.4,europe,2025-1
22694497,2021,VU,0.4,europe,2025-1
22694524,2015,LC,0,europe,2025-1
22694524,2021,LC,0,europe,2025-1
22694591,2015,LC,0,europe,2025-1
22694591,2021,LC,0,europe,2025-1
22694601,2015,LC,0,europe,2025-1
22694601,2021,LC,0,europe,2025-1
22694623,2015,LC,0,europe,2025-1
22694623,2021,LC,0,europe,2025-1
22694629,2015,LC,0,europe,2025-1
22694629,2021,LC,0,europe,2025-1
22694656,2015,LC,0,europe,2025-1
22694656,2021,LC,0,europe,2025-1
22694764,2015,LC,0,europe,2025-1
22694764,2021,LC,0,europe,2025-1
22694782,2015,LC,0,europe,2025-1
22694782,2021,LC,0,europe,2025-1
22694787,2015,LC,0,europe,2025-1
22694787,2021,LC,0,europe,2025-1
22694837,2015,LC,0,europe,2025-1
22694837,2021,LC,0,europe,2025-1
22694841,2015,NT,0.2,europe,2025-1
22694841,2021,LC,0,europe,2025-1
22694847,2015,LC,0,europe,2025-1
22694847,2021,LC,0,europe,2025-1
22694852,2015,NT,0.2,europe,2025-1
22694852,2021,LC,0,europe,2025-1
22694861,2015,LC,0,europe,2025-1
22694861,2021,LC,0,europe,2025-1
22694927,2015,EN,0.6,europe,2025-1
22694927,2021,EN,0.6,europe,2025-1
22694938,2015,LC,0,europe,2025-1
22694938,2021,LC,0,europe,2025-1
22695028,2015,LC,0,europe,2025-1
22695028,2021,LC,0,europe,2025-1
22695137,2015,LC,0,europe,2025-1
22695137,2021,LC,0,europe,2025-1
22695344,2015,LC,0,europe,2025-1
22695344,2021,LC,0,europe,2025-1
22696027,2015,EN,0.6,europe,2025-1
22696027,2021,VU,0.4,europe,2025-1
22696092,2015,LC,0,europe,2025-1
22696092,2021,LC,0,europe,2025-1
22696362,2015,LC,0,europe,2025-1
22696362,2021,LC,0,europe,2025-1
22696442,2015,LC,0,europe,2025-1
22696442,2021,LC,0,europe,2025-1
22696453,2015,LC,0,europe,2025-1
22696453,2021,VU,0.4,europe,2025-1
22696495,2015,VU,0.4,europe,2025-1
22696495,2021,EN,0.6,europe,2025-1
22696500,2015,LC,0,europe,2025-1
22696500,2021,LC,0,europe,2025-1
22696545,2015,LC,0,europe,2025-1
22696545,2021,LC,0,europe,2025-1
22696599,2015,LC,0,europe,2025-1
22696599,2021,VU,0.4,europe,2025-1
22696602,2015,LC,0,europe,2025-1
22696602,2021,LC,0,europe,2025-1
22696606,2015,NT,0.2,europe,2025-1
22696606,2021,NT,0.2,europe,2025-1
22696606,2021,NT,0.2,europe,2025-1
22696610,2015,LC,0,europe,2025-1
22696610,2021,VU,0.4,europe,2025-1
22696657,2015,LC,0,europe,2025-1
22696657,2021,LC,0,europe,2025-1
22696792,2015,LC,0,europe,2025-1
22696792,2021,LC,0,europe,2025-1
22696894,2015,LC,0,europe,2025-1
22696894,2021,LC,0,europe,2025-1
22696993,2015,LC,0,europe,2025-1
22696993,2021,LC,0,europe,2025-1
22697031,2015,LC,0,europe,2025-1
22697031,2021,LC,0,europe,2025-1
22697043,2015,LC,0,europe,2025-1
22697043,2021,LC,0,europe,2025-1
22697123,2015,LC,0,europe,2025-1
22697123,2021,LC,0,europe,2025-1
22697211,2015,LC,0,europe,2025-1
22697211,2021,LC,0,europe,2025-1
22697360,2015,LC,0,europe,2025-1
22697360,2021,LC,0,europe,2025-1
22697555,2015,LC,0,europe,2025-1
22697555,2021,LC,0,europe,2025-1
22697590,2015,LC,0,europe,2025-1
22697590,2021,LC,0,europe,2025-1
22697599,2015,LC,0,europe,2025-1
22697599,2021,LC,0,europe,2025-1
22697829,2015,LC,0,europe,2025-1
22697829,2021,LC,0,europe,2025-1
22697834,2015,LC,0,europe,2025-1
22697834,2021,LC,0,europe,2025-1
22697842,2015,VU,0.4,europe,2025-1
22697842,2021,LC,0,europe,2025-1
22697847,2015,VU,0.4,europe,2025-1
22697847,2021,VU,0.4,europe,2025-1
22697866,2015,EN,0.6,europe,2025-1
22697866,2021,VU,0.4,europe,2025-1
22698062,2015,EN,0.6,europe,2025-1
22698062,2021,EN,0.6,europe,2025-1
22698132,2015,LC,0,europe,2025-1
22698132,2021,LC,0,europe,2025-1
22698226,2015,LC,0,europe,2025-1
22698226,2021,LC,0,europe,2025-1
22698230,2015,LC,0,europe,2025-1
22698230,2021,VU,0.4,europe,2025-1
22698453,2015,EN,0.6,europe,2025-1
22698453,2021,EN,0.6,europe,2025-1
22698477,2015,LC,0,europe,2025-1
22698477,2021,LC,0,europe,2025-1
22705916,2015,LC,0,europe,2025-1
22705916,2021,LC,0,europe,2025-1
22705929,2015,LC,0,europe,2025-1
22705929,2021,LC,0,europe,2025-1
22706016,2015,LC,0,europe,2025-1
22706016,2021,LC,0,europe,2025-1
22708286,2015,LC,0,europe,2025-1
22708286,2021,LC,0,europe,2025-1
22709707,2015,LC,0,europe,2025-1
22709707,2021,LC,0,europe,2025-1
22710051,2015,LC,0,europe,2025-1
22710051,2021,LC,0,europe,2025-1
22710259,2015,VU,0.4,europe,2025-1
22710259,2021,LC,0,europe,2025-1
22710333,2015,LC,0,europe,2025-1
22710333,2021,LC,0,europe,2025-1
22710886,2015,LC,0,europe,2025-1
22710886,2021,LC,0,europe,2025-1
22712216,2015,LC,0,europe,2025-1
22712216,2021,LC,0,europe,2025-1
22713491,2015,LC,0,europe,2025-1
22713491,2021,LC,0,europe,2025-1
22716971,2015,LC,0,europe,2025-1
22716971,2021,LC,0,europe,2025-1
22716976,2015,LC,0,europe,2025-1
22716976,2021,LC,0,europe,2025-1
22716984,2015,NT,0.2,europe,2025-1
22716984,2021,NT,0.2,europe,2025-1
22717383,2015,LC,0,europe,2025-1
22717383,2021,LC,0,europe,2025-1
22717434,2015,LC,0,europe,2025-1
22717434,2021,LC,0,europe,2025-1
22718348,2015,LC,0,europe,2025-1
22718348,2021,LC,0,europe,2025-1
22718348,2021,LC,0,europe,2025-1
22718379,2015,LC,0,europe,2025-1
22718379,2021,LC,0,europe,2025-1
22718379,2021,LC,0,europe,2025-1
22718556,2015,NT,0.2,europe,2025-1
22718556,2021,LC,0,europe,2025-1
22718560,2015,LC,0,europe,2025-1
22718560,2021,LC,0,europe,2025-1
22718567,2015,LC,0,europe,2025-1
22718567,2021,LC,0,europe,2025-1
22721033,2015,LC,0,europe,2025-1
22721033,2021,LC,0,europe,2025-1
22721043,2015,LC,0,europe,2025-1
22721043,2021,LC,0,europe,2025-1
22724836,2015,VU,0.4,europe,2025-1
22724836,2021,VU,0.4,europe,2025-1
22724879,2015,LC,0,europe,2025-1
22724879,2021,LC,0,europe,2025-1
22725846,2015,VU,0.4,europe,2025-1
22725846,2021,VU,0.4,europe,2025-1
22727487,2015,LC,0,europe,2025-1
22727487,2021,LC,0,europe,2025-1
22727969,2015,LC,0,europe,2025-1
22727969,2021,LC,0,europe,2025-1
22728432,2015,CR,0.8,europe,2025-1
22728432,2021,CR,0.8,europe,2025-1
22732244,2015,LC,0,europe,2025-1
22732244,2021,LC,0,europe,2025-1
22735624,2015,VU,0.4,europe,2025-1
22735624,2021,VU,0.4,europe,2025-1
22735766,2015,LC,0,europe,2025-1
22735766,2021,LC,0,europe,2025-1
22735929,2015,LC,0,europe,2025-1
22735929,2021,LC,0,europe,2025-1
22736135,2015,VU,0.4,europe,2025-1
22736135,2021,VU,0.4,europe,2025-1
45061132,2015,LC,0,europe,2025-1
45061132,2021,LC,0,europe,2025-1
45354964,2015,LC,0,europe,2025-1
45354964,2021,LC,0,europe,2025-1
45959182,2015,NT,0.2,europe,2025-1
45959182,2021,NT,0.2,europe,2025-1
46075359,2015,LC,0,persian_gulf,2025-1
46075359,2015,LC,0,persian_gulf,2025-1
46075359,2018,LC,0,persian_gulf,2025-1
46075359,2018,LC,0,persian_gulf,2025-1
46087798,2015,LC,0,persian_gulf,2025-1
46087798,2015,LC,0,persian_gulf,2025-1
46088833,2015,LC,0,persian_gulf,2025-1
46088833,2015,LC,0,persian_gulf,2025-1
46102792,2015,LC,0,persian_gulf,2025-1
46102792,2015,LC,0,persian_gulf,2025-1
46104895,2015,LC,0,caribbean,2025-1
46104895,2020,LC,0,caribbean,2025-1
46104928,2015,LC,0,caribbean,2025-1
46104928,2020,LC,0,caribbean,2025-1
46105095,2015,LC,0,caribbean,2025-1
46105095,2020,LC,0,caribbean,2025-1
46106412,2015,LC,0,caribbean,2025-1
46106412,2020,LC,0,caribbean,2025-1
47147582,2015,LC,0,caribbean,2025-1
47147582,2020,LC,0,caribbean,2025-1
47148543,2015,LC,0,caribbean,2025-1
47148543,2020,LC,0,caribbean,2025-1
47148847,2015,LC,0,caribbean,2025-1
47148847,2020,LC,0,caribbean,2025-1
47148940,2015,LC,0,caribbean,2025-1
47148940,2020,LC,0,caribbean,2025-1
47149427,2015,LC,0,caribbean,2025-1
47149427,2020,LC,0,caribbean,2025-1
47149594,2015,LC,0,caribbean,2025-1
47149594,2020,LC,0,caribbean,2025-1
49911704,2011,LC,0,mediterranean,2025-1
49911704,2014,LC,0,mediterranean,2025-1
50012459,2015,VU,0.4,mediterranean,2025-1
50012459,2015,VU,0.4,mediterranean,2025-1
50013405,2015,EN,0.6,mediterranean,2025-1
50013405,2015,EN,0.6,mediterranean,2025-1
50107642,2015,LC,0,mediterranean,2025-1
50107642,2015,LC,0,mediterranean,2025-1
54007412,2015,LC,0,persian_gulf,2025-1
54007412,2015,LC,0,persian_gulf,2025-1
54007474,2015,LC,0,persian_gulf,2025-1
54007474,2015,LC,0,persian_gulf,2025-1
56779782,2014,LC,0,europe,2025-1
56779782,2025,LC,0,europe,2025-1
56780975,2015,LC,0,europe,2025-1
56780975,2025,LC,0,europe,2025-1
56852351,2015,LC,0,persian_gulf,2025-1
56852351,2015,LC,0,persian_gulf,2025-1
62026481,2015,LC,0,europe,2025-1
62026481,2021,LC,0,europe,2025-1
62030608,2015,NT,0.2,europe,2025-1
62030608,2021,LC,0,europe,2025-1
62030970,2015,LC,0,europe,2025-1
62030970,2021,LC,0,europe,2025-1
62774969,2015,LC,0,europe,2025-1
62774969,2021,LC,0,europe,2025-1
87542496,2019,VU,0.4,europe,2025-1
87542496,2019,VU,0.4,europe,2025-1
102998555,2015,LC,0,europe,2025-1
102998555,2021,LC,0,europe,2025-1
103773898,2015,LC,0,europe,2025-1
103773898,2021,LC,0,europe,2025-1
103812643,2015,LC,0,europe,2025-1
103812643,2021,LC,0,europe,2025-1
104007058,2015,LC,0,europe,2025-1
104007058,2021,LC,0,europe,2025-1
124569516,2019,LC,0,europe,2025-1
124569516,2019,LC,0,mediterranean,2025-1
124569516,2020,LC,0,europe,2025-1
124569516,2020,LC,0,mediterranean,2025-1
181568721,2015,LC,0,europe,2025-1
181568721,2021,LC,0,europe,2025-1
