rgn_id,year,value
6,2005,3089.43704029871
6,2006,3270.70237521382
6,2007,3283.36553313235
6,2008,3381.38564419637
6,2009,3396.73599451661
6,2010,3359.84954470022
6,2011,3390.96103906133
6,2012,3350.77088952581
6,2013,3292.23424546268
6,2014,3320.37918748644
6,2015,3259.14814464132
6,2016,3336.89742576379
6,2017,3465.91968554489
6,2018,3482.02272519263
6,2019,3512.07197244964
6,2020,3259.99543746979
6,2021,3135.83664939695
6,2022,3122.64007540699
6,2023,3118.39603259733
7,2005,2287.25998868002
7,2006,2340.66045893644
7,2007,2384.32548495971
7,2008,2489.79253583095
7,2009,2514.88602805666
7,2010,2682.28528592798
7,2011,2777.47103286754
7,2012,2743.45333105274
7,2013,2783.59441819774
7,2014,2716.41807238511
7,2015,2664.73035967893
7,2016,2715.23385749199
7,2017,2703.66071353382
7,2018,2686.12000729116
7,2019,2661.59973429284
7,2020,2515.12832787193
7,2021,2518.42162363735
7,2022,2517.92542109908
7,2023,2534.02756338361
8,2005,17382.3033603922
8,2006,17561.0500611751
8,2007,18138.4706456029
8,2008,17406.1729396641
8,2009,16401.2236401429
8,2010,16530.8462953819
8,2011,17682.6086355083
8,2012,18219.7042136524
8,2013,17783.6291631244
8,2014,18561.4404303233
8,2015,20021.3180886595
8,2016,19902.9834026388
8,2017,19237.9316707645
8,2018,19256.9311531643
8,2019,19312.791184717
8,2020,18160.2567195554
8,2021,15663.1743953887
8,2022,15477.5519831509
8,2023,15796.5402743459
9,2005,3747.88375556646
9,2006,3767.94490260166
9,2007,3727.33731959645
9,2008,3669.08649722735
9,2009,3742.82979616793
9,2010,3842.23612624613
9,2011,3958.93215209932
9,2012,3878.11226988672
9,2013,3727.42606502724
9,2014,3632.24156609308
9,2015,3788.93409996369
9,2016,3794.74545872368
9,2017,3811.7896520226
9,2018,3796.94604530189
9,2019,3938.55708825637
9,2020,3839.25896940106
9,2021,3921.72503036883
9,2022,3874.19905459701
9,2023,3886.69657098366
10,2005,7284.04093103542
10,2006,7902.50723782185
10,2007,6157.90375916557
10,2008,7421.08733621828
10,2009,6996.75913956714
10,2010,6966.78566754307
10,2011,7926.22136029317
10,2012,9766.46483007836
10,2013,9882.09255684241
10,2014,11264.0788306506
10,2015,11344.1027537566
10,2016,11630.9603868778
10,2017,10763.8230469299
10,2018,10490.8556297927
10,2019,11273.1407788316
10,2020,11441.2584496247
10,2021,12196.6451545359
10,2022,12467.346889204
10,2023,12462.8412884717
11,2005,4075.15864759642
11,2006,4075.57643171964
11,2007,4222.41292265497
11,2008,3903.30558735427
11,2009,4047.2268061016
11,2010,4269.35843265705
11,2011,4259.11601598475
11,2012,4244.04434405648
11,2013,4469.85358393076
11,2014,4491.99193855962
11,2015,4670.10918234761
11,2016,4896.52195451431
11,2017,5199.34447953057
11,2018,5635.30750416112
11,2019,6405.075649183
11,2020,6417.1844120548
11,2021,6705.8752915044
11,2022,6844.33467787253
11,2023,6786.69569336005
15,2005,5386.81653712891
15,2006,5578.57225112139
15,2007,5840.06810169965
15,2008,5987.03757861835
15,2009,5965.30730902221
15,2010,6273.0392775956
15,2011,6388.31296965477
15,2012,6697.5562095198
15,2013,7016.53846475729
15,2014,7340.36158580785
15,2015,7691.76308664523
15,2016,8131.82537948653
15,2017,8584.13622704702
15,2018,9016.28659627736
15,2019,9452.29397140303
15,2020,8455.18457114822
15,2021,8857.78995115514
15,2022,9457.10395402883
15,2023,9901.05652395692
16,2005,49914.5146351829
16,2006,50602.3502510337
16,2007,51562.094012556
16,2008,52351.5870495814
16,2009,52254.3227326852
16,2010,52589.8182081922
16,2011,53112.5328692855
16,2012,54237.5919075866
16,2013,54699.3516156156
16,2014,55288.1153378005
16,2015,55691.6988499962
16,2016,56341.5181616503
16,2017,56684.6473338143
16,2018,57450.3810363952
16,2019,57837.0606876407
16,2020,57059.7436441324
16,2021,58182.3369477501
16,2022,59883.6470356073
16,2023,60447.1608783424
17,2005,3136.58568245049
17,2006,3202.48730420277
17,2007,3345.85030357057
17,2008,3233.91811866641
17,2009,3349.6434538349
17,2010,3579.17141215436
17,2011,3514.83277385099
17,2012,3577.45177260763
17,2013,3615.28323837014
17,2014,3998.61804996677
17,2015,4154.52332551256
17,2016,4275.74858607538
17,2017,4322.22282076557
17,2018,4211.14547406654
17,2019,4301.61139203983
17,2020,4077.63132176693
17,2021,3976.90380027548
17,2022,4125.49303568434
17,2023,4174.44164016586
18,2005,10127.1115325
18,2006,10222.1983002783
18,2007,10050.9509498078
18,2008,10092.1801097642
18,2009,9910.17436680807
18,2010,10167.3495688733
18,2011,10412.9963189454
18,2012,10537.6919727534
18,2013,11019.2983032657
18,2014,11621.1294818485
18,2015,12131.0915617818
18,2016,12419.8256693304
18,2017,13090.5006401531
18,2018,13612.9519955763
18,2019,13567.4738284912
18,2020,11254.969751223
18,2021,10685.1969806618
18,2022,12762.3465811337
18,2023,13652.4908672464
19,2005,3488.53277128877
19,2006,3532.39580630817
19,2007,3737.87484512953
19,2008,3933.36993682616
19,2009,3638.18388998269
19,2010,3506.05664136841
19,2011,3687.43549502395
19,2012,3558.14872459608
19,2013,3690.23826179282
19,2014,3695.94966478358
19,2015,4088.76160960559
19,2016,4333.24455361207
19,2017,4464.25427205221
19,2018,4575.86431649712
19,2019,5292.0248372814
19,2020,5154.45429688742
19,2021,5352.97314051618
19,2022,5498.17892082585
19,2023,5812.39328977512
20,2005,31319.1098686393
20,2006,32795.1568589182
20,2007,34522.2682574139
20,2008,35293.4102047384
20,2009,35390.5620151325
20,2010,37610.9729146683
20,2011,38698.4610967111
20,2012,39420.4193918778
20,2013,40483.2534082562
20,2014,41518.0942296892
20,2015,42459.9028857999
20,2016,43538.0212717968
20,2017,44787.6482354421
20,2018,45890.4304094143
20,2019,46757.2614496182
20,2020,46361.5957811718
20,2021,48419.6432513509
20,2022,49777.929303529
20,2023,50414.2083391764
24,2005,2781.89028895255
24,2006,3041.10471220153
24,2007,3308.15747246544
24,2008,3501.9257021932
24,2009,3587.60889588362
24,2010,3711.53750580157
24,2011,3921.97911563308
24,2012,4159.16354123446
24,2013,4419.3988680186
24,2014,4702.73061823207
24,2015,4968.57276699143
24,2016,5283.72964943779
24,2017,5632.03125629342
24,2018,6050.59088262205
24,2019,6448.88455952805
24,2020,6128.78243783335
24,2021,6225.53265474741
24,2022,6456.7382143272
24,2023,6690.58942585792
25,2005,14457.740966196
25,2006,15050.5253765829
25,2007,15742.0953939905
25,2008,15891.2171420249
25,2009,15665.3459498857
25,2010,16729.774764715
25,2011,16765.7514024823
25,2012,17869.0021183963
25,2013,18241.7768708
25,2014,18323.9627436667
25,2015,18811.3284521707
25,2016,19369.9198558946
25,2017,20093.963199274
25,2018,20879.1601782531
25,2019,21277.08251178
25,2020,19956.5473513659
25,2021,20245.2424111271
25,2022,20741.5235270511
25,2023,21142.6643331162
28,2005,3087.51661967786
28,2006,3105.95685870731
28,2007,3069.02472651577
28,2008,3127.93079858258
28,2009,3165.71371028549
28,2010,3220.64298000629
28,2011,3287.71724408205
28,2012,3324.33949142027
28,2013,3400.17312855389
28,2014,3397.09258757941
28,2015,3364.29622883082
28,2016,3405.43519935153
28,2017,3465.63055618837
28,2018,3522.40501551473
28,2019,3516.12668473385
28,2020,3441.07041189391
28,2021,3441.21155585858
28,2022,3463.00574300891
28,2023,3498.80327064529
31,2005,19917.1194534221
31,2006,21341.8597526003
31,2007,23117.8555224771
31,2008,21990.3685269705
31,2009,21361.1307875284
31,2010,21708.7554506566
31,2011,24406.4129764105
31,2012,24919.955210328
31,2013,24770.6514591794
31,2014,25379.4180707013
31,2015,27032.2083880002
31,2016,29905.1347389952
31,2017,31595.6680570505
31,2018,32841.4242467381
31,2019,34346.0708923483
31,2020,30056.1994300968
31,2021,29979.8272686091
31,2022,28540.7623221189
31,2023,29468.9512755913
37,2005,15205.6615966894
37,2006,15871.3026347781
37,2007,16703.9900458722
37,2008,17540.2818313137
37,2009,18073.699423333
37,2010,18819.9984117523
37,2011,19556.0487831353
37,2012,20183.700066904
37,2013,20811.4949948638
37,2014,21568.8648549433
37,2015,22335.2836166732
37,2016,23182.0434124374
37,2017,24073.2325633886
37,2018,25024.1337925763
37,2019,25739.354897588
37,2020,21994.6659848681
37,2021,22737.5729410543
37,2022,24831.3727000712
37,2023,26590.4238819278
39,2005,13861.1846060231
39,2006,16728.0584966439
39,2007,17332.7279638206
39,2008,18232.2654541669
39,2009,16162.9169308656
39,2010,16668.6571186743
39,2011,17473.715717558902
39,2012,17278.9619586798
39,2013,17869.9325763979
39,2014,18633.0389279345
39,2015,18715.3208296488
39,2016,19263.5263628026
39,2017,19948.4385847652
39,2018,20998.879189238
39,2019,21855.501224579
39,2020,14242.9750701162
39,2021,19052.6224904311
39,2022,21357.8112511153
39,2023,22286.9801703571
40,2005,7452.74234124518
40,2006,7970.66491021045
40,2007,8454.2067533326
40,2008,8897.82686006864
40,2009,9156.31906483165
40,2010,9832.18622337307
40,2011,10618.4925999943
40,2012,11447.6937741445
40,2013,12249.7223350448
40,2014,12909.9663066055
40,2015,13329.7793437945
40,2016,13845.6146784784
40,2017,14578.6018622132
40,2018,14759.8248943303
40,2019,14637.4442911872
40,2020,13886.6513728651
40,2021,14316.1352225683
40,2022,13249.4085187153
40,2023,13029.523937847
41,2005,970.38995609863
41,2006,1041.80471709595
41,2007,1095.12568701598
41,2008,1141.94256161019
41,2009,1178.70909947834
41,2010,1224.23020471309
41,2011,1275.52959822581
41,2012,1338.51594866104
41,2013,1385.83254864214
41,2014,1449.92926632722
41,2015,1512.5997455554
41,2016,1537.90853271216
41,2017,1532.0073576114
41,2018,1538.83512127022
41,2019,1528.88988354373
41,2020,1466.12476474476
41,2021,1457.23540930922
41,2022,1476.66560299552
41,2023,1511.63653474992
42,2005,1653.93255402623
42,2006,1692.75470716424
42,2007,1737.66517395968
42,2008,1800.66929028128
42,2009,1678.99899274419
42,2010,1640.9561911336
42,2011,1620.19018148157
42,2012,1623.44094631746
42,2013,1616.22731955534
42,2014,1626.01697198961
42,2015,1633.26492163503
42,2016,1654.6710785916
42,2017,1675.55914894277
42,2018,1684.6493759955
42,2019,1713.796122026
42,2020,1551.12557962095
42,2021,1599.4127689767
42,2022,1622.61082445382
42,2023,1643.30934795137
43,2005,3844.73557120578
43,2006,3970.73349887685
43,2007,4116.45094720856
43,2008,4002.88364073792
43,2009,4012.19428382397
43,2010,4211.52462957784
43,2011,4307.10611556858
43,2012,4387.93790075409
43,2013,4443.371215682
43,2014,4558.55155266374
43,2015,4679.62182831938
43,2016,4770.31046388086
43,2017,4846.86210851932
43,2018,5017.66784674664
43,2019,5171.71264279257
43,2020,5057.40115537429
43,2021,5338.85243382781
43,2022,5491.69378280246
43,2023,5682.98916248678
44,2005,830.50920262352
44,2006,857.685859749121
44,2007,887.051017862725
44,2008,918.802354534854
44,2009,955.877291460064
44,2010,994.8685288662
44,2011,1053.98390851654
44,2012,1114.40422472579
44,2013,1197.2919172676
44,2014,1258.82249615451
44,2015,1343.44297216907
44,2016,1383.65854211967
44,2017,1527.11216333352
44,2018,1504.43908951394
44,2019,1491.1076062356
44,2020,1396.05343554136
44,2021,1392.4642619251
44,2022,1387.8137441605
44,2023,1402.46992062464
46,2005,3117.0545050348155
46,2006,3298.4121321972343
46,2007,3479.769759359595
46,2008,3661.1273865220137
46,2009,3842.4850136843743
46,2010,4023.842640846793
46,2011,4205.200268009212
46,2012,4386.5578951715725
46,2013,4446.413425377
46,2014,4675.4518168801
46,2015,4940.6316223691
46,2016,5204.13108447602
46,2017,5398.75077138447
46,2018,5566.58128892774
46,2019,5784.44800821916
46,2020,5773.20749301878
46,2021,5947.86088370479
46,2022,6083.64368190087
46,2023,6400.62016334753
48,2005,41551.1413844552
48,2006,42540.4398485334
48,2007,43696.9691440917
48,2008,46586.3955926767
48,2009,48304.1178923167
48,2010,48191.6145135737
48,2011,44440.3092616125
48,2012,41964.0828578552
48,2013,40854.4853548905
48,2014,39639.9870514802
48,2015,39813.7887054675
48,2016,39860.9893909688
48,2017,38691.1077105097
48,2018,38673.6045360857
48,2019,38292.3859682752
48,2020,37560.5998714953
48,2021,38719.4587682049
48,2022,40366.458231347
48,2023,38311.4183413339
49,2005,4152.32275390625
49,2006,4299.97412109375
49,2007,4415.78515625
49,2008,4446.40966796875
49,2009,4188.0546875
49,2010,4219.8369140625
49,2011,4467.6259765625
49,2012,4145.931640625
49,2013,4130.48583984375
49,2014,4207.50048828125
49,2015,4159.1943359375
49,2016,4174.56103515625
49,2017,4061.01831054688
49,2018,3816.65991210938
49,2019,3625.52319335938
49,2020,3401.24975585938
49,2021,3248.9755859375
49,2022,3132.0771484375
49,2023,2469.19458007813
50,2005,50638.950583661
50,2006,50124.5210032995
50,2007,49151.6561436367
50,2008,50155.8340227897
50,2009,47715.748046775
50,2010,50620.2920659869
50,2011,53692.3010260633
50,2012,54267.2132867903
50,2013,52711.6862025813
50,2014,53396.1524277413
50,2015,52983.1377637453
50,2016,51997.3426784269
50,2017,52431.8392323081
50,2018,55508.8730589126
50,2019,56365.5085533134
50,2020,51782.56865267
50,2021,55768.2355201349
50,2022,57351.8743866923
50,2023,55055.3996823571
51,2005,77800.7843573958
51,2006,79121.5578882189
51,2007,79075.2048048806
51,2008,76649.21027624
51,2009,67554.9221477468
51,2010,62639.7379831383
51,2011,64518.4986017604
51,2012,64581.9388971369
51,2013,62144.7990487632
51,2014,59763.6764552554
51,2015,57473.1139554478
51,2016,56650.3734580497
51,2017,52022.7232984952
51,2018,51364.271157544
51,2019,51122.3312398328
51,2020,49124.5406217346
51,2021,50689.0440784829
51,2022,50984.3024427951
51,2023,46458.2004898213
52,2005,53478.2662201334
52,2006,52691.9326137642
52,2007,52731.7920339006
52,2008,52765.3897251989
52,2009,50665.7506530884
52,2010,50704.8479679819
52,2011,53132.3284162611
52,2012,54516.8406594787
52,2013,55376.4005147894
52,2014,55065.8189472129
52,2015,54149.9131524721
52,2016,54107.0752236423
52,2017,53859.7749589601
52,2018,54893.0724411368
52,2019,56749.9628370612
52,2020,53814.2452592358
52,2021,54954.6757895532
52,2022,57465.1729784449
52,2023,57213.0913557711
53,2005,4042.15457513378
53,2006,4185.86655659206
53,2007,4257.92556870432
53,2008,4233.34830715497
53,2009,4270.43882264229
53,2010,4228.7817715945
53,2011,4246.06710882497
53,2012,4292.02110293486
53,2013,4407.14705841377
53,2014,4520.23463399286
53,2015,4645.28631071145
53,2016,4886.61212115378
53,2017,5031.56060738433
53,2018,5255.06350681272
53,2019,5295.95295138203
53,2020,5135.01459288839
53,2021,5367.27364714762
53,2022,5526.27928310213
53,2023,5439.18762006677
54,2005,89986.1311237032
54,2006,92044.5126089174
54,2007,84581.8658091331
54,2008,77891.9886000886
54,2009,69357.9974293595
54,2010,68799.9308562268
54,2011,70662.5159525691
54,2012,69158.8266413681
54,2013,69806.9559832794
54,2014,69409.0370433601
54,2015,70234.7317531027
54,2016,70573.992709624
54,2017,68871.8495814593
54,2018,68854.9699016986
54,2019,68887.8454107816
54,2020,65784.6769388646
54,2021,67401.1212950201
54,2022,68867.8259305075
54,2023,68577.5405661277
56,2005,5565.76951208069
56,2006,5941.38218091511
56,2007,6767.40677380347
56,2008,7169.13944155367
56,2009,6994.5740991365
56,2010,7072.12150207342
56,2011,7325.78441834692
56,2012,7397.82220702474
56,2013,7440.66242650114
56,2014,7491.02198228243
56,2015,7560.13649202469
56,2016,7881.30336227784
56,2017,8234.56000312459
56,2018,8531.12961646549
56,2019,9111.62993173269
56,2020,7207.86853962048
56,2021,7685.41921393669
56,2022,8850.1066918812
56,2023,9288.4021703944
59,2005,54370.8748681406
59,2006,55392.0545011526
59,2007,57008.606100716
59,2008,56812.7950392657
59,2009,55283.0908999654
59,2010,56265.0199437997
59,2011,56610.2716053548
59,2012,56381.693449859
59,2013,56288.0022245962
59,2014,57028.0625939732
59,2015,57534.4013067302
59,2016,57927.0475573295
59,2017,58555.1572265551
59,2018,59383.8822023808
59,2019,60506.6647492091
59,2020,57358.8417597345
59,2021,60666.3364518842
59,2022,62725.623762226
59,2023,62933.096004294
61,2005,10470.7813980127
61,2006,10923.0222817292
61,2007,11549.5318189658
61,2008,11923.7170830843
61,2009,12161.9677634948
61,2010,12389.1966609297
61,2011,12001.7991352202
61,2012,12367.4427221416
61,2013,12518.2014392516
61,2014,12752.9007303641
61,2015,12731.7906334553
61,2016,12732.897042548
61,2017,12881.7170725617
61,2018,13090.6199760753
61,2019,13175.7787786723
61,2020,11889.2918309025
61,2021,12375.3429338664
61,2022,12632.0392214109
61,2023,12552.9866903456
62,2005,6103.42236328125
62,2006,6488.673828125
62,2007,6620.59033203125
62,2008,6901.95068359375
62,2009,7063.72705078125
62,2010,7210.63671875
62,2011,7503.79296875
62,2012,7628.64404296875
62,2013,7839.0322265625
62,2014,7951.79833984375
62,2015,8198.80859375
62,2016,8141.9404296875
62,2017,8450.0087890625
62,2018,8611.75
62,2019,8768.17578125
62,2020,8054.56298828125
62,2021,8623.265625
62,2022,8666.0791015625
62,2023,8868.7119140625
64,2005,5445.82951721956
64,2006,6284.70209595667
64,2007,6002.77832709959
64,2008,5813.35608895899
64,2009,5639.78745530453
64,2010,5605.76389263189
64,2011,5653.21720469753
64,2012,5716.25195847077
64,2013,5769.72871359233
64,2014,5837.85203652106
64,2015,5969.54239881575
64,2016,5866.28145291802
64,2017,6050.62180822951
64,2018,6153.63790853695
64,2019,6162.21045071341
64,2020,5963.23550334684
64,2021,5836.56580821897
64,2022,6053.26178704876
64,2023,6258.71091329181
65,2005,2653.64239155191
65,2006,2564.68653970519
65,2007,2567.15728802982
65,2008,2649.61119865306
65,2009,2745.32540574768
65,2010,2824.21259222517
65,2011,2519.83983255672
65,2012,2574.93509664061
65,2013,2572.44728941685
65,2014,2465.10971144823
65,2015,2495.95741601525
65,2016,2478.46055756999
65,2017,2533.18683710276
65,2018,2651.43281455826
65,2019,2750.82132179634
65,2020,2702.31919474482
65,2021,2777.79620978324
65,2022,2863.18049829859
65,2023,2932.28059517915
66,2005,3301.82076160815
66,2006,3301.03152414193
66,2007,3316.42037834774
66,2008,3359.70567090311
66,2009,3371.46166688616
66,2010,3403.56707165919
66,2011,3362.87940537332
66,2012,3405.10864460824
66,2013,3385.42590686562
66,2014,3484.01219749797
66,2015,3593.79477120389
66,2016,3710.05531589724
66,2017,3871.4514678592
66,2018,3998.28635303406
66,2019,4070.61227058594
66,2020,4018.04129277358
66,2021,4173.67741399619
66,2022,4227.73341842106
66,2023,4317.2263915953
67,2005,20644.0270766892
67,2006,21539.6274538208
67,2007,22416.1098051613
67,2008,21909.429070862
67,2009,20513.5632098849
67,2010,21109.9679253729
67,2011,10739.0931713183
67,2012,20595.580038429
67,2013,16553.1426523565
67,2014,12495.792970176
67,2015,12192.1386217463
67,2016,11828.7113766913
67,2017,15424.055430096
67,2018,16380.8515494718
67,2019,14333.4224412442
67,2020,9976.03740275891
67,2021,12641.5097714075
67,2022,11456.0768149668
67,2023,12478.1434623596
68,2005,32732.3392207025
68,2006,33375.1869186172
68,2007,34934.1356537626
68,2008,36238.2204282606
68,2009,35464.1957013661
68,2010,37477.498456936
68,2011,37689.2332317521
68,2012,38884.2406178296
68,2013,40754.477208716
68,2014,42997.3242097447
68,2015,46022.6468631359
68,2016,46815.5390603593
68,2017,51459.7228584255
68,2018,53266.3187639378
68,2019,53304.7535929557
68,2020,50327.3430892389
68,2021,56748.7302829446
68,2022,57659.8158299432
68,2023,59602.100898723504
69,2005,23213.429057094
69,2006,26431.8996166417
69,2007,29423.8323971468
69,2008,28727.0656636428
69,2009,24520.759031683
69,2010,24119.8092413804
69,2011,25308.8147959965
69,2012,27496.6351563508
69,2013,28375.2770917967
69,2014,29243.8368438291
69,2015,30599.7127991948
69,2016,31668.6177539484
69,2017,33036.4991572381
69,2018,34729.81869478
69,2019,35208.3082954332
69,2020,34226.008653399
69,2021,36913.7521122605
69,2022,37685.0082150032
69,2023,38367.7785951631
70,2005,30473.7787673219
70,2006,33646.6182306666
70,2007,36359.4661005152
70,2008,34588.5490995882
70,2009,29585.1439449227
70,2010,30379.1078350583
70,2011,32789.4316073746
70,2012,34115.3622168665
70,2013,34838.3632268557
70,2014,36090.4935621737
70,2015,36729.8083015722
70,2016,37854.8450961055
70,2017,39939.4580947194
70,2018,41273.19885576
70,2019,42652.5356859802
70,2020,41340.7643728197
70,2021,44251.5374983456
70,2022,43690.4130611134
70,2023,41706.5197431068
71,2005,17672.1697425941
71,2006,19018.2322678952
71,2007,20433.4718592357
71,2008,21838.707652519
71,2009,21244.1674706215
71,2010,21717.0793788419
71,2011,22313.6280770437
71,2012,22611.3066237314
71,2013,22614.7929605177
71,2014,22959.6388322803
71,2015,23891.6648876338
71,2016,24788.0274318887
71,2017,25655.4038240836
71,2018,26500.1423338492
71,2019,27698.4796347387
71,2020,26969.1645136983
71,2021,29305.3547082553
71,2022,31564.7775384627
71,2023,33141.7699179908
72,2005,20569.9074968796
72,2006,22353.4574991802
72,2007,24327.1891652186
72,2008,27038.2619456531
72,2009,25760.3556553393
72,2010,24901.6720895611
72,2011,26149.4534700942
72,2012,26766.1309758768
72,2013,26940.5985776056
72,2014,28154.7373884737
72,2015,29180.4340140103
72,2016,30187.6537168467
72,2017,32851.0097498646
72,2018,35067.2105924325
72,2019,36635.4834578388
72,2020,35484.2507903109
72,2021,37732.5554954853
72,2022,39380.2517863094
72,2023,40303.8343457308
73,2005,27937.998046875
73,2006,30328.078125
73,2007,32962.30078125
73,2008,34691.57421875
73,2009,31976.005859375
73,2010,33399.92578125
73,2011,34795.03515625
73,2012,36104.2734375
73,2013,36628.921875
73,2014,36217.96484375
73,2015,35393.5703125
73,2016,35361.546875
73,2017,35932.234375
73,2018,36908.3671875
73,2019,37698.953125
73,2020,36746.375
73,2021,38938.49609375
73,2022,38263.6171875
73,2023,39753.45703125
74,2005,8485.58670534953
74,2006,9337.98906420101
74,2007,10567.2747164758
74,2008,10856.1031328003
74,2009,10553.0896395853
74,2010,11294.3685917112
74,2011,12288.6828861156
74,2012,13193.9596974054
74,2013,13913.0018245661
74,2014,14475.3135356035
74,2015,14936.8434116647
74,2016,15442.9564358054
74,2017,16237.6242230275
74,2018,17228.6790847503
74,2019,18186.8816465807
74,2020,17031.144028342602
74,2021,18915.6534005263
74,2022,20966.5280391134
74,2023,22590.5293543813
75,2005,15610.5732421875
75,2006,16901.5078125
75,2007,18374.013671875
75,2008,18883.986328125
75,2009,16092.7958984375
75,2010,16811.794921875
75,2011,17783.95703125
75,2012,17848.740234375
75,2013,17889.091796875
75,2014,16978.8125
75,2015,15403.7099609375
75,2016,15856.8125
75,2017,16310.3603515625
75,2018,16978.984375
75,2019,17636.5546875
75,2020,17092.5390625
75,2021,17846.408203125
75,2022,13787.12109375
75,2023,15885.2255859375
76,2005,17659.8983161707
76,2006,18693.9010385269
76,2007,19605.1679020557
76,2008,19516.3851753358
76,2009,18320.4489220562
76,2010,19564.7888953107
76,2011,21439.0690551907
76,2012,22181.1207770887
76,2013,23756.2730417486
76,2014,24595.6990587674
76,2015,25746.4324494749
76,2016,26246.4947118354
76,2017,27851.9820029666
76,2018,28305.4612484943
76,2019,28132.0535745359
76,2020,28378.5520849539
76,2021,31338.2665190246
76,2022,32748.3189010181
76,2023,34282.5365042547
77,2005,8828.94590461523
77,2006,8885.80539630373
77,2007,8829.30906367425
77,2008,8903.77225264131
77,2009,9284.10162126587
77,2010,9546.56048805399
77,2011,9648.82426718361
77,2012,7144.37244952745
77,2013,5530.97472757035
77,2014,5301.62535257941
77,2015,5302.07413721497
77,2016,5022.1127178437
77,2017,4977.79210063798
77,2018,4956.09296464777
77,2019,4825.40602053761
77,2020,4633.34951847728
77,2021,4592.83860100874
77,2022,4454.85373271464
77,2023,3390.226476675947
78,2005,13024.6648924956
78,2006,13003.680803908
78,2007,13941.5614244767
78,2008,14955.1413563252
78,2009,16264.3506182706
78,2010,17390.7584012958
78,2011,17353.1960845294
78,2012,17323.3013764282
78,2013,16396.4969302163
78,2014,15205.873265402
78,2015,14980.020515614
78,2016,15572.3611739774
78,2017,16128.5838196051
78,2018,16290.0516478592
78,2019,15659.5661040012
78,2020,12507.4366368078
78,2021,11599.7755083765
78,2022,11474.7505845558
78,2023,14124.590949621459
79,2005,33274.8060108879
79,2006,34516.2772045527
79,2007,35950.9157568904
79,2008,36478.3961362725
79,2009,36011.5400640154
79,2010,37351.5230555301
79,2011,38707.3295574399
79,2012,38964.777230281
79,2013,39862.3840775536
79,2014,40623.8421581639
79,2015,40748.2868276598
79,2016,41702.3037635512
79,2017,42649.4950956229
79,2018,43540.2491972451
79,2019,44333.8538901967
79,2020,42920.8369871606
79,2021,46148.5808533601
79,2022,48177.8359316765
79,2023,48338.215819693
80,2005,38146.9628219173
80,2006,40483.1568120089
80,2007,41796.2337470888
80,2008,41709.3876118794
80,2009,39886.2134611393
80,2010,37566.7482904511
80,2011,33906.4915655117
80,2012,31250.2267785089
80,2013,30762.4431700648
80,2014,31213.376451539
80,2015,31347.976492847
80,2016,31468.619625013
80,2017,31995.4107393778
80,2018,32722.3310423615
80,2019,33502.7506412729
80,2020,30487.1129350427
80,2021,33531.1551122601
80,2022,35906.6128241021
80,2023,36854.50424993
81,2005,41366.078125
81,2006,42599.32421875
81,2007,43827.93359375
81,2008,44299.76953125
81,2009,42257.26171875
81,2010,42106.50390625
81,2011,41216.8203125
81,2012,39194.15234375
81,2013,36697.453125
81,2014,36444.6171875
81,2015,37905.8359375
81,2016,40212.73828125
81,2017,42131.578125
81,2018,44231.07421875
81,2019,46198.89453125
81,2020,44207.05078125
81,2021,48784.578125
81,2022,51669.30078125
81,2023,52195.34765625
82,2005,8882.14926598512
82,2006,9465.96609641689
82,2007,10108.4428863741
82,2008,10950.2849698207
82,2009,11394.1153351324
82,2010,11875.2983771041
82,2011,12210.376837787
82,2012,12403.8957808383
82,2013,12551.1590926417
82,2014,12800.3483106503
82,2015,13122.5109399609
82,2016,13579.2127980669
82,2017,14108.5457579738
82,2018,14711.8711299076
82,2019,15079.416194011
82,2020,14663.6857700513
82,2021,16127.7532581824
82,2022,17112.988027282
82,2023,17992.1048140275
84,2005,13738.4956443574
84,2006,13920.6940554178
84,2007,14114.6745191405
84,2008,14206.7767146731
84,2009,14104.4281721519
84,2010,14496.4211311825
84,2011,14641.9640935327
84,2012,14697.5396133
84,2013,14778.1914255494
84,2014,15073.7629403724
84,2015,15239.5171455316
84,2016,15511.6858766657
84,2017,15427.6641894871
84,2018,15343.4261221255
84,2019,15199.1989965648
84,2020,14194.1557478261
84,2021,14496.8654697299
84,2022,14782.2002968893
84,2023,15159.324237194
96,2005,2071.60866516476
96,2006,2113.18856511777
96,2007,2232.18485742154
96,2008,2295.48367838943
96,2009,2306.19721946458
96,2010,2393.24415417416
96,2011,2471.7184941981
96,2012,2776.25374268616
96,2013,3279.86750707557
96,2014,3348.44543325415
96,2015,2601.30528783264
96,2016,2702.02692956984
96,2017,2737.36270555146
96,2018,2766.7170000408
96,2019,2851.97923261248
96,2020,2751.96665549303
96,2021,2848.70597712579
96,2022,2934.03013453843
96,2023,3034.21894320278
97,2005,1335.61728880785
97,2006,1364.60347323709
97,2007,1422.10019670004
97,2008,1463.12408187297
97,2009,1492.99817384053
97,2010,1538.85083488512
97,2011,1601.03374045996
97,2012,1668.97289588776
97,2013,1774.5205777394
97,2014,1750.1438489328
97,2015,1714.09047960464
97,2016,1653.31050211233
97,2017,1661.30290782171
97,2018,1647.97443793846
97,2019,1575.76665001238
97,2020,1497.37692436272
97,2021,1539.20892304674
97,2022,1578.99837069175
97,2023,1616.92373356695
98,2005,1944.77951063788
98,2006,1941.17299016862
98,2007,1863.28302167894
98,2008,1883.54937890364
98,2009,1930.78017936473
98,2010,1988.95210506479
98,2011,2048.81548870004
98,2012,2121.42903155248
98,2013,2188.07010810966
98,2014,2253.48526218314
98,2015,2317.54781080269
98,2016,2355.26826551519
98,2017,2389.21244832869
98,2018,2442.64693857392
98,2019,2501.03087536243
98,2020,2490.05293780864
98,2021,2577.20196322069
98,2022,2662.25917134822
98,2023,2767.51655834427
99,2005,2632.47251454328
99,2006,2652.21841967159
99,2007,2729.13741390352
99,2008,2777.61974031765
99,2009,2758.07243150648
99,2010,2733.57399641151
99,2011,2732.01249647957
99,2012,2779.7264808532
99,2013,2893.0467015352
99,2014,2987.38236326153
99,2015,2952.00218338705
99,2016,2962.66381572265
99,2017,3041.77929984989
99,2018,3155.4510650627
99,2019,3281.10470051465
99,2020,3317.8597222557
99,2021,3464.2886286745
99,2022,3588.33525858047
99,2023,3721.2245272339
100,2005,7876.11806658285
100,2006,8192.57979719023
100,2007,7375.82454100145
100,2008,7587.28826163492
100,2009,8138.45033818822
100,2010,8583.66179834288
100,2011,8492.42098392103
100,2012,9079.68656400891
100,2013,8798.49382506314
100,2014,9159.25664414045
100,2015,8977.70681641417
100,2016,8001.8255194505
100,2017,7372.77046737599
100,2018,7029.33651566257
100,2019,6939.36913397466
100,2020,6350.50913409722
100,2021,6263.21161292636
100,2022,6205.1050414034
100,2023,6172.28776650683
101,2005,9245.1365329555
101,2006,9773.29833199798
101,2007,10162.2400708746
101,2008,10286.5124067605
101,2009,10166.2899453939
101,2010,10614.6201576671
101,2011,10965.2729759535
101,2012,11266.6089486464
101,2013,11593.5753768689
101,2014,11982.6963648348
101,2015,12166.5658392058
101,2016,11846.7880832757
101,2017,11408.7253099967
101,2018,11214.38604306
101,2019,10813.3044681944
101,2020,9652.24827219463
101,2021,9709.09930646771
101,2022,9948.46458487266
101,2023,10105.5147732431
102,2005,12877.3063105512
102,2006,13460.6894225103
102,2007,14033.4008432554
102,2008,14315.1896495205
102,2009,13927.7288929376
102,2010,14182.3342847818
102,2011,14451.929184196
102,2012,14581.5889567472
102,2013,14699.0668127928
102,2014,14661.2624348251
102,2015,14559.4743780889
102,2016,14519.030855302
102,2017,14591.4366758593
102,2018,14571.3756333595
102,2019,14370.2380390151
102,2020,13266.785814741
102,2021,13711.2935730474
102,2022,13777.1927520564
102,2023,13690.3894584515
103,2005,4371.49721644128
103,2006,4644.18044669991
103,2007,4698.08416961839
103,2008,4873.1813112046
103,2009,4919.19529822865
103,2010,4882.04796466341
103,2011,4876.47315792145
103,2012,4919.55294386577
103,2013,5072.11200195866
103,2014,5223.09572886388
103,2015,5210.2037755431
103,2016,5388.5091334891
103,2017,5521.20249597413
103,2018,5674.72379094011
103,2019,5702.08347071236
103,2020,5742.94724858826
103,2021,5732.69456061536
103,2022,5632.13890715047
103,2023,5541.3016760535
104,2005,31302.957953874
104,2006,32251.7680082519
104,2007,35540.4477563657
104,2008,39994.6159790647
104,2009,38706.6052512135
104,2010,33668.8740654852
104,2011,34341.9342607505
104,2012,35711.4919273537
104,2013,32894.3693189101
104,2014,31765.8997056851
104,2015,27797.7942803179
104,2016,24435.0645564801
104,2017,22250.4389230263
104,2018,20165.4795550607
104,2019,18446.5916579681
104,2020,17089.153726379
104,2021,16821.4486470413
104,2022,16932.7706827155
104,2023,15688.2384192658
106,2005,3721.30785741996
106,2006,3857.86154847605
106,2007,3923.12567803728
106,2008,4174.78124103364
106,2009,4269.16005861557
106,2010,4495.68916584106
106,2011,5005.36732498187
106,2012,5339.71321903045
106,2013,5593.77481886917
106,2014,5619.07233511591
106,2015,5607.36635657413
106,2016,5666.07795334591
106,2017,5993.63085211077
106,2018,6234.51208201488
106,2019,6508.24652305901
106,2020,6412.68541762469
106,2021,6607.50297378321
106,2022,6729.27440352562
106,2023,6796.47361923819
108,2005,108461.234809082
108,2006,114250.093078247
108,2007,117742.118949933
108,2008,115015.749468771
108,2009,108091.644563183
108,2010,105121.639688862
108,2011,101174.504103747
108,2012,95937.8559207527
108,2013,95777.8589383651
108,2014,92298.3878105064
108,2015,93109.4546037139
108,2016,92519.4007720085
108,2017,95666.1631169636
108,2018,94874.5782443817
108,2019,94755.4328108431
108,2020,87894.4011744071
108,2021,92276.2346046359
108,2022,98057.4470976206
108,2023,98041.688720843
110,2005,35355.1860512693
110,2006,35778.7287115087
110,2007,35786.7131487301
110,2008,34488.0069457595
110,2009,32620.7778123372
110,2010,32701.9503894723
110,2011,32526.2047595974
110,2012,33167.6065247753
110,2013,31921.7118444477
110,2014,32226.9236150679
110,2015,32290.6997350712
110,2016,31756.8406185759
110,2017,32442.7229938499
110,2018,33106.6940523959
110,2019,32495.3338730491
110,2020,25457.0803884989
110,2021,29340.4723479708
110,2022,32408.7118597651
110,2023,33105.603858971
111,2005,31459.27998731786
111,2006,30957.746023494634
111,2007,30456.212059671525
111,2008,29954.6780958483
111,2009,29453.144132025074
111,2010,28951.610168201965
111,2011,27643.6832598334
111,2012,26283.3842523568
111,2013,25360.2602647995
111,2014,26470.621917298
111,2015,28214.0089411943
111,2016,28909.3589978964
111,2017,27058.1148436421
111,2018,27444.4355121585
111,2019,27826.0149071376
111,2020,19813.406021226
111,2021,21192.4823649974
111,2022,22209.910930798
111,2023,22305.6592653747
113,2005,85170.1966869838
113,2006,92169.884857511
113,2007,92300.4727413432
113,2008,89338.2864962161
113,2009,80594.0775425264
113,2010,76259.0297427203
113,2011,75059.6580678761
113,2012,73948.0258173713
113,2013,72954.5195878284
113,2014,73017.594917444
113,2015,73281.0447634718
113,2016,73907.2260440292
113,2017,74564.7386458281
113,2018,76088.8950622285
113,2019,77440.552064534
113,2020,72149.3268887498
113,2021,74150.8580949692
113,2022,76359.0908832118
113,2023,78109.3506593441
114,2005,3163.11380246538
114,2006,3164.82372941453
114,2007,3258.36633663299
114,2008,3289.70539010892
114,2009,3426.38912318297
114,2010,3195.24820723659
114,2011,3320.34680581165
114,2012,3285.70754602266
114,2013,3376.63982000485
114,2014,3423.65317734526
114,2015,3422.09748627768
114,2016,3435.73122444055
114,2017,3474.34692898372
114,2018,3485.69687548702
114,2019,3381.584787365
114,2020,3229.47554356606
114,2021,3134.95014938417
114,2022,3047.65179299452
114,2023,2956.46213701659
115,2005,11945.3157357793
115,2006,12879.0658881894
115,2007,13666.6876903837
115,2008,13932.2340455469
115,2009,13886.8842670463
115,2010,14853.6335562302
115,2011,15125.8385146394
115,2012,15344.3342939808
115,2013,15897.5630395056
115,2014,16817.6442268689
115,2015,17777.0111588467
115,2016,18751.2870603502
115,2017,19414.0012214465
115,2018,20547.6589012268
115,2019,21363.8610383998
115,2020,19721.3207241074
115,2021,21912.2589614037
115,2022,22757.3896159896
115,2023,23087.9343626862
116,2005,42977.46359229708
116,2006,42626.24286858081
116,2007,42457.80534519824
116,2008,41965.979737378446
116,2009,41282.79457317089
116,2010,41332.24972505599
116,2011,41517.11506656406
116,2012,41787.54417133931
116,2013,42045.97577441559
116,2014,42203.544121928615
116,2015,42489.61239897836
116,2016,42787.13731923257
116,2017,42569.98555105226
116,2018,42432.07808270504
116,2019,43160.57691332807
116,2020,40325.02058323801
116,2021,40758.76411672915
116,2022,42686.53575680565
116,2023,42881.498349114634
119,2005,22625.0306560256
119,2006,23271.6542739751
119,2007,23342.7529981522
119,2008,25912.8904086675
119,2009,24987.4087047796
119,2010,25011.1843719461
119,2011,25393.8341857695
119,2012,25127.7378374428
119,2013,26546.5546957215
119,2014,28545.8487626208
119,2015,28745.2165294236
119,2016,29883.2962582913
119,2017,29965.2343163396
119,2018,30592.9047143548
119,2019,31496.5931147241
119,2020,26707.1069326356
119,2021,26896.617706598
119,2022,29761.2753518753
119,2023,30409.4041094129
120,2005,27698.2159589684
120,2006,30833.5176024317
120,2007,33251.9731474969
120,2008,32762.9135009685
120,2009,28411.391371682
120,2010,25831.8137914213
120,2011,25028.9661387322
120,2012,25597.9939556746
120,2013,25211.9241075013
120,2014,25565.9656842771
120,2015,25748.624442696
120,2016,26637.4181596117
120,2017,27143.0416282234
120,2018,28884.1201297316
120,2019,29636.8924377024
120,2020,23915.1619842858
120,2021,25733.2948269644
120,2022,28033.1307782063
120,2023,28967.2556775267
122,2005,19491.0510737035
122,2006,20550.8837088088
122,2007,20759.1263600506
122,2008,21651.0480999159
122,2009,20907.1550613609
122,2010,20848.8763273622
122,2011,21637.6831310471
122,2012,21515.7151180474
122,2013,20989.2166354026
122,2014,21214.3373868088
122,2015,21142.6248181466
122,2016,21775.1621571127
122,2017,22422.6120380814
122,2018,22981.8034416012
122,2019,22738.0109584032
122,2020,17141.9380711598
122,2021,19101.1652956676
122,2022,22961.9622175008
122,2023,23403.4617661837
123,2005,13810.3495138773
123,2006,14438.7118129373
123,2007,15346.8543380667
123,2008,16438.0414010816
123,2009,16243.4244956821
123,2010,16353.8707601385
123,2011,16271.4691231993
123,2012,16084.0142472222
123,2013,15786.8264759708
123,2014,16382.6718477171
123,2015,15926.804831029
123,2016,16556.0160260244
123,2017,15710.7113748193
123,2018,16344.8995689748
123,2019,17318.9628927132
123,2020,14508.9226429359
123,2021,15594.2853457545
123,2022,16557.6406670121
123,2023,17420.2512475009
124,2005,19488.0025668841
124,2006,20571.8104442863
124,2007,20899.9910667503
124,2008,20922.4076922749
124,2009,19770.5266589765
124,2010,19253.4088733958
124,2011,19050.5673740077
124,2012,18936.0888111766
124,2013,18695.6832903666
124,2014,18665.1769798481
124,2015,18464.6630889427
124,2016,18754.6651416375
124,2017,18740.3488338921
124,2018,18484.6976381599
124,2019,18572.509535997
124,2020,15749.0380167909
124,2021,15683.8847128096
124,2022,18469.5765888638
124,2023,19224.4621182944
125,2005,14220.5512866626
125,2006,13602.6854098528
125,2007,14385.091845237
125,2008,14472.4228873921
125,2009,13471.8304089174
125,2010,13363.092025109
125,2011,13406.0598778032
125,2012,13169.4604768133
125,2013,13394.5216776985
125,2014,14296.7091406227
125,2015,15145.9720224376
125,2016,15650.411723041
125,2017,16301.4724432012
125,2018,16975.247600506
125,2019,17047.3549261258
125,2020,14656.7208773809
125,2021,15298.1231115237
125,2022,16386.46233816
125,2023,16946.473156154
126,2005,29770.6887752558
126,2006,33613.2350196326
126,2007,35069.5892846192
126,2008,36109.459047988
126,2009,34483.6010150889
126,2010,35423.8564320004
126,2011,35045.516139152
126,2012,37452.9427915858
126,2013,38620.5759614911
126,2014,39966.1865885458
126,2015,39528.4191680379
126,2016,36438.9113076053
126,2017,34619.5301546935
126,2018,34346.1476275045
126,2019,34349.1287560803
126,2020,31168.3455456651
126,2021,30826.2088114142
126,2022,31323.277264658
126,2023,31705.8333833611
127,2005,12186.1430110348
127,2006,13089.5502880899
127,2007,13583.0816522314
127,2008,13699.8299860713
127,2009,13574.5964720605
127,2010,13032.4934755075
127,2011,13025.7410991377
127,2012,13252.3178474081
127,2013,13654.1224367663
127,2014,13901.9704473343
127,2015,14365.6994724881
127,2016,15047.2476945614
127,2017,15364.3640486621
127,2018,15963.6229080985
127,2019,16186.3452529407
127,2020,15677.5874667057
127,2021,15900.9765805992
127,2022,17172.2076165046
127,2023,18335.2120818044
129,2005,16867.9609254194
129,2006,18190.2741172461
129,2007,20208.821572788
129,2008,21867.8187584359
129,2009,21822.9876932564
129,2010,22739.1106168049
129,2011,24999.4605937327
129,2012,26926.8852753071
129,2013,28135.3278985154
129,2014,28931.8044469554
129,2015,29933.1555724329
129,2016,30765.2371628659
129,2017,31979.8122713941
129,2018,32681.4463626977
129,2019,33163.7269089339
129,2020,26881.7987053989
129,2021,30932.7627780516
129,2022,33833.0265078284
129,2023,35863.880148831
130,2005,15703.9624720506
130,2006,16620.1356432064
130,2007,17743.6227382356
130,2008,18334.0135988616
130,2009,17932.6147807275
130,2010,18660.9198222783
130,2011,19254.9142153099
130,2012,19960.7933253035
130,2013,20232.2670799446
130,2014,20724.9217693423
130,2015,21254.7840932049
130,2016,21925.6000803999
130,2017,22622.5534502517
130,2018,23005.3121471794
130,2019,23364.783127574
130,2020,22211.8613921698
130,2021,23852.9253020002
130,2022,24831.7193480342
130,2023,25979.6286150717
131,2005,5313.02210348324
131,2006,5455.30615507295
131,2007,5650.46905997767
131,2008,5761.38700942122
131,2009,5492.95489745824
131,2010,5654.3577976358
131,2011,5927.26980013608
131,2012,6224.34038404832
131,2013,6440.85212801377
131,2014,6657.19591845423
131,2015,6882.09772141227
131,2016,7100.00689756578
131,2017,7330.63106959886
131,2018,6991.24166096136
131,2019,6701.19426432436
131,2020,6501.68749935445
131,2021,7086.62239515406
131,2022,7258.68171711412
131,2023,7486.94276222499
132,2005,11999.2549591305
132,2006,12636.6246577724
132,2007,13318.3033138168
132,2008,13591.0609028567
132,2009,13586.7518430982
132,2010,14037.0642668639
132,2011,14852.3699513061
132,2012,15279.4790008058
132,2013,15912.2471293239
132,2014,16480.3631474161
132,2015,16821.3801400631
132,2016,17003.244366485
132,2017,16986.0334182842
132,2018,17104.1313545678
132,2019,17336.7716030551
132,2020,15861.4999291295
132,2021,17383.0901728295
132,2022,18451.9459195936
132,2023,18357.6446425686
133,2005,5056.67544412551
133,2006,5263.15029099578
133,2007,5461.90151889031
133,2008,5566.70639487722
133,2009,5313.75573967791
133,2010,5396.07227927744
133,2011,5488.43371596332
133,2012,5600.6077605497
133,2013,5644.13384802045
133,2014,5705.16246265484
133,2015,5812.5348879105
133,2016,5926.49025534228
133,2017,6099.60734919414
133,2018,6219.27973775059
133,2019,6264.01884276715
133,2020,5603.26398377777
133,2021,6202.98078812037
133,2022,6352.58710177732
133,2023,6468.30192068321
134,2005,8050.5345128919
134,2006,8404.24674903143
134,2007,8548.83476118605
134,2008,8704.80584632591
134,2009,8494.49847423621
134,2010,8648.92982717672
134,2011,8943.06191543327
134,2012,9165.42034804478
134,2013,9327.56424468351
134,2014,9451.744607867
134,2015,9646.15432339854
134,2016,9863.76121214453
134,2017,10064.7934942601
134,2018,10297.203612692
134,2019,10543.9383291317
134,2020,9692.44931605799
134,2021,10809.713399518
134,2022,11068.9214300637
134,2023,11404.3342262685
135,2005,20277.2552856489
135,2006,20965.8256113323
135,2007,21102.2688354162
135,2008,20992.5602657556
135,2009,19385.5437266404
135,2010,20058.3854897332
135,2011,20457.6001702948
135,2012,20898.9357234443
135,2013,20805.3480450888
135,2014,21069.76616886
135,2015,21408.92832416
135,2016,21578.2633594516
135,2017,21777.5225152779
135,2018,21997.773022688
135,2019,21704.1859516705
135,2020,19728.4817895873
135,2021,20782.5877456479
135,2022,21387.5987937272
135,2023,21880.3277706628
136,2005,9102.88788119857
136,2006,9389.2652981631
136,2007,9776.20405934391
136,2008,9893.01137664653
136,2009,9744.09686850665
136,2010,9828.4345066177
136,2011,10035.5774720552
136,2012,10130.350149237
136,2013,10301.4208550491
136,2014,10557.2344165536
136,2015,10789.709472985
136,2016,10876.3751133674
136,2017,11009.2867444783
136,2018,11196.2643955264
136,2019,11470.3642213488
136,2020,11101.009623613
136,2021,11828.3300095601
136,2022,12153.0305986535
136,2023,12389.385871782
137,2005,10647.0863990257
137,2006,10920.0352242273
137,2007,10939.3443718859
137,2008,11460.4053920721
137,2009,11389.4948561309
137,2010,11651.3422970974
137,2011,12433.758980372
137,2012,12945.0771751419
137,2013,13672.3064630751
137,2014,14047.4913782084
137,2015,13864.4877052902
137,2016,13569.7967959864
137,2017,14161.7051815893
137,2018,14066.1762612468
137,2019,13853.4207787933
137,2020,12425.0175450466
137,2021,13539.7108484794
137,2022,14263.2039756632
137,2023,14472.3165053895
138,2005,8951.54717191217
138,2006,9549.6124361264
138,2007,10288.1853918369
138,2008,11153.5150617806
138,2009,11206.3708203437
138,2010,12061.1640561503
138,2011,12728.8648230529
138,2012,13397.7832424936
138,2013,14054.6383550251
138,2014,14247.1010019489
138,2015,14545.381144645
138,2016,14920.1036750938
138,2017,15072.2038993295
138,2018,15388.9983222118
138,2019,15466.2951511415
138,2020,13612.0219422652
138,2021,15282.2736372636
138,2022,15548.9316184939
138,2023,15294.2567811201
141,2005,47676.617847301066
141,2006,48993.049259917345
141,2007,50309.480672533624
141,2008,53528.7838011243
141,2009,50835.9542149952
141,2010,50782.3391449341
141,2011,52716.933935158
141,2012,56744.6519043836
141,2013,60123.7267080971
141,2014,63151.5044266511
141,2015,63139.8057229163
141,2016,63286.5842199228
141,2017,64571.9171199037
141,2018,65294.7517477605
141,2019,67207.832475691
141,2020,65131.6133759936
141,2021,67757.7773227559
141,2022,69338.8098239515
141,2023,70373.3769321133
143,2005,55334.883375329
143,2006,57465.4693338421
143,2007,60767.02219044
143,2008,60965.3658114164
143,2009,56101.3279851986
143,2010,54590.6046605985
143,2011,55428.6507991145
143,2012,55720.9285321915
143,2013,57709.1492098479
143,2014,58033.5954648428
143,2015,59980.1265988636
143,2016,62882.1445928179
143,2017,64001.0758466614
143,2018,65356.2174996799
143,2019,65124.7039530603
143,2020,59629.0268558187
143,2021,61741.5794063777
143,2022,65623.1691841046
143,2023,66940.5034884203
145,2005,51480.1326804102
145,2006,54494.3100375795
145,2007,55992.2393212235
145,2008,59684.3556829567
145,2009,60206.5380325069
145,2010,60625.1628549313
145,2011,60340.0526352868
145,2012,61267.4653326765
145,2013,60822.1356274489
145,2014,63919.1545760603
145,2015,62503.3971519875
145,2016,65345.93201087
145,2017,65396.6827812631
145,2018,65979.1610559972
145,2019,67604.0507009986
145,2020,67560.25390278
145,2021,68086.4601238175
145,2022,69945.11055538151
145,2023,70845.49875755585
152,2005,5914.88970593014
152,2006,6017.4770425279
152,2007,6013.27628816185
152,2008,6182.76327842976
152,2009,6104.12751479716
152,2010,6427.31156215434
152,2011,6616.77109612324
152,2012,6311.96070223029
152,2013,6262.32372005963
152,2014,6247.90480892802
152,2015,6432.35979156252
152,2016,6887.30523532144
152,2017,6919.01572845298
152,2018,6805.04517162305
152,2019,7033.52113371126
152,2020,6745.30639583283
152,2021,6214.01692789558
152,2022,5843.77179166403
152,2023,6304.34613688419
155,2005,5828.370535929
155,2006,5670.91401055833
155,2007,5506.65160845215
155,2008,5758.56845128494
155,2009,5453.8748837495305
155,2010,5488.75013076804
155,2011,5847.44381908323
155,2012,5907.26744273063
155,2013,5951.69413724467
155,2014,6096.86919261306
155,2015,6194.63927552065
155,2016,6639.13683612679
155,2017,6862.66875643866
155,2018,6896.04214023328
155,2019,6875.02547778858
155,2020,6995.31732378863
155,2021,7034.92483755247
155,2022,6901.73855566074
155,2023,7177.057617773564
162,2005,40835.1853127496
162,2006,41461.7232910271
162,2007,42329.7372515149
162,2008,41451.7466359923
162,2009,41018.0855140419
162,2010,41150.6070634786
162,2011,41753.3552842385
162,2012,42475.7823540074
162,2013,43314.10534401
162,2014,44199.957416181
162,2015,44926.3092731658
162,2016,45575.0743804125
162,2017,46149.3196978527
162,2018,46916.3573367542
162,2019,47266.4050587493
162,2020,46039.226643804
162,2021,47933.5886168028
162,2022,49206.8705317548
162,2023,48562.7047163743
163,2005,59604.7536359083
163,2006,60676.565569186
163,2007,61306.5969389997
163,2008,60798.4338395386
163,2009,58714.9736881612
163,2010,59799.2868624573
163,2011,60294.978803066
163,2012,61224.405542414
163,2013,62089.3482369609
163,2014,63191.2477805927
163,2015,64575.4081869043
163,2016,65275.5718178599
163,2017,66458.0233734963
163,2018,68070.213421811
163,2019,69511.7634409067
163,2020,67352.3871392801
163,2021,71318.3073592183
163,2022,72841.9243127082
163,2023,74577.5065396723
164,2005,12702.741981785
164,2006,12900.1113839766
164,2007,12962.4668939683
164,2008,12398.5125618524
164,2009,12024.1964682061
164,2010,11868.4382399083
164,2011,11584.2851607068
164,2012,11761.5639088012
164,2013,12026.0711025081
164,2014,12249.2214195699
164,2015,12339.4807382581
164,2016,12062.7981699713
164,2017,11574.452447147
164,2018,11486.8029426009
164,2019,11803.0879992669
164,2020,10032.544497569
164,2021,11677.4610095172
164,2022,12569.8179433088
164,2023,12455.2960650024
166,2005,10119.533793938
166,2006,10359.3160527934
166,2007,10457.9720296526
166,2008,10328.039800858
166,2009,9838.25107731484
166,2010,9654.0723834060609
166,2011,9778.69453522704
166,2012,9676.84757069008
166,2013,9687.60830299017
166,2014,9719.30389841393
166,2015,9778.11854181647
166,2016,9886.55139209403
166,2017,9964.39102196217
166,2018,10137.1110525894
166,2019,10216.0655361472
166,2020,9178.32077782074
166,2021,9577.16421134079
166,2022,10072.0485289361
166,2023,10291.3126701479
167,2005,8256.5249232416
167,2006,8702.33105302837
167,2007,9354.07987414031
167,2008,9546.70845022915
167,2009,9924.5262862017
167,2010,10374.3944196875
167,2011,10958.859528832
167,2012,11534.9981851901
167,2013,11896.9066000944
167,2014,12030.0525446915
167,2015,12040.0821429821
167,2016,12420.4720703996
167,2017,12801.640438226
167,2018,12980.3571798196
167,2019,13402.4215131048
167,2020,19234.1295746749
167,2021,22865.9321661614
167,2022,37068.1968873149
167,2023,49315.1603107751
168,2005,19220.2839696605
168,2006,20113.6707547695
168,2007,20902.1391589279
168,2008,21515.8119551093
168,2009,21906.4105447498
168,2010,22772.4754543689
168,2011,23829.5332856393
168,2012,24193.8412373922
168,2013,24624.0219854601
168,2014,24414.3554759734
168,2015,23327.5252497447
168,2016,21950.4122148625
168,2017,22070.5137570835
168,2018,22938.5353715545
168,2019,22966.7405999124
168,2020,19091.3617184226
168,2021,18458.234999681
168,2022,18742.5873760369
168,2023,19043.7052869285
171,2005,15221.0138293364
171,2006,15657.4795729144
171,2007,16440.5837413089
171,2008,17113.3679835935
171,2009,16939.4407823485
171,2010,18062.1581117688
171,2011,18627.8104543865
171,2012,18832.2195541702
171,2013,19241.5059830671
171,2014,19183.172746126
171,2015,18357.0690632249
171,2016,17620.9272447823
171,2017,17724.4799591551
171,2018,17917.7492137276
171,2019,18018.6209165513
171,2020,17327.5157262925
171,2021,18075.7060063108
171,2022,18554.0461842977
171,2023,19018.2390697496
172,2005,23262.4075792816
172,2006,24877.2493922296
172,2007,26850.6645932771
172,2008,27658.4853446831
172,2009,25747.1976809995
172,2010,28056.2570212342
172,2011,29425.7593876084
172,2012,28825.9666865361
172,2013,29227.6601818437
172,2014,28200.8152571318
172,2015,28669.2061336796
172,2016,27802.1057201498
172,2017,28334.904184742
172,2018,27367.115094108
172,2019,26629.5529419501
172,2020,23877.0931404855
172,2021,26300.274261175
172,2022,27627.9634764636
172,2023,27104.9799978169
173,2005,18872.4353515664
173,2006,19623.6301498778
173,2007,20871.4825726383
173,2008,22321.6691344208
173,2009,23213.2549631487
173,2010,24960.666663225
173,2011,26184.1151409099
173,2012,27040.849131823
173,2013,28210.840212654
173,2014,29029.1041532938
173,2015,29035.6573446657
173,2016,29427.8652876993
173,2017,29859.1279426465
173,2018,29854.6188930912
173,2019,30108.0750507886
173,2020,27871.6004788618
173,2021,29441.4774869654
173,2022,30879.9288178994
173,2023,31019.3113912098
174,2005,52714.0823049772
174,2006,54622.9303551336
174,2007,57280.7299598713
174,2008,57461.9206566327
174,2009,52569.2654327146
174,2010,53987.2564250476
174,2011,55022.1130687921
174,2012,53927.0129132626
174,2013,53153.2133532111
174,2014,52680.7867819099
174,2015,52752.499791558
174,2016,53953.9610871074
174,2017,55605.6169109217
174,2018,56194.3932540795
174,2019,56890.1478130874
174,2020,55393.3687598386
174,2021,56790.3766177689
174,2022,57457.3994740169
174,2023,56505.8386553095
175,2005,60635.623249016
175,2006,62743.2325452255
175,2007,63082.2477235281
175,2008,62451.0723646427
175,2009,59027.7651060413
175,2010,59696.3545225151
175,2011,60230.3541870797
175,2012,60000.8903048055
175,2013,60583.4065171435
175,2014,61047.3337168943
175,2015,61893.246074364
175,2016,63299.3377675371
175,2017,64815.7307881872
175,2018,65694.7591370027
175,2019,66580.1881459319
175,2020,65204.5493472611
175,2021,69715.1809680931
175,2022,70233.6402556275
175,2023,71454.5209268281
176,2005,51289.2800442192
176,2006,53326.9769407143
176,2007,54941.6017632199
176,2008,55547.3107483969
176,2009,52600.2325215272
176,2010,54865.4305289008
176,2011,57992.3667587423
176,2012,58158.1379752479
176,2013,58223.6495262666
176,2014,59239.3401157716
176,2015,59699.3381277236
176,2016,60578.2870828309
176,2017,61991.497305328
176,2018,62495.4989424234
176,2019,62970.7160877929
176,2020,60342.6627168229
176,2021,62530.7653199241
176,2022,62931.968415318
176,2023,63154.6748740201
177,2005,58422.0134559296
177,2006,60391.5442701666
177,2007,62601.620613428
177,2008,63678.4032793663
177,2009,61029.7299109958
177,2010,61518.5539798177
177,2011,62318.1416200592
177,2012,61480.8125177766
177,2013,61281.2887907524
177,2014,62045.8564005806
177,2015,63081.3941468901
177,2016,64267.7363924503
177,2017,65666.0036343403
177,2018,66758.2640039803
177,2019,67847.8542922542
177,2020,64862.192212119
177,2021,68573.5648786446
177,2022,71324.0360613187
177,2023,70673.9689450138
178,2005,21568.9476594356
178,2006,22921.1975887696
178,2007,24484.0656663756
178,2008,25553.9058406534
178,2009,26204.410367111
178,2010,27112.1333797381
178,2011,28521.6612623568
178,2012,28952.9157305301
178,2013,29168.624211075
178,2014,30334.8786569618
178,2015,31700.3682364154
178,2016,32675.3052259954
178,2017,34354.5987616319
178,2018,36500.4114282584
178,2019,38181.6230334689
178,2020,37469.9480977794
178,2021,41059.5847829682
178,2022,43405.0215797441
178,2023,43624.5074099548
179,2005,48257.4650809502
179,2006,49223.2471984629
179,2007,50157.7837387059
179,2008,50068.2968999457
179,2009,48404.9657859803
179,2010,49130.4229296548
179,2011,50085.6829803671
179,2012,49935.6269136244
179,2013,50066.5304377975
179,2014,50326.5678638035
179,2015,50682.8953528609
179,2016,50984.0752953575
179,2017,51895.5662913102
179,2018,52560.9536197931
179,2019,53448.5548867191
179,2020,49311.3333947367
179,2021,52517.3354905857
179,2022,53691.6174864288
179,2023,54017.8741632485
180,2005,47804.7852569688
180,2006,48584.4359469012
180,2007,49472.985996223
180,2008,48963.023157871
180,2009,46348.7534175335
180,2010,47013.8824123254
180,2011,47178.9199001066
180,2012,47558.9936362037
180,2013,48091.8465962989
180,2014,49264.0553741224
180,2015,49961.687628766
180,2016,50537.3417528108
180,2017,51528.6046743424
180,2018,51937.0226977295
180,2019,52483.8125088392
180,2020,46907.7139264028
180,2021,50972.2445879987
180,2022,52836.0247301829
180,2023,52582.0612138594
181,2005,63771.5954977053
181,2006,65171.5035288689
181,2007,66676.4632500485
181,2008,62401.4050446356
181,2009,58623.1182256825
181,2010,59285.8082895976
181,2011,60001.0777417458
181,2012,59508.9967534594
181,2013,60494.1626974676
181,2014,65660.1826902822
181,2015,81053.3527369241
181,2016,81123.4055417881
181,2017,88309.3518073886
181,2018,93802.3882103535
181,2019,97192.1872016171
181,2020,103082.792429507
181,2021,118701.844040248
181,2022,125625.319755241
181,2023,115505.338456686
182,2005,43570.7652469524
182,2006,44572.681557218
182,2007,45301.2843487805
182,2008,44926.3489707736
182,2009,42852.2209054726
182,2010,42695.5274380958
182,2011,42271.8346744366
182,2012,41034.0481580659
182,2013,40581.1142138274
182,2014,41321.490912675
182,2015,43032.8773459563
182,2016,44249.9767660477
182,2017,45424.7885584595
182,2018,46309.6259209436
182,2019,46880.1637671287
182,2020,41547.9814040086
182,2021,44277.8225378494
182,2022,46675.9118515112
182,2023,47341.171810559
183,2005,35870.3093300277
183,2006,36387.536547066
183,2007,37226.4701899674
183,2008,37291.5047564821
183,2009,36092.8108523325
183,2010,36703.1140984477
183,2011,36127.294871961
183,2012,34804.6332540959
183,2013,34651.7718015271
183,2014,35097.4096978696
183,2015,35803.3575227213
183,2016,36636.2977279924
183,2017,37943.1151875438
183,2018,39123.6148825077
183,2019,40188.2867799172
183,2020,36852.2284536969
183,2021,38657.6677223427
183,2022,41070.8613689035
183,2023,41535.8364332382
184,2005,51761.1263478449
184,2006,52534.4225925538
184,2007,53034.1646874676
184,2008,52144.9606492416
184,2009,49154.1264004417
184,2010,49752.4751293253
184,2011,50012.4007754919
184,2012,48318.9785676802
184,2013,46893.7479807668
184,2014,46464.8189164575
184,2015,46921.5421644172
184,2016,47582.3624040311
184,2017,48417.9460569969
184,2018,48911.0652724025
184,2019,49690.6298634733
184,2020,45505.0688884382
184,2021,49825.3934111854
184,2022,52253.7379029486
184,2023,52636.287147538504
186,2005,16326.7578438699
186,2006,17703.3572496389
186,2007,18882.8852197702
186,2008,20210.8480750735
186,2009,18998.8080662689
186,2010,19482.5658169667
186,2011,20090.4364738563
186,2012,19526.7768275133
186,2013,20200.0534118304
186,2014,20540.4230755525
186,2015,21224.9089663384
186,2016,21845.8347655435
186,2017,22873.6130290096
186,2018,24040.7492892579
186,2019,25025.5153430775
186,2020,21219.5162026034
186,2021,24068.4332719795
186,2022,25693.3251666824
186,2023,27367.6273206151
187,2005,27643.2231429858
187,2006,29041.0719309543
187,2007,30513.9899965922
187,2008,31118.381856082
187,2009,29028.4608199486
187,2010,28706.2355477586
187,2011,28777.3613938068
187,2012,28262.5185544905
187,2013,28403.3756660773
187,2014,28462.4233973818
187,2015,29473.5060870294
187,2016,30826.6944156765
187,2017,32353.7976261926
187,2018,33732.8820365545
187,2019,35125.5780156862
187,2020,32495.5592764521
187,2021,36932.6680272861
187,2022,39864.1618181211
187,2023,41137.5357630247
188,2005,35567.3044432774
188,2006,37548.8843826595
188,2007,40005.2471150627
188,2008,41288.9728893449
188,2009,37811.5784460832
188,2010,38065.7358269372
188,2011,38235.72319498661
188,2012,37043.0647295409
188,2013,36688.0832341172
188,2014,37664.6510760809
188,2015,38537.095252366
188,2016,39677.416855346
188,2017,41703.3045867771
188,2018,43371.980893317
188,2019,44580.7769847249
188,2020,42474.2252011013
188,2021,45914.0572392406
188,2022,47064.1512498345
188,2023,47868.3858574849
189,2005,23944.7019171625
189,2006,26129.3388315934
189,2007,29370.7744349136
189,2008,30445.7808153259
189,2009,26217.5450946172
189,2010,26887.4913325572
189,2011,29240.7490204857
189,2012,30934.4672513638
189,2013,32513.7407383431
189,2014,34031.6944660525
189,2015,35326.5245070052
189,2016,36734.2479789679
189,2017,38969.649898461
189,2018,41278.3220079412
189,2019,43323.5820069139
189,2020,43330.530842012
189,2021,45997.037554115
189,2022,46651.2142483326
189,2023,46159.7077686555
190,2005,107784.523488672
190,2006,115383.744094709
190,2007,109579.786491615
190,2008,109206.404907828
190,2009,108435.853597302
190,2010,129045.005599274
190,2011,145591.019357454
190,2012,143830.710934692
190,2013,136453.997385898
190,2014,128013.987046141
190,2015,123070.887871998
190,2016,120054.408732063
190,2017,115064.943658583
190,2018,114909.945480863
190,2019,113160.973780742
190,2020,103061.913413722
190,2021,116832.570290462
190,2022,114740.123614647
190,2023,116159.142559471
191,2005,13056.2499373752
191,2006,13416.8415056781
191,2007,14275.7487984834
191,2008,14138.8010468136
191,2009,14104.9783035628
191,2010,14737.1558480906
191,2011,14941.2594887409
191,2012,14202.5507641889
191,2013,13804.7912969754
191,2014,14299.5717729808
191,2015,13905.1921172487
191,2016,14915.5941209299
191,2017,15108.1094121896
191,2018,14642.4975713628
191,2019,14040.6646532072
191,2020,14397.1535705748
191,2021,14951.8948716503
191,2022,15331.3329400419
191,2023,15912.0299184195
192,2005,10078.4437646814
192,2006,10568.9137652953
192,2007,10853.8161022286
192,2008,11511.9387643638
192,2009,11470.5178061728
192,2010,11816.8410150233
192,2011,12267.5848940645
192,2012,13357.0143882323
192,2013,13712.931714296
192,2014,13536.8227681399
192,2015,13516.0271989173
192,2016,15016.0920644557
192,2017,14417.6306896454
192,2018,14456.2357053191
192,2019,14910.2250318827
192,2020,12827.6345392293
192,2021,12731.7535755128
192,2022,13393.6749428104
192,2023,12711.0616746745
193,2005,2003.56041860214
193,2006,2007.98009416999
193,2007,2008.73610505074
193,2008,2047.32046256033
193,2009,2044.77714586649
193,2010,2104.29096417956
193,2011,2215.40327811841
193,2012,2120.3095474153
193,2013,2131.83056906049
193,2014,2096.57897338078
193,2015,2168.71638085253
193,2016,2227.15682963874
193,2017,2277.6428917182
193,2018,2307.86960988369
193,2019,2379.60416810935
193,2020,2360.53127915685
193,2021,2450.97796398284
193,2022,2507.0147245235
193,2023,2578.80453427114
194,2005,2501.22160456279
194,2006,2478.61319510726
194,2007,2587.0048887648
194,2008,2629.5397474637
194,2009,2537.30645758746
194,2010,2594.83050344245
194,2011,2673.40873029955
194,2012,2762.90350938513
194,2013,2802.56007024474
194,2014,2834.96634347846
194,2015,2869.85157178732
194,2016,3099.78874189372
194,2017,3332.76576150531
194,2018,3455.64512638662
194,2019,3557.46233883145
194,2020,3630.99330577677
194,2021,3738.8051255133
194,2022,3792.01068836277
194,2023,3949.34013510824
195,2005,4032.24588029846
195,2006,4049.26032962496
195,2007,3999.69095682208
195,2008,4096.72346918931
195,2009,4151.05360874982
195,2010,4338.65248394142
195,2011,4017.40782040208
195,2012,4234.18055593319
195,2013,4597.18635239866
195,2014,4907.57450294516
195,2015,5110.86240809881
195,2016,5320.84646239855
195,2017,5556.11366322898
195,2018,5670.20005356688
195,2019,5894.87874674153
195,2020,5787.81533309018
195,2021,6045.20480490879
195,2022,6261.53314478398
195,2023,6485.31584901747
196,2005,4372.97561105085
196,2006,4511.63952365517
196,2007,4677.54184720889
196,2008,4856.81280081835
196,2009,5102.91640379355
196,2010,5359.51848370873
196,2011,5488.00481519556
196,2012,5563.64167560671
196,2013,5775.86634650721
196,2014,5980.191816483
196,2015,5985.09435248731
196,2016,5744.55787877157
196,2017,5651.73413165037
196,2018,5628.74079442015
196,2019,5628.17765244652
196,2020,5410.69355517726
196,2021,5491.70034068297
196,2022,5552.83764994957
196,2023,5593.05661448231
197,2005,4199.72270969362
197,2006,4241.51744722821
197,2007,4302.6192630847
197,2008,4300.26640352464
197,2009,4286.57718166156
197,2010,4286.58302947378
197,2011,4307.85195558527
197,2012,4382.11120797355
197,2013,4473.57231896434
197,2014,4588.4864949903
197,2015,4698.66677843587
197,2016,4767.13186148953
197,2017,4797.97544185544
197,2018,4851.48003949961
197,2019,4882.35560028896
197,2020,4763.48194388066
197,2021,4793.55628200196
197,2022,4843.65038202917
197,2023,4870.57076514365
198,2005,20385.2899909189
198,2006,19224.1268658447
198,2007,19751.8762215872
198,2008,18493.0921102841
198,2009,17911.1458491175
198,2010,18530.5760935555
198,2011,19153.0878201005
198,2012,19450.4027066851
198,2013,19836.4554851473
198,2014,20008.9899778779
198,2015,20147.7116201858
198,2016,19988.1755963249
198,2017,19555.7078829222
198,2018,19225.5982574739
198,2019,19491.4067631457
198,2020,18681.4840738605
198,2021,18523.5798032193
198,2022,18662.0497970114
198,2023,18702.6905177984
199,2005,918.534842356332
199,2006,938.04116408319
199,2007,967.054152909544
199,2008,996.744118078631
199,2009,993.997785686778
199,2010,1031.25015320943
199,2011,1066.57951450382
199,2012,1104.66400652934
199,2013,1158.28192977491
199,2014,1225.70218711959
199,2015,1267.90548678227
199,2016,1253.15815656727
199,2017,1253.18734939772
199,2018,1282.48227896626
199,2019,1296.94757256244
199,2020,1277.63286345756
199,2021,1313.6182182908601
199,2022,1385.46472380959
199,2023,1455.8356229714
200,2005,7845.89015271542
200,2006,8435.4550466421
200,2007,9263.98070293341
200,2008,9916.90935059131
200,2009,9629.09194801829
200,2010,9672.83922433216
200,2011,9627.02059776978
200,2012,10051.3399118452
200,2013,10150.9160957693
200,2014,10250.5924040333
200,2015,9980.92988185425
200,2016,9381.80972573042
200,2017,9042.11712940232
200,2018,8620.21466424389
200,2019,8274.54256174643
200,2020,7556.96792771976
200,2021,7408.12659121059
200,2022,7397.48642731105
200,2023,7244.89305295156
202,2005,2253.09326171875
202,2006,2334.1044921875
202,2007,2423.61596679688
202,2008,2493.25927734375
202,2009,2560.81103515625
202,2010,2654.80346679688
202,2011,2779.70776367188
202,2012,2822.4853515625
202,2013,2924.86328125
202,2014,3027.56909179688
202,2015,3111.44458007813
202,2016,3214.24682617188
202,2017,3319.37670898438
202,2018,3392.68872070313
202,2019,3484.63256835938
202,2020,3449.82153320313
202,2021,3493.0830078125
202,2022,3546.98095703125
202,2023,3620.79345703125
203,2005,3881.9661798273
203,2006,4129.77837009239
203,2007,4379.69604361151
203,2008,4450.39022919238
203,2009,4731.36160463896
203,2010,5059.2827108398
203,2011,5249.54925694026
203,2012,5460.43768570052
203,2013,5732.24189090876
203,2014,6079.84393523695
203,2015,6488.14602910787
203,2016,6940.62588857522
203,2017,7326.60693679859
203,2018,7714.33974724531
203,2019,7930.0911303899
203,2020,7399.53068079041
203,2021,8050.01857452664
203,2022,8544.68888383182
203,2023,9160.06365370888
204,2005,3231.61370692891
204,2006,3407.4273502159
204,2007,3608.91543819399
204,2008,3787.9382761855
204,2009,3942.13631207203
204,2010,4125.46390163202
204,2011,4352.42643359325
204,2012,4592.04840919812
204,2013,4822.72621378266
204,2014,5068.63965672741
204,2015,5352.71133299566
204,2016,5682.53553494306
204,2017,6005.70718781048
204,2018,6392.59334024091
204,2019,6838.32611608243
204,2020,7015.19792797056
204,2021,7441.06913961254
204,2022,7888.16389098304
204,2023,8242.39798977242
205,2005,2377.9025816296
205,2006,2669.32700379981
205,2007,2968.3033151234
205,2008,3254.73897888079
205,2009,3578.17424704491
205,2010,3893.79030665848
205,2011,4078.61220919938
205,2012,4340.99945069145
205,2013,4666.9537614136
205,2014,5006.50667149837
205,2015,5313.88615901501
205,2016,5580.98977273194
205,2017,5877.87465558136
205,2018,6201.26341429761
205,2019,6562.98898478581
205,2020,5926.83450206641
205,2021,5178.44718217164
205,2022,5350.4766689956
205,2023,5364.13797034407
206,2005,20767.5857243346
206,2006,21444.4857715028
206,2007,22305.118263117
206,2008,22898.0027575442
206,2009,22106.6417311801
206,2010,23307.9698543785
206,2011,24115.8181203958
206,2012,25006.3587781537
206,2013,25736.3525554142
206,2014,26818.4317281659
206,2015,27699.6278860387
206,2016,28425.3707609412
206,2017,29551.5457597197
206,2018,30459.9655338061
206,2019,31300.5086554849
206,2020,29200.452632127
206,2021,29822.8491831618
206,2022,32079.1515157489
206,2023,32812.2997525336
207,2005,5776.36304451268
207,2006,6098.24495436514
207,2007,6418.54381402878
207,2008,6659.13561432065
207,2009,6914.33863589545
207,2010,7274.73310698016
207,2011,7652.61895672271
207,2012,7979.86828926858
207,2013,8324.19871250047
207,2014,8751.88280634375
207,2015,9248.02396069622
207,2016,9743.1882231455
207,2017,10290.5487142244
207,2018,10936.8937859558
207,2019,11628.6139147451
207,2020,11851.3965685649
207,2021,12048.9019935536
207,2022,12930.2562185687
207,2023,13491.879417397
208,2005,81487.7295599192
208,2006,86090.4362678176
208,2007,90027.3400989592
208,2008,86952.4628748601
208,2009,84477.1245525634
208,2010,95043.9638819189
208,2011,98867.9452829021
208,2012,100750.847964939
208,2013,103908.358532594
208,2014,106604.492771282
208,2015,108483.21006419
208,2016,110927.693046369
208,2017,115831.111509588
208,2018,119343.145527918
208,2019,119572.277084107
208,2020,115304.149458638
208,2021,131864.092335522
208,2022,132468.930252646
208,2023,127543.55475211
209,2005,6411.506268563855
209,2006,7172.830950802539
209,2007,8130.244607999116
209,2008,8845.620181711638
209,2009,9592.159779893156
209,2010,10556.48075343408
209,2011,11493.926275541104
209,2012,12295.643060968538
209,2013,13150.237498716295
209,2014,14015.869933217735
209,2015,14879.602825121208
209,2016,15788.11437206985
209,2017,16774.151267445122
209,2018,17808.773789164505
209,2019,18768.725912910857
209,2020,19077.555500653692
209,2021,20669.908069011246
209,2022,21252.805179226616
209,2023,22402.04221780437
210,2005,41084.5620630809
210,2006,41622.0003874483
210,2007,42191.1489132898
210,2008,41654.4311104211
210,2009,39287.8544592545
210,2010,40890.4936735911
210,2011,40976.0577687849
210,2012,41605.7723578966
210,2013,42501.2829637667
210,2014,42683.7754496421
210,2015,43395.9393536881
210,2016,43745.4341166357
210,2017,44514.7464836783
210,2018,44858.0301736984
210,2019,44740.4255043033
210,2020,43011.3379536038
210,2021,44315.4979912492
210,2022,44937.608867666
210,2023,45915.353682577
212,2005,2183.78062718628
212,2006,2264.16062462478
212,2007,2286.44591209527
212,2008,2172.35698471537
212,2009,2137.96495199015
212,2010,2119.63942896482
212,2011,2150.38262535111
212,2012,2242.01298424654
212,2013,2382.36928757409
212,2014,2381.34749428723
212,2015,2615.84063247768
212,2016,2761.93280330051
212,2017,2822.66878526129
212,2018,2877.60116543267
212,2019,2927.48363377396
212,2020,2860.75095485266
212,2021,3049.47380127289
212,2022,3117.76025805862
212,2023,3195.87039847415
214,2005,10700.6090373232
214,2006,11211.8320229508
214,2007,11782.0060717966
214,2008,12391.5847624705
214,2009,12728.0814586737
214,2010,13128.9878334085
214,2011,13082.4263680701
214,2012,13076.8052395914
214,2013,13058.0748239258
214,2014,13136.365629827
214,2015,13425.9119599775
214,2016,13727.3201600494
214,2017,14018.360593453
214,2018,14488.2094340483
214,2019,15026.5682438097
214,2020,15309.2359881702
214,2021,15579.0160861551
214,2022,16360.3907750364
214,2023,16691.1332373374
215,2005,9839.68850913446
215,2006,9977.75919497734
215,2007,10161.4022840707
215,2008,10641.5895979974
215,2009,10938.5029017232
215,2010,10953.5378091936
215,2011,10977.4822229714
215,2012,11086.0301240431
215,2013,10799.353989331
215,2014,10148.9982632195
215,2015,9581.6893809446
215,2016,9321.9046623721
215,2017,9339.81054860678
215,2018,9311.53131354454
215,2019,9288.5272415511
215,2020,9022.63944977504
215,2021,9182.49616125602
215,2022,9266.57547415865
215,2023,9362.58776056423
216,2005,7140.8545640704
216,2006,7434.48785352221
216,2007,7802.46406905954
216,2008,8165.06155116624
216,2009,8435.4557468629
216,2010,8848.22473702066
216,2011,9274.96955181702
216,2012,9708.61182531081
216,2013,10121.8141535043
216,2014,10504.3869411088
216,2015,10893.6621142169
216,2016,11319.6634287738
216,2017,11772.5743296107
216,2018,12262.2310300771
216,2019,12757.7850854842
216,2020,12388.5449268131
216,2021,12757.0746440204
216,2022,13334.293520304
216,2023,13889.8828825663
218,2005,52298.192678437
218,2006,53136.4812073413
218,2007,53701.9303365541
218,2008,53651.8034598593
218,2009,51494.9536821882
218,2010,52499.8506560483
218,2011,53621.2879642754
218,2012,53974.5675251608
218,2013,54651.1873758517
218,2014,55661.3651246938
218,2015,55598.818909051
218,2016,55544.1672980214
218,2017,56549.2192664333
218,2018,57273.573246258
218,2019,57519.6534956693
218,2020,54032.5783238699
218,2021,56575.0175664858
218,2022,57681.4385853329
218,2023,56714.1999131081
220,2005,58294.275653696386
220,2006,57361.35952822841
220,2007,56428.44340276066
220,2008,55495.527277292684
220,2009,50980.9400838983
220,2010,52140.59965779
220,2011,53786.2462000327
220,2012,53357.003462797
220,2013,52801.4031054792
220,2014,52439.4736756048
220,2015,51375.6032503737
220,2016,50817.6814942681
220,2017,46088.3583839152
220,2018,42154.1020267504
220,2019,45996.7912346922
220,2020,39265.7616790568
220,2021,40507.0672411717
220,2022,43877.2491431337
220,2023,44894.6934642898
222,2005,53205.8786720232
222,2006,55381.3956879821
222,2007,56745.0382580316
222,2008,55784.9313468367
222,2009,52957.8847445447
222,2010,55527.9398145933
222,2011,56853.8371571333
222,2012,56200.902261909
222,2013,56360.7084199964
222,2014,57085.3853654573
222,2015,58975.9778926613
222,2016,59608.087457127
222,2017,59883.6677647245
222,2018,60318.4607271017
222,2019,61232.48485041
222,2020,59572.4747686329
222,2021,62731.7006162929
222,2022,63215.4363098276
222,2023,62721.8455255166
223,2005,84079.996231824
223,2006,85458.5466976444
223,2007,87043.4979227748
223,2008,86379.6624630143
223,2009,83642.0695815729
223,2010,83256.7880658041
223,2011,83092.4342098694
223,2012,84237.149569077
223,2013,84070.4583831275
223,2014,84830.2557858236
223,2015,85550.2942540042
223,2016,85787.6174299171
223,2017,87194.1115473045
223,2018,87338.4440954648
223,2019,87725.7283290365
223,2020,86096.0508876351
223,2021,88984.1386736517
223,2022,90838.9079553172
223,2023,90241.6304492935
224,2005,20927.5178289954
224,2006,21977.979056884
224,2007,22888.7162082252
224,2008,23519.8856016889
224,2009,23023.4724446477
224,2010,24127.1342478616
224,2011,25377.1708049646
224,2012,26681.9594386373
224,2013,27303.0867868966
224,2014,27516.8705266845
224,2015,27823.3271405007
224,2016,27970.7444523462
224,2017,27904.9823894821
224,2018,28504.9065695833
224,2019,28230.661999104
224,2020,26259.8426100998
224,2021,29107.3294950456
224,2022,29559.6561552202
224,2023,29464.8961488736
231,2005,3264.03002463395
231,2006,3039.03198404661
231,2007,3256.65517243221
231,2008,3530.97473716358
231,2009,3792.45773312172
231,2010,4047.35612942708
231,2011,4189.90962076349
231,2012,4298.02749468951
231,2013,4340.39217579786
231,2014,4445.47580433702
231,2015,4467.91719560318
231,2016,4515.54083207312
231,2017,4290.13955638627
231,2018,4188.95080273188
231,2019,5103.28342241868
231,2020,6595.0545932232
231,2021,6824.79238928702
231,2022,5344.13695159456
231,2023,4328.50782017194
232,2005,9811.87475831722
232,2006,10427.654318128
232,2007,11175.5158266808
232,2008,11980.5517224451
232,2009,11823.5233726032
232,2010,12139.6515759856
232,2011,12484.3477306617
232,2012,12623.5882765999
232,2013,13132.244689017
232,2014,13455.2947498542
232,2015,14220.5052185127
232,2016,14874.0749749059
232,2017,15555.1127746842
232,2018,16349.239980436
232,2019,17029.7942375326
232,2020,16747.5238832855
232,2021,18286.9087810368
232,2022,19298.3776071605
232,2023,19847.2700308914
244,2005,33651.6737837769
244,2006,33335.02439129
244,2007,33490.4235492756
244,2008,33795.30103954
244,2009,33397.5653184391
244,2010,33004.7202352652
244,2011,32704.520307818
244,2012,32321.0395469117
244,2013,31753.544205374
244,2014,31128.8038519933
244,2015,30861.4759368709
244,2016,30209.9401511272
244,2017,29729.2508428073
244,2018,29256.9628907193
244,2019,28659.8000348261
244,2020,23751.6172194161
244,2021,25163.9936597935
244,2022,27327.4171887821
244,2023,28886.6874923723
247,2005,99795.6851205821
247,2006,102248.510372603
247,2007,96752.6202630515
247,2008,91275.500140495293
247,2009,87875.8282313568
247,2010,88586.5131929201
247,2011,90279.6633402819
247,2012,89718.4636612666
247,2013,86606.6517156585
247,2014,83310.6150641982
247,2015,81910.1883952688
247,2016,78880.6229079102
247,2017,78966.8642961288
247,2018,78099.0507722008
247,2019,80228.159656274
247,2020,80280.8979480569
247,2021,78248.7971101454
247,2022,76357.8291017772
247,2023,76828.3998314969
250,2005,40608.8196948258
250,2006,40335.4176892185
250,2007,41272.27939244
250,2008,41710.4970441525
250,2009,36590.560109989
250,2010,35508.5945732562
250,2011,36435.5553328221
250,2012,35530.2600441558
250,2013,37255.3534520324
250,2014,36275.6809553371
250,2015,35682.3002526702
250,2016,36021.8308363445
250,2017,38558.0045581753
250,2018,39419.5553476692
250,2019,38435.4269132506
250,2020,28521.6888517757
250,2021,35696.3093722926
250,2022,38877.6744362842
250,2023,40516.8085633136
