report_title,published_date,sw_species,scientific_name,fao_species,fda_species,country,water_body,method,escapes_score,score,rec,species,rgn_id,rgn_name
Shrimp (Ecuador),03/01/2021,Whiteleg shrimp,Litopenaeus vannamei,NA,Whiteleg Shrimp,Ecuador,NA,Semi-intensive pond,4,4.02,Yellow,Whiteleg shrimp,137,Ecuador
Shrimp (Mexico),03/01/2021,Whiteleg shrimp,Litopenaeus vannamei,NA,Whiteleg Shrimp,Mexico,NA,Ponds,2,2.64,Red,Whiteleg shrimp,135,Mexico
"Perch, giant/barramundi (Vietnam)",03/01/2021,Giant perch,Lates calcarifer,Barramundi(=Giant seaperch),Giant Perch,Vietnam,NA,Marine net pen,4,6.15,Yellow,Barramundi(=Giant seaperch),207,Vietnam
"Crayfish, red swamp (US)",07/04/2022,Red swamp crayfish,Procambarus clarkii,Red swamp crawfish,Red Swamp Crayfish,United States,NA,Ponds,10,7.4,Green,Red swamp crawfish,163,United States
"Salmon, Atlantic (Atlantic Canada, Maine, US)",12/06/2021,Atlantic salmon,Salmo salar,Atlantic salmon,Atlantic Salmon,Canada,Northwest Atlantic Ocean,Marine net pen,3,3.53,Red,Atlantic salmon,218,Canada
"Salmon, Atlantic (British Columbia)",12/06/2021,Atlantic salmon,Salmo salar,Atlantic salmon,Atlantic Salmon,Canada,Northeast Pacific Ocean,Marine net pen,5,3.62,Red,Atlantic salmon,218,Canada
"Salmon, Atlantic (Norway)",12/06/2021,Atlantic salmon,Salmo salar,Atlantic salmon,Atlantic Salmon,Norway,Area 1: The Swedish Border to Jæren,Marine net pen,4,3.54,Yellow,Atlantic salmon,223,Norway
"Salmon, Atlantic (Scotland)",12/06/2021,Atlantic salmon,Salmo salar,Atlantic salmon,Atlantic Salmon,United Kingdom,Northeast Atlantic Ocean,Marine net pen,4,5.19,Yellow,Atlantic salmon,180,United Kingdom
"Salmon, Atlantic and coho (Chile)",12/06/2021,Atlantic salmon,Salmo salar,Atlantic salmon,Atlantic Salmon,Chile,Southeast Pacific Ocean,Marine net pen,4,3.53,Red,Atlantic salmon,224,Chile
Shrimp (India),10/04/2021,Whiteleg shrimp,Litopenaeus vannamei,NA,Whiteleg Shrimp,India,NA,Ponds,3,2.41,Red,Whiteleg shrimp,203,India
Shrimp (Bangladesh),12/06/2021,Giant freshwater prawn,Macrobrachium rosenbergii,Giant river prawn,Giant Freshwater Prawn,Bangladesh,NA,Ponds,4,5.28,Yellow,Giant river prawn,204,Bangladesh
Shrimp (Bangladesh),12/06/2021,Giant tiger prawn,Penaeus monodon,Giant tiger prawn,Giant Tiger Prawn,Bangladesh,NA,Ponds,4,4.98,Red,Giant tiger prawn,204,Bangladesh
Shrimp (Vietnam),01/09/2023,Giant tiger prawn,Penaeus monodon,Giant tiger prawn,Giant Tiger Prawn,Vietnam,NA,Extensive pond,4,3.84,Yellow,Giant tiger prawn,207,Vietnam
Shrimp (Vietnam),01/09/2023,Giant tiger prawn,Penaeus monodon,Giant tiger prawn,Giant Tiger Prawn,Vietnam,NA,Silvoculture,4,4.7,Yellow,Giant tiger prawn,207,Vietnam
Shrimp (Vietnam),01/09/2023,Whiteleg shrimp,Litopenaeus vannamei,NA,Whiteleg Shrimp,Vietnam,NA,Intensive pond,3,2.2,Red,Whiteleg shrimp,207,Vietnam
"Trout, rainbow (Chile) - marine net pens",12/05/2022,Rainbow trout,Oncorhynchus mykiss,Rainbow trout,Rainbow Trout,Chile,Southeast Pacific Ocean,Marine net pen,3,3.8,Red,Rainbow trout,224,Chile
"Drum, red (US)",03/06/2023,Red drum,Sciaenops ocellatus,Red drum,Red Drum,United States,NA,Ponds,8,6.68,Green,Red drum,163,United States
Shrimp (India),10/04/2021,Giant tiger prawn,Penaeus monodon,Giant tiger prawn,Giant Tiger Prawn,India,NA,Ponds,4,0,Red,Giant tiger prawn,203,India
"Shrimp, Whiteleg and Giant Tiger Prawn (Malaysia)",11/01/2021,Whiteleg shrimp,Litopenaeus vannamei,NA,Whiteleg Shrimp,Malaysia,NA,Ponds,4,3.9,Red,Whiteleg shrimp,206,Malaysia
"Shrimp, Whiteleg and Giant Tiger Prawn (Malaysia)",11/01/2021,Giant tiger prawn,Penaeus monodon,Giant tiger prawn,Giant Tiger Prawn,Malaysia,NA,Ponds,4,3.77,Red,Giant tiger prawn,206,Malaysia
"Eel (China, Japan, Taiwan, South Korea)",11/01/2021,American eel,Anguilla rostrata,American eel,American Eel,China,NA,Ponds,3,0.72,Red,American eel,209,China
"Eel (China, Japan, Taiwan, South Korea)",11/01/2021,European eel,Anguilla anguilla,European eel,European Eel,China,NA,Ponds,3,0.72,Red,European eel,209,China
"Eel (China, Japan, Taiwan, South Korea)",11/01/2021,Japanese eel,Anguilla japonica,Japanese eel,Japanese Eel,China,NA,Ponds,3,0.72,Red,Japanese eel,209,China
"Eel (China, Japan, Taiwan, South Korea)",11/01/2021,American eel,Anguilla rostrata,American eel,American Eel,Japan,NA,Ponds,3,1.25,Red,American eel,210,Japan
"Eel (China, Japan, Taiwan, South Korea)",11/01/2021,European eel,Anguilla anguilla,European eel,European Eel,Japan,NA,Ponds,3,1.25,Red,European eel,210,Japan
"Eel (China, Japan, Taiwan, South Korea)",11/01/2021,Japanese eel,Anguilla japonica,Japanese eel,Japanese Eel,Japan,NA,Ponds,3,1.25,Red,Japanese eel,210,Japan
"Eel (China, Japan, Taiwan, South Korea)",11/01/2021,American eel,Anguilla rostrata,American eel,American Eel,Taiwan,NA,Ponds,3,0.7,Red,American eel,14,Taiwan
"Eel (China, Japan, Taiwan, South Korea)",11/01/2021,European eel,Anguilla anguilla,European eel,European Eel,Taiwan,NA,Ponds,3,0.7,Red,European eel,14,Taiwan
"Eel (China, Japan, Taiwan, South Korea)",11/01/2021,Japanese eel,Anguilla japonica,Japanese eel,Japanese Eel,Taiwan,NA,Ponds,3,0.7,Red,Japanese eel,14,Taiwan
"Eel (China, Japan, Taiwan, South Korea)",11/01/2021,American eel,Anguilla rostrata,American eel,American Eel,South Korea,NA,Ponds,3,1.21,Red,American eel,20,South Korea
"Eel (China, Japan, Taiwan, South Korea)",11/01/2021,European eel,Anguilla anguilla,European eel,European Eel,South Korea,NA,Ponds,3,1.21,Red,European eel,20,South Korea
"Eel (China, Japan, Taiwan, South Korea)",11/01/2021,Japanese eel,Anguilla japonica,Japanese eel,Japanese Eel,South Korea,NA,Ponds,3,1.21,Red,Japanese eel,20,South Korea
"Salmon, Atlantic and coho (Chile)",12/06/2021,Atlantic salmon,Salmo salar,Atlantic salmon,Atlantic Salmon,Chile,Southeast Pacific Ocean,Marine net pen,4,4.1,Yellow,Atlantic salmon,224,Chile
"Salmon, Atlantic and coho (Chile)",12/06/2021,Coho salmon,Oncorhynchus kisutch,Coho(=Silver) salmon,Coho Salmon,Chile,Southeast Pacific Ocean,Marine net pen,1,3.99,Red,Coho(=Silver) salmon,224,Chile
"Salmon, Atlantic (Atlantic Canada, Maine, US)",12/06/2021,Atlantic salmon,Salmo salar,Atlantic salmon,Atlantic Salmon,Canada,Northwest Atlantic Ocean,Marine net pen,3,3.78,Red,Atlantic salmon,218,Canada
"Salmon, Atlantic (Atlantic Canada, Maine, US)",12/06/2021,Atlantic salmon,Salmo salar,Atlantic salmon,Atlantic Salmon,Canada,Northwest Atlantic Ocean,Marine net pen,4,4.96,Yellow,Atlantic salmon,218,Canada
"Salmon, Atlantic (Atlantic Canada, Maine, US)",12/06/2021,Atlantic salmon,Salmo salar,Atlantic salmon,Atlantic Salmon,United States,Northwest Atlantic Ocean,Marine net pen,4,5.04,Yellow,Atlantic salmon,163,United States
"Salmon, Atlantic (Norway)",12/06/2021,Atlantic salmon,Salmo salar,Atlantic salmon,Atlantic Salmon,Norway,Area 2: Ryfylket,Marine net pen,6,3.4,Red,Atlantic salmon,223,Norway
"Salmon, Atlantic (Norway)",12/06/2021,Atlantic salmon,Salmo salar,Atlantic salmon,Atlantic Salmon,Norway,Area 3: Karmøy to Sotra,Marine net pen,0,2.8,Red,Atlantic salmon,223,Norway
"Salmon, Atlantic (Norway)",12/06/2021,Atlantic salmon,Salmo salar,Atlantic salmon,Atlantic Salmon,Norway,Area 4: Nordhordland to Stadt,Marine net pen,1,2.94,Red,Atlantic salmon,223,Norway
"Salmon, Atlantic (Norway)",12/06/2021,Atlantic salmon,Salmo salar,Atlantic salmon,Atlantic Salmon,Norway,Area 5: Stadt to Hustadvika,Marine net pen,3,2.97,Red,Atlantic salmon,223,Norway
"Salmon, Atlantic (Norway)",12/06/2021,Atlantic salmon,Salmo salar,Atlantic salmon,Atlantic Salmon,Norway,Area 6: Nordmøre and Sør-Trøndelag,Marine net pen,4,3.94,Red,Atlantic salmon,223,Norway
"Salmon, Atlantic (Norway)",12/06/2021,Atlantic salmon,Salmo salar,Atlantic salmon,Atlantic Salmon,Norway,Area 7: Nord-Trøndelag and Bindal,Marine net pen,3,3.51,Red,Atlantic salmon,223,Norway
"Salmon, Atlantic (Norway)",12/06/2021,Atlantic salmon,Salmo salar,Atlantic salmon,Atlantic Salmon,Norway,Area 8: Helgeland to Bodø,Marine net pen,1,3.51,Red,Atlantic salmon,223,Norway
"Salmon, Atlantic (Norway)",12/06/2021,Atlantic salmon,Salmo salar,Atlantic salmon,Atlantic Salmon,Norway,Area 9: Vestfjorden and Vesterålen,Marine net pen,0,3.51,Red,Atlantic salmon,223,Norway
"Salmon, Atlantic (Norway)",12/06/2021,Atlantic salmon,Salmo salar,Atlantic salmon,Atlantic Salmon,Norway,Area 10: Andøya to Senja,Marine net pen,0,3.51,Red,Atlantic salmon,223,Norway
"Salmon, Atlantic (Norway)",12/06/2021,Atlantic salmon,Salmo salar,Atlantic salmon,Atlantic Salmon,Norway,Area 11: Kvaløya to Loppa,Marine net pen,0,3.8,Red,Atlantic salmon,223,Norway
"Salmon, Atlantic (Norway)",12/06/2021,Atlantic salmon,Salmo salar,Atlantic salmon,Atlantic Salmon,Norway,Area 12: West Finnmark,Marine net pen,5,4.51,Yellow,Atlantic salmon,223,Norway
"Salmon, Atlantic (Norway)",12/06/2021,Atlantic salmon,Salmo salar,Atlantic salmon,Atlantic Salmon,Norway,Area 13: East Finnmark,Marine net pen,4,4.65,Yellow,Atlantic salmon,223,Norway
"Salmon, Atlantic (Scotland)",12/06/2021,Atlantic salmon,Salmo salar,Atlantic salmon,Atlantic Salmon,United Kingdom,Northeast Atlantic Ocean,Marine net pen,0,1.73,Red,Atlantic salmon,180,United Kingdom
"Salmon, Atlantic (Scotland)",12/06/2021,Atlantic salmon,Salmo salar,Atlantic salmon,Atlantic Salmon,United Kingdom,Northeast Atlantic Ocean,Marine net pen,0,1.44,Red,Atlantic salmon,180,United Kingdom
"Salmon, Atlantic (Scotland)",12/06/2021,Atlantic salmon,Salmo salar,Atlantic salmon,Atlantic Salmon,United Kingdom,Northeast Atlantic Ocean,Marine net pen,3,3.47,Red,Atlantic salmon,180,United Kingdom
Salmon (Faroes),12/05/2022,Atlantic salmon,Salmo salar,Atlantic salmon,Atlantic Salmon,Faroe Islands,Northeast Atlantic Ocean,Marine net pen,5,4.23,Yellow,Atlantic salmon,141,Faeroe Islands
"Trout, rainbow (Chile) - marine net pens",12/05/2022,Rainbow trout,Oncorhynchus mykiss,Rainbow trout,Rainbow Trout,Chile,Southeast Pacific Ocean,Marine net pen,2,3.94,Red,Rainbow trout,224,Chile
Shrimp (Vietnam),01/09/2023,Giant tiger prawn,Penaeus monodon,Giant tiger prawn,Giant Tiger Prawn,Vietnam,NA,Intensive pond,4,1.42,Red,Giant tiger prawn,207,Vietnam
Shrimp (Vietnam),01/09/2023,Giant tiger prawn,Penaeus monodon,Giant tiger prawn,Giant Tiger Prawn,Vietnam,NA,Paddy (field),4,4.98,Yellow,Giant tiger prawn,207,Vietnam
Shrimp (Vietnam),01/09/2023,Whiteleg shrimp,Litopenaeus vannamei,NA,Whiteleg Shrimp,Vietnam,NA,Paddy (field),3,5.53,Yellow,Whiteleg shrimp,207,Vietnam
Tilapia (Colombia),03/06/2023,Hybrid red tilapia,Oreochromis mossambicus x Oreochromis niloticus,Hybrid red tilapia,NA,Colombia,NA,Ponds,5,3.37,Yellow,Hybrid red tilapia,132,Colombia
Tilapia (Colombia),03/06/2023,Nile tilapia,Oreochromis niloticus,Nile tilapia,Nile Tilapia,Colombia,NA,Ponds,5,3.37,Yellow,Nile tilapia,132,Colombia
Cobia (Panama),03/07/2022,Cobia,Rachycentron canadum,Cobia,Cobia,Panama,Western Central Atlantic Ocean,Marine net pen,4,5.29,Yellow,Cobia,129,Panama
"Catfish, channel (China)",01/09/2017,Channel catfish,Ictalurus punctatus,Channel catfish,Channel Catfish,China,NA,Ponds,2,2.43,Red,Channel catfish,209,China
"Trout, rainbow, US (Ponds, Raceways)",02/06/2017,Rainbow trout,Oncorhynchus mykiss,Rainbow trout,Rainbow Trout,United States,NA,Ponds,7,6.72,Green,Rainbow trout,163,United States
"Trout, rainbow, US (Ponds, Raceways)",02/06/2017,Rainbow trout,Oncorhynchus mykiss,Rainbow trout,Rainbow Trout,United States,NA,Outdoor flowthrough raceway,7,6.72,Green,Rainbow trout,163,United States
Shrimp (Indonesia),02/01/2016,Whiteleg shrimp,Litopenaeus vannamei,NA,Whiteleg Shrimp,Indonesia,NA,Ponds,4,3.39,Red,Whiteleg shrimp,216,Indonesia
Shrimp (Indonesia),02/01/2016,Giant tiger prawn,Penaeus monodon,Giant tiger prawn,Giant Tiger Prawn,Indonesia,NA,Ponds,5,3.12,Red,Giant tiger prawn,216,Indonesia
Shrimp (China),03/01/2016,Whiteleg shrimp,Litopenaeus vannamei,NA,Whiteleg Shrimp,China,NA,Ponds,3,2.57,Red,Whiteleg shrimp,209,China
Shrimp (Honduras),08/31/2015,Whiteleg shrimp,Litopenaeus vannamei,NA,Whiteleg Shrimp,Honduras,NA,Ponds,4,4.97,Yellow,Whiteleg shrimp,133,Honduras
"Crayfish, red swamp (China)",09/12/2013,Red swamp crayfish,Procambarus clarkii,Red swamp crawfish,Red Swamp Crayfish,China,NA,Ponds,0,4.48,Red,Red swamp crawfish,209,China
Tilapia (Ecuador),03/11/2013,Nile tilapia,Oreochromis niloticus,Nile tilapia,Nile Tilapia,Ecuador,NA,Ponds,6,6.93,Green,Nile tilapia,137,Ecuador
"Catfish, sutchi/pangasius (Vietnam)",06/07/2021,Sutchi catfish,Pangasianodon hypophthalmus,Striped catfish,Sutchi Catfish,Vietnam,NA,Ponds,5,4.31,Red,Striped catfish,207,Vietnam
Shrimp (Myanmar),04/02/2018,Giant tiger prawn,Penaeus monodon,Giant tiger prawn,Giant Tiger Prawn,Myanmar,NA,Ponds,10,7.73,Yellow,Giant tiger prawn,205,Myanmar
Sablefish (British Columbia),06/01/2020,Sablefish,Anoplopoma fimbria,Sablefish,Sablefish,Canada,Northeast Pacific Ocean,Marine net pen,6,6.79,Green,Sablefish,218,Canada
"Catfish, channel (US)",03/07/2022,Channel catfish,Ictalurus punctatus,Channel catfish,Channel Catfish,United States,NA,Ponds,8,7.62,Green,Channel catfish,163,United States
Tilapia (Peru),12/07/2015,Blue tilapia,Oreochromis aureus,Blue tilapia,Blue Tilapia,Peru,NA,Raceways,10,6.9,Green,Blue tilapia,138,Peru
"Tuna, bluefin (Australia)",04/05/2021,Southern bluefin tuna,Thunnus maccoyii,Southern bluefin tuna,Southern Bluefin Tuna,Australia,NA,Marine net pen,10,5.04,Red,Southern bluefin tuna,16,Australia
"Tuna, bluefin (Japan)",04/05/2021,Pacific bluefin tuna,Thunnus orientalis,Pacific bluefin tuna,Pacific Bluefin Tuna,Japan,NA,Marine net pen,10,2.3,Red,Pacific bluefin tuna,210,Japan
"Tuna, bluefin (Mexico)",04/05/2021,Pacific bluefin tuna,Thunnus orientalis,Pacific bluefin tuna,Pacific Bluefin Tuna,Mexico,NA,Marine net pen,10,2.87,Red,Pacific bluefin tuna,135,Mexico
"Clam, Pacific geoduck (Washington and BC)",12/05/2016,Pacific geoduck,Panopea generosa,Pacific geoduck,Pacific Geoduck,United States,Northeast Pacific Ocean,Bottom culture,5,6.29,Yellow,Pacific geoduck,163,United States
"Clam, Pacific geoduck (Washington and BC)",12/05/2016,Pacific geoduck,Panopea generosa,Pacific geoduck,Pacific Geoduck,Canada,Northeast Pacific Ocean,Bottom culture,5,6.34,Yellow,Pacific geoduck,218,Canada
Yellowtail (Japan),06/07/2021,Greater amberjack,Seriola dumerili,Greater amberjack,Greater Amberjack,Japan,Northwest Pacific Ocean,Marine net pen,10,1.12,Red,Greater amberjack,210,Japan
Yellowtail (Japan),06/07/2021,Buri amberjack,Seriola quinqueradiata,Japanese amberjack,Buri,Japan,Northwest Pacific Ocean,Marine net pen,10,1.12,Red,Japanese amberjack,210,Japan
Yellowtail (Japan),06/07/2021,Yellowtail amberjack,Seriola lalandi,Yellowtail amberjack,Yellowtail,Japan,Northwest Pacific Ocean,Marine net pen,10,1.12,Red,Yellowtail amberjack,210,Japan
"Char, Arctic (US, Canada, Iceland)",01/12/2015,Arctic char,Salvelinus alpinus,Arctic char,Arctic Char,United States,NA,Raceways,6,6.72,Green,Arctic char,163,United States
"Char, Arctic (US, Canada, Iceland)",01/12/2015,Arctic char,Salvelinus alpinus,Arctic char,Arctic Char,Canada,NA,Raceways,6,6.72,Green,Arctic char,218,Canada
"Char, Arctic (US, Canada, Iceland)",01/12/2015,Arctic char,Salvelinus alpinus,Arctic char,Arctic Char,Iceland,NA,Raceways,5,6.78,Green,Arctic char,143,Iceland
Tilapia (China),12/03/2018,Mozambique tilapia,Oreochromis mossambicus,Mozambique tilapia,Mozambique Tilapia,China,NA,Ponds,0,1.96,Red,Mozambique tilapia,209,China
Tilapia (China),12/03/2018,Nile tilapia,Oreochromis niloticus,Nile tilapia,Nile Tilapia,China,NA,Ponds,0,1.96,Red,Nile tilapia,209,China
Tilapia (China),12/03/2018,Hybrid tilapia,Oreochromis niloticus x Oreochromis aureus,NA,NA,China,NA,Ponds,0,1.96,Red,Hybrid tilapia,209,China
Shrimp (Nicaragua),12/03/2018,Whiteleg shrimp,Litopenaeus vannamei,NA,Whiteleg Shrimp,Nicaragua,NA,Ponds,3,2.19,Red,Whiteleg shrimp,131,Nicaragua
"Trout, rainbow (Canada)",01/14/2019,Rainbow trout,Oncorhynchus mykiss,Rainbow trout,Rainbow Trout,Canada,NA,Raceways,6,6.3,Yellow,Rainbow trout,218,Canada
"Trout, rainbow (Canada)",01/14/2019,Rainbow trout,Oncorhynchus mykiss,Rainbow trout,Rainbow Trout,Canada,NA,Tanks,6,6.3,Yellow,Rainbow trout,218,Canada
"Trout, rainbow (Columbia)",01/14/2019,Rainbow trout,Oncorhynchus mykiss,Rainbow trout,Rainbow Trout,Colombia,NA,Outdoor flowthrough raceway,7,4.62,Red,Rainbow trout,132,Colombia
"Salmon, Chinook (New Zealand)",01/13/2020,Chinook salmon,Oncorhynchus tshawytscha,Chinook(=Spring=King) salmon,Chinook Salmon,New Zealand,Southwest Pacific Ocean,Marine net pen,10,6.78,Green,Chinook(=Spring=King) salmon,162,New Zealand
Amberjack (Hawaii),01/13/2020,Almaco jack,Seriola rivoliana,Longfin yellowtail,Almaco Jack,United States,Eastern Central Pacific Ocean,Marine net pen,6,6.78,Yellow,Longfin yellowtail,163,United States
"Salmon, Chinook (British Columbia)",06/03/2019,Chinook salmon,Oncorhynchus tshawytscha,Chinook(=Spring=King) salmon,Chinook Salmon,Canada,Northeast Pacific Ocean,Marine net pen,7,6.52,Yellow,Chinook(=Spring=King) salmon,218,Canada
"Bass, striped (Mexico)",01/13/2020,Striped bass,Morone saxatilis,Striped bass,Striped Bass,Mexico,Eastern Central Pacific Ocean,Marine net pen,5,6.11,Yellow,Striped bass,135,Mexico
Tilapia (Ecuador),03/11/2013,Hybrid red tilapia,Oreochromis mossambicus x Oreochromis niloticus,Hybrid red tilapia,NA,Ecuador,NA,Ponds,6,6.93,Green,Hybrid red tilapia,137,Ecuador
Tilapia (Taiwan),02/06/2016,Mozambique tilapia,Oreochromis mossambicus,Mozambique tilapia,Mozambique Tilapia,Taiwan,NA,Ponds,4,4.12,Yellow,Mozambique tilapia,14,Taiwan
Tilapia (Taiwan),02/06/2016,Hybrid red tilapia,Oreochromis mossambicus x Oreochromis niloticus,Hybrid red tilapia,NA,Taiwan,NA,Ponds,4,4.12,Yellow,Hybrid red tilapia,14,Taiwan
Tilapia (Taiwan),02/06/2016,Nile tilapia,Oreochromis niloticus,Nile tilapia,Nile Tilapia,Taiwan,NA,Ponds,4,4.12,Yellow,Nile tilapia,14,Taiwan
Tilapia (Taiwan),02/06/2016,Blue tilapia,Oreochromis aureus,Blue tilapia,Blue Tilapia,Taiwan,NA,Ponds,4,4.12,Yellow,Blue tilapia,14,Taiwan
Tilapia (Taiwan),02/06/2016,Wami tilapia,Oreochromis urolepis,Wami tilapia,NA,Taiwan,NA,Ponds,4,4.12,Yellow,Wami tilapia,14,Taiwan
Tilapia (Taiwan),02/06/2016,Sabaki tilapia,Oreochromis spilurus,Sabaki tilapia,NA,Taiwan,NA,Ponds,4,4.12,Yellow,Sabaki tilapia,14,Taiwan
"Bass, hybrid striped (United States)",01/13/2020,Sunshine bass,Morone chrysops x M. saxatilis,"Striped bass, hybrid",Sunshine Bass,United States,NA,Tanks,8,7.17,Green,"Striped bass, hybrid",163,United States
"Bass, hybrid striped (United States)",01/13/2020,Sunshine bass,Morone chrysops x M. saxatilis,"Striped bass, hybrid",Sunshine Bass,United States,NA,Ponds,8,6.9,Green,"Striped bass, hybrid",163,United States
Amberjack (Mexico),01/13/2020,Almaco jack,Seriola rivoliana,Longfin yellowtail,Almaco Jack,Mexico,Eastern Central Pacific Ocean,Marine net pen,7,5.73,Yellow,Longfin yellowtail,135,Mexico
Amberjack (Mexico),01/13/2020,Yellowtail amberjack,Seriola lalandi,Yellowtail amberjack,Yellowtail,Mexico,Eastern Central Pacific Ocean,Marine net pen,7,5.73,Yellow,Yellowtail amberjack,135,Mexico
Sturgeon (US),03/02/2020,White sturgeon,Acipenser transmontanus,White sturgeon,White Sturgeon,United States,NA,Tanks,10,7.49,Green,White sturgeon,163,United States
Sturgeon (US),03/02/2020,White sturgeon,Acipenser transmontanus,White sturgeon,White Sturgeon,United States,NA,Outdoor flowthrough raceway,10,7.49,Green,White sturgeon,163,United States
"Seabass, European, gilthead bream and meagre (Mediterranean)",07/06/2020,Gilthead bream,Sparus aurata,Gilthead seabream,Gilthead Bream,Turkey,NA,Marine net pen,2,4.11,Red,Gilthead seabream,76,Turkey
"Seabass, European, gilthead bream and meagre (Mediterranean)",07/06/2020,European sea bass,Dicentrarchus labrax,European seabass,European Sea Bass,Turkey,NA,Marine net pen,2,4.13,Red,European seabass,76,Turkey
"Seabass, European, gilthead bream and meagre (Mediterranean)",07/06/2020,Meagre,Argyrosomus regius,Meagre,Meagre,Turkey,NA,Marine net pen,2,3.97,Red,Meagre,76,Turkey
"Seabass, European, gilthead bream and meagre (Mediterranean)",07/06/2020,Meagre,Argyrosomus regius,Meagre,Meagre,Egypt,NA,Semi-intensive pond,5,0.51,Red,Meagre,214,Egypt
"Seabass, European, gilthead bream and meagre (Mediterranean)",07/06/2020,Meagre,Argyrosomus regius,Meagre,Meagre,Egypt,NA,Semi-extensive pond,5,0,Red,Meagre,214,Egypt
"Seabass, European, gilthead bream and meagre (Mediterranean)",07/06/2020,Gilthead bream,Sparus aurata,Gilthead seabream,Gilthead Bream,Egypt,NA,Semi-intensive pond,5,0.64,Red,Gilthead seabream,214,Egypt
"Seabass, European, gilthead bream and meagre (Mediterranean)",07/06/2020,European sea bass,Dicentrarchus labrax,European seabass,European Sea Bass,Egypt,NA,Semi-intensive pond,5,0.67,Red,European seabass,214,Egypt
Shrimp (Thailand),07/06/2020,Whiteleg shrimp,Litopenaeus vannamei,NA,Whiteleg Shrimp,Thailand,NA,Intensive pond,4,3.46,Yellow,Whiteleg shrimp,25,Thailand
All species (Global Recirculating Aquaculture Systems),03/02/2020,Atlantic sturgeon,Acipenser oxyrinchus,Atlantic sturgeon,Atlantic Sturgeon,United States,NA,Indoor recirculating tanks (without wastewater treatment),10,6.63,Yellow,Atlantic sturgeon,163,United States
All species (Global Recirculating Aquaculture Systems),03/02/2020,Siberian sturgeon,Acipenser baerii,Siberian sturgeon,Siberian Sturgeon,United States,NA,Indoor recirculating tanks (with wastewater treatment),10,6.91,Green,Siberian sturgeon,163,United States
All species (Global Recirculating Aquaculture Systems),03/02/2020,Stellate sturgeon,Acipenser stellatus,Starry sturgeon,Stellate Sturgeon,United States,NA,Indoor recirculating tanks (without wastewater treatment),10,6.63,Yellow,Starry sturgeon,163,United States
Shrimp (United States),09/06/2022,Whiteleg shrimp,Litopenaeus vannamei,NA,Whiteleg Shrimp,United States,NA,Ponds,5,7.01,Green,Whiteleg shrimp,163,United States
"Seabass, European, gilthead bream and meagre (Mediterranean)",07/06/2020,European sea bass,Dicentrarchus labrax,European seabass,European Sea Bass,Croatia,NA,Marine net pen,2,4.45,Red,European seabass,187,Croatia
"Seabass, European, gilthead bream and meagre (Mediterranean)",07/06/2020,European sea bass,Dicentrarchus labrax,European seabass,European Sea Bass,Cyprus,NA,Marine net pen,2,4.45,Red,European seabass,81,Cyprus
"Seabass, European, gilthead bream and meagre (Mediterranean)",07/06/2020,European sea bass,Dicentrarchus labrax,European seabass,European Sea Bass,France,NA,Marine net pen,2,4.45,Red,European seabass,179,France
"Seabass, European, gilthead bream and meagre (Mediterranean)",07/06/2020,European sea bass,Dicentrarchus labrax,European seabass,European Sea Bass,Greece,NA,Marine net pen,2,4.45,Red,European seabass,80,Greece
"Seabass, European, gilthead bream and meagre (Mediterranean)",07/06/2020,European sea bass,Dicentrarchus labrax,European seabass,European Sea Bass,Italy,NA,Marine net pen,2,4.45,Red,European seabass,184,Italy
"Seabass, European, gilthead bream and meagre (Mediterranean)",07/06/2020,European sea bass,Dicentrarchus labrax,European seabass,European Sea Bass,Malta,NA,Marine net pen,2,4.45,Red,European seabass,68,Malta
"Seabass, European, gilthead bream and meagre (Mediterranean)",07/06/2020,European sea bass,Dicentrarchus labrax,European seabass,European Sea Bass,Portugal,NA,Marine net pen,2,4.45,Red,European seabass,183,Portugal
"Seabass, European, gilthead bream and meagre (Mediterranean)",07/06/2020,European sea bass,Dicentrarchus labrax,European seabass,European Sea Bass,Slovenia,NA,Marine net pen,2,4.45,Red,European seabass,188,Slovenia
"Seabass, European, gilthead bream and meagre (Mediterranean)",07/06/2020,European sea bass,Dicentrarchus labrax,European seabass,European Sea Bass,Spain,NA,Marine net pen,2,4.45,Red,European seabass,182,Spain
"Seabass, European, gilthead bream and meagre (Mediterranean)",07/06/2020,Gilthead bream,Sparus aurata,Gilthead seabream,Gilthead Bream,Croatia,NA,Marine net pen,2,4.42,Red,Gilthead seabream,187,Croatia
"Seabass, European, gilthead bream and meagre (Mediterranean)",07/06/2020,Gilthead bream,Sparus aurata,Gilthead seabream,Gilthead Bream,Cyprus,NA,Marine net pen,2,4.42,Red,Gilthead seabream,81,Cyprus
"Seabass, European, gilthead bream and meagre (Mediterranean)",07/06/2020,Gilthead bream,Sparus aurata,Gilthead seabream,Gilthead Bream,France,NA,Marine net pen,2,4.42,Red,Gilthead seabream,179,France
"Seabass, European, gilthead bream and meagre (Mediterranean)",07/06/2020,Gilthead bream,Sparus aurata,Gilthead seabream,Gilthead Bream,Greece,NA,Marine net pen,2,4.42,Red,Gilthead seabream,80,Greece
"Seabass, European, gilthead bream and meagre (Mediterranean)",07/06/2020,Gilthead bream,Sparus aurata,Gilthead seabream,Gilthead Bream,Italy,NA,Marine net pen,2,4.42,Red,Gilthead seabream,184,Italy
"Seabass, European, gilthead bream and meagre (Mediterranean)",07/06/2020,Gilthead bream,Sparus aurata,Gilthead seabream,Gilthead Bream,Malta,NA,Marine net pen,2,4.42,Red,Gilthead seabream,68,Malta
"Seabass, European, gilthead bream and meagre (Mediterranean)",07/06/2020,Gilthead bream,Sparus aurata,Gilthead seabream,Gilthead Bream,Portugal,NA,Marine net pen,2,4.42,Red,Gilthead seabream,183,Portugal
"Seabass, European, gilthead bream and meagre (Mediterranean)",07/06/2020,Gilthead bream,Sparus aurata,Gilthead seabream,Gilthead Bream,Spain,NA,Marine net pen,2,4.42,Red,Gilthead seabream,182,Spain
"Seabass, European, gilthead bream and meagre (Mediterranean)",07/06/2020,Meagre,Argyrosomus regius,Meagre,Meagre,Croatia,NA,Marine net pen,2,4.29,Red,Meagre,187,Croatia
"Seabass, European, gilthead bream and meagre (Mediterranean)",07/06/2020,Meagre,Argyrosomus regius,Meagre,Meagre,Cyprus,NA,Marine net pen,2,4.29,Red,Meagre,81,Cyprus
"Seabass, European, gilthead bream and meagre (Mediterranean)",07/06/2020,Meagre,Argyrosomus regius,Meagre,Meagre,France,NA,Marine net pen,2,4.29,Red,Meagre,179,France
"Seabass, European, gilthead bream and meagre (Mediterranean)",07/06/2020,Meagre,Argyrosomus regius,Meagre,Meagre,Greece,NA,Marine net pen,2,4.29,Red,Meagre,80,Greece
"Seabass, European, gilthead bream and meagre (Mediterranean)",07/06/2020,Meagre,Argyrosomus regius,Meagre,Meagre,Italy,NA,Marine net pen,2,4.29,Red,Meagre,184,Italy
"Seabass, European, gilthead bream and meagre (Mediterranean)",07/06/2020,Meagre,Argyrosomus regius,Meagre,Meagre,Spain,NA,Marine net pen,2,4.29,Red,Meagre,182,Spain
Scallops (Global),03/01/2021,Scallops,Argopecten spp.,NA,NA,Worldwide,NA,Bottom culture,4,6.71,Green,Scallops,NA,NA
Scallops (Global),03/01/2021,Scallops,Argopecten spp.,NA,NA,Worldwide,NA,Off-bottom culture,4,6.71,Green,Scallops,NA,NA
Seaweed (Global),03/01/2021,Seaweed,"Porphyra spp. or Pyropia spp., Saccharina japonica, Undaria pinnatifida, Gracilaria spp., Saccharina latissima, Laminaria digitata, Alaria esculenta, Sargassum fusiforme, Eisenia bicyclis, Monostroma spp. and Ulva spp., Eucheuma denticulatum, Kappaphycus",NA,Seaweed,Worldwide,NA,Off-bottom culture,4,6.72,Green,Seaweed,NA,NA
Abalone (Global),08/01/2022,Abalone,Haliotis spp.,Abalones,NA,Worldwide,NA,Outdoor flowthrough tank | Indoor flowthrough tank | Off-bottom culture | Enclosed bottom culture,4,6.95,Green,Abalones,NA,NA
Abalone (Global),08/01/2022,Abalone,Haliotis spp.,Abalones,NA,Worldwide,NA,Open bottom culture,4,7.13,Green,Abalones,NA,NA
"Tuna, bluefin (Mediterranean)",04/05/2021,Atlantic bluefin tuna,Thunnus thynnus,Atlantic Bluefin tuna,Atlantic Bluefin Tuna,NA,Mediterranean Sea,Marine net pen,10,4.42,Red,Atlantic Bluefin tuna,NA,NA
All species (Global Recirculating Aquaculture Systems),03/02/2020,Almaco jack,Seriola rivoliana,Longfin yellowtail,Almaco Jack,Worldwide,NA,Indoor recirculating tanks (with wastewater treatment),10,6.91,Green,Longfin yellowtail,NA,NA
All species (Global Recirculating Aquaculture Systems),03/02/2020,Almaco jack,Seriola rivoliana,Longfin yellowtail,Almaco Jack,Worldwide,NA,Indoor recirculating tanks (without wastewater treatment),10,6.63,Yellow,Longfin yellowtail,NA,NA
All species (Global Recirculating Aquaculture Systems),03/02/2020,Buri amberjack,Seriola quinqueradiata,Japanese amberjack,Buri,Worldwide,NA,Indoor recirculating tanks (with wastewater treatment),10,6.91,Green,Japanese amberjack,NA,NA
All species (Global Recirculating Aquaculture Systems),03/02/2020,Buri amberjack,Seriola quinqueradiata,Japanese amberjack,Buri,Worldwide,NA,Indoor recirculating tanks (without wastewater treatment),10,6.63,Yellow,Japanese amberjack,NA,NA
All species (Global Recirculating Aquaculture Systems),03/02/2020,Greater amberjack,Seriola dumerili,Greater amberjack,Greater Amberjack,Worldwide,NA,Indoor recirculating tanks (with wastewater treatment),10,6.91,Green,Greater amberjack,NA,NA
All species (Global Recirculating Aquaculture Systems),03/02/2020,Greater amberjack,Seriola dumerili,Greater amberjack,Greater Amberjack,Worldwide,NA,Indoor recirculating tanks (without wastewater treatment),10,6.63,Yellow,Greater amberjack,NA,NA
All species (Global Recirculating Aquaculture Systems),03/02/2020,Yellowtail amberjack,Seriola lalandi,Yellowtail amberjack,Yellowtail,Worldwide,NA,Indoor recirculating tanks (with wastewater treatment),10,6.91,Green,Yellowtail amberjack,NA,NA
All species (Global Recirculating Aquaculture Systems),03/02/2020,Yellowtail amberjack,Seriola lalandi,Yellowtail amberjack,Yellowtail,Worldwide,NA,Indoor recirculating tanks (without wastewater treatment),10,6.63,Yellow,Yellowtail amberjack,NA,NA
All species (Global Recirculating Aquaculture Systems),03/02/2020,Arctic char,Salvelinus alpinus,Arctic char,Arctic Char,Worldwide,NA,Indoor recirculating tanks (with wastewater treatment),10,6.91,Green,Arctic char,NA,NA
All species (Global Recirculating Aquaculture Systems),03/02/2020,Arctic char,Salvelinus alpinus,Arctic char,Arctic Char,Worldwide,NA,Indoor recirculating tanks (without wastewater treatment),10,6.63,Yellow,Arctic char,NA,NA
All species (Global Recirculating Aquaculture Systems),03/02/2020,Striped bass,Morone saxatilis,Striped bass,Striped Bass,Worldwide,NA,Indoor recirculating tanks (with wastewater treatment),10,6.91,Green,Striped bass,NA,NA
All species (Global Recirculating Aquaculture Systems),03/02/2020,Striped bass,Morone saxatilis,Striped bass,Striped Bass,Worldwide,NA,Indoor recirculating tanks (without wastewater treatment),10,6.63,Yellow,Striped bass,NA,NA
All species (Global Recirculating Aquaculture Systems),03/02/2020,Sunshine bass,Morone chrysops x M. saxatilis,"Striped bass, hybrid",Sunshine Bass,Worldwide,NA,Indoor recirculating tanks (with wastewater treatment),10,6.91,Green,"Striped bass, hybrid",NA,NA
All species (Global Recirculating Aquaculture Systems),03/02/2020,Sunshine bass,Morone chrysops x M. saxatilis,"Striped bass, hybrid",Sunshine Bass,Worldwide,NA,Indoor recirculating tanks (without wastewater treatment),10,6.63,Yellow,"Striped bass, hybrid",NA,NA
All species (Global Recirculating Aquaculture Systems),03/02/2020,Gilthead bream,Sparus aurata,Gilthead seabream,Gilthead Bream,Worldwide,NA,Indoor recirculating tanks (with wastewater treatment),10,6.91,Green,Gilthead seabream,NA,NA
All species (Global Recirculating Aquaculture Systems),03/02/2020,Gilthead bream,Sparus aurata,Gilthead seabream,Gilthead Bream,Worldwide,NA,Indoor recirculating tanks (without wastewater treatment),10,6.63,Yellow,Gilthead seabream,NA,NA
All species (Global Recirculating Aquaculture Systems),03/02/2020,Channel catfish,Ictalurus punctatus,Channel catfish,Channel Catfish,Worldwide,NA,Indoor recirculating tanks (with wastewater treatment),10,6.91,Green,Channel catfish,NA,NA
All species (Global Recirculating Aquaculture Systems),03/02/2020,Channel catfish,Ictalurus punctatus,Channel catfish,Channel Catfish,Worldwide,NA,Indoor recirculating tanks (without wastewater treatment),10,6.63,Yellow,Channel catfish,NA,NA
All species (Global Recirculating Aquaculture Systems),03/02/2020,Wels catfish,Silurus glanis,Wels(=Som) catfish,Wels Catfish,Worldwide,NA,Indoor recirculating tanks (with wastewater treatment),10,6.91,Green,Wels(=Som) catfish,NA,NA
All species (Global Recirculating Aquaculture Systems),03/02/2020,Wels catfish,Silurus glanis,Wels(=Som) catfish,Wels Catfish,Worldwide,NA,Indoor recirculating tanks (without wastewater treatment),10,6.63,Yellow,Wels(=Som) catfish,NA,NA
All species (Global Recirculating Aquaculture Systems),03/02/2020,Sharptooth catfish,Clarias gariepinus,NorthAfrican catfish,Sharptooth Catfish,Worldwide,NA,Indoor recirculating tanks (with wastewater treatment),10,6.91,Green,NorthAfrican catfish,NA,NA
All species (Global Recirculating Aquaculture Systems),03/02/2020,Sharptooth catfish,Clarias gariepinus,NorthAfrican catfish,Sharptooth Catfish,Worldwide,NA,Indoor recirculating tanks (without wastewater treatment),10,6.63,Yellow,NorthAfrican catfish,NA,NA
All species (Global Recirculating Aquaculture Systems),03/02/2020,Cobia,Rachycentron canadum,Cobia,Cobia,Worldwide,NA,Indoor recirculating tanks (with wastewater treatment),10,6.91,Green,Cobia,NA,NA
All species (Global Recirculating Aquaculture Systems),03/02/2020,Cobia,Rachycentron canadum,Cobia,Cobia,Worldwide,NA,Indoor recirculating tanks (without wastewater treatment),10,6.63,Yellow,Cobia,NA,NA
All species (Global Recirculating Aquaculture Systems),03/02/2020,Atlantic cod,Gadus morhua,Atlantic cod,Atlantic Cod,Worldwide,NA,Indoor recirculating tanks (with wastewater treatment),10,6.91,Green,Atlantic cod,NA,NA
All species (Global Recirculating Aquaculture Systems),03/02/2020,Atlantic cod,Gadus morhua,Atlantic cod,Atlantic Cod,Worldwide,NA,Indoor recirculating tanks (without wastewater treatment),10,6.63,Yellow,Atlantic cod,NA,NA
All species (Global Recirculating Aquaculture Systems),03/02/2020,American eel,Anguilla rostrata,American eel,American Eel,Worldwide,NA,Indoor recirculating tanks (with wastewater treatment),10,5.48,Yellow,American eel,NA,NA
All species (Global Recirculating Aquaculture Systems),03/02/2020,American eel,Anguilla rostrata,American eel,American Eel,Worldwide,NA,Indoor recirculating tanks (without wastewater treatment),10,5.19,Yellow,American eel,NA,NA
All species (Global Recirculating Aquaculture Systems),03/02/2020,European eel,Anguilla anguilla,European eel,European Eel,Worldwide,NA,Indoor recirculating tanks (with wastewater treatment),10,5.48,Red,European eel,NA,NA
All species (Global Recirculating Aquaculture Systems),03/02/2020,European eel,Anguilla anguilla,European eel,European Eel,Worldwide,NA,Indoor recirculating tanks (without wastewater treatment),10,5.19,Red,European eel,NA,NA
All species (Global Recirculating Aquaculture Systems),03/02/2020,Japanese eel,Anguilla japonica,Japanese eel,Japanese Eel,Worldwide,NA,Indoor recirculating tanks (with wastewater treatment),10,5.48,Red,Japanese eel,NA,NA
All species (Global Recirculating Aquaculture Systems),03/02/2020,Japanese eel,Anguilla japonica,Japanese eel,Japanese Eel,Worldwide,NA,Indoor recirculating tanks (without wastewater treatment),10,5.19,Red,Japanese eel,NA,NA
All species (Global Recirculating Aquaculture Systems),03/02/2020,Atlantic halibut,Hippoglossus hippoglossus,Atlantic halibut,Atlantic Halibut,Worldwide,NA,Indoor recirculating tanks (with wastewater treatment),10,6.91,Green,Atlantic halibut,NA,NA
All species (Global Recirculating Aquaculture Systems),03/02/2020,Atlantic halibut,Hippoglossus hippoglossus,Atlantic halibut,Atlantic Halibut,Worldwide,NA,Indoor recirculating tanks (without wastewater treatment),10,6.63,Yellow,Atlantic halibut,NA,NA
All species (Global Recirculating Aquaculture Systems),03/02/2020,Meagre,Argyrosomus regius,Meagre,Meagre,Worldwide,NA,Indoor recirculating tanks (with wastewater treatment),10,6.91,Green,Meagre,NA,NA
All species (Global Recirculating Aquaculture Systems),03/02/2020,Meagre,Argyrosomus regius,Meagre,Meagre,Worldwide,NA,Indoor recirculating tanks (without wastewater treatment),10,6.63,Yellow,Meagre,NA,NA
All species (Global Recirculating Aquaculture Systems),03/02/2020,Giant perch,Lates calcarifer,Barramundi(=Giant seaperch),Giant Perch,Worldwide,NA,Indoor recirculating tanks (with wastewater treatment),10,6.91,Green,Barramundi(=Giant seaperch),NA,NA
All species (Global Recirculating Aquaculture Systems),03/02/2020,Giant perch,Lates calcarifer,Barramundi(=Giant seaperch),Giant Perch,Worldwide,NA,Indoor recirculating tanks (without wastewater treatment),10,6.63,Yellow,Barramundi(=Giant seaperch),NA,NA
All species (Global Recirculating Aquaculture Systems),03/02/2020,Yellow perch,Perca flavescens,American yellow perch,Yellow Perch,Worldwide,NA,Indoor recirculating tanks (with wastewater treatment),10,6.91,Green,American yellow perch,NA,NA
All species (Global Recirculating Aquaculture Systems),03/02/2020,Yellow perch,Perca flavescens,American yellow perch,Yellow Perch,Worldwide,NA,Indoor recirculating tanks (without wastewater treatment),10,6.63,Yellow,American yellow perch,NA,NA
All species (Global Recirculating Aquaculture Systems),03/02/2020,Florida pompano,Trachinotus carolinus,Florida pompano,Florida Pompano,Worldwide,NA,Indoor recirculating tanks (with wastewater treatment),10,6.91,Green,Florida pompano,NA,NA
All species (Global Recirculating Aquaculture Systems),03/02/2020,Florida pompano,Trachinotus carolinus,Florida pompano,Florida Pompano,Worldwide,NA,Indoor recirculating tanks (without wastewater treatment),10,6.63,Yellow,Florida pompano,NA,NA
All species (Global Recirculating Aquaculture Systems),03/02/2020,Snubnose pompano,Trachinotus blochii,Snubnose pompano,Snubnose Pompano,Worldwide,NA,Indoor recirculating tanks (with wastewater treatment),10,6.91,Green,Snubnose pompano,NA,NA
All species (Global Recirculating Aquaculture Systems),03/02/2020,Snubnose pompano,Trachinotus blochii,Snubnose pompano,Snubnose Pompano,Worldwide,NA,Indoor recirculating tanks (without wastewater treatment),10,6.63,Yellow,Snubnose pompano,NA,NA
All species (Global Recirculating Aquaculture Systems),03/02/2020,Atlantic salmon,Salmo salar,Atlantic salmon,Atlantic Salmon,Worldwide,NA,Indoor recirculating tanks (with wastewater treatment),10,6.91,Green,Atlantic salmon,NA,NA
All species (Global Recirculating Aquaculture Systems),03/02/2020,Atlantic salmon,Salmo salar,Atlantic salmon,Atlantic Salmon,Worldwide,NA,Indoor recirculating tanks (without wastewater treatment),10,6.63,Yellow,Atlantic salmon,NA,NA
All species (Global Recirculating Aquaculture Systems),03/02/2020,Chinook salmon,Oncorhynchus tshawytscha,Chinook(=Spring=King) salmon,Chinook Salmon,Worldwide,NA,Indoor recirculating tanks (with wastewater treatment),10,6.91,Green,Chinook(=Spring=King) salmon,NA,NA
All species (Global Recirculating Aquaculture Systems),03/02/2020,Chinook salmon,Oncorhynchus tshawytscha,Chinook(=Spring=King) salmon,Chinook Salmon,Worldwide,NA,Indoor recirculating tanks (without wastewater treatment),10,6.63,Yellow,Chinook(=Spring=King) salmon,NA,NA
All species (Global Recirculating Aquaculture Systems),03/02/2020,Coho salmon,Oncorhynchus kisutch,Coho(=Silver) salmon,Coho Salmon,Worldwide,NA,Indoor recirculating tanks (with wastewater treatment),10,6.91,Green,Coho(=Silver) salmon,NA,NA
All species (Global Recirculating Aquaculture Systems),03/02/2020,Coho salmon,Oncorhynchus kisutch,Coho(=Silver) salmon,Coho Salmon,Worldwide,NA,Indoor recirculating tanks (without wastewater treatment),10,6.63,Yellow,Coho(=Silver) salmon,NA,NA
All species (Global Recirculating Aquaculture Systems),03/02/2020,Sockeye salmon,Oncorhynchus nerka,Sockeye(=Red) salmon,Sockeye Salmon,Worldwide,NA,Indoor recirculating tanks (with wastewater treatment),10,6.91,Green,Sockeye(=Red) salmon,NA,NA
All species (Global Recirculating Aquaculture Systems),03/02/2020,Sockeye salmon,Oncorhynchus nerka,Sockeye(=Red) salmon,Sockeye Salmon,Worldwide,NA,Indoor recirculating tanks (without wastewater treatment),10,6.63,Yellow,Sockeye(=Red) salmon,NA,NA
All species (Global Recirculating Aquaculture Systems),03/02/2020,Black sea bass,Centropristis striata,Black seabass,Black Sea Bass,Worldwide,NA,Indoor recirculating tanks (with wastewater treatment),10,6.91,Green,Black seabass,NA,NA
All species (Global Recirculating Aquaculture Systems),03/02/2020,Black sea bass,Centropristis striata,Black seabass,Black Sea Bass,Worldwide,NA,Indoor recirculating tanks (without wastewater treatment),10,6.63,Yellow,Black seabass,NA,NA
All species (Global Recirculating Aquaculture Systems),03/02/2020,European sea bass,Dicentrarchus labrax,European seabass,European Sea Bass,Worldwide,NA,Indoor recirculating tanks (with wastewater treatment),10,6.91,Green,European seabass,NA,NA
All species (Global Recirculating Aquaculture Systems),03/02/2020,European sea bass,Dicentrarchus labrax,European seabass,European Sea Bass,Worldwide,NA,Indoor recirculating tanks (without wastewater treatment),10,6.63,Yellow,European seabass,NA,NA
All species (Global Recirculating Aquaculture Systems),03/02/2020,Giant freshwater prawn,Macrobrachium rosenbergii,Giant river prawn,Giant Freshwater Prawn,Worldwide,NA,Indoor recirculating tanks (with wastewater treatment),10,6.91,Green,Giant river prawn,NA,NA
All species (Global Recirculating Aquaculture Systems),03/02/2020,Giant tiger prawn,Penaeus monodon,Giant tiger prawn,Giant Tiger Prawn,Worldwide,NA,Indoor recirculating tanks (without wastewater treatment),10,6.63,Yellow,Giant tiger prawn,NA,NA
All species (Global Recirculating Aquaculture Systems),03/02/2020,Giant tiger prawn,Penaeus monodon,Giant tiger prawn,Giant Tiger Prawn,Worldwide,NA,Indoor recirculating tanks (with wastewater treatment),10,6.91,Green,Giant tiger prawn,NA,NA
All species (Global Recirculating Aquaculture Systems),03/02/2020,Giant freshwater prawn,Macrobrachium rosenbergii,Giant river prawn,Giant Freshwater Prawn,Worldwide,NA,Indoor recirculating tanks (without wastewater treatment),10,6.63,Yellow,Giant river prawn,NA,NA
All species (Global Recirculating Aquaculture Systems),03/02/2020,Whiteleg shrimp,Litopenaeus vannamei,NA,Whiteleg Shrimp,Worldwide,NA,Indoor recirculating tanks (with wastewater treatment),10,6.91,Green,Whiteleg shrimp,NA,NA
All species (Global Recirculating Aquaculture Systems),03/02/2020,Whiteleg shrimp,Litopenaeus vannamei,NA,Whiteleg Shrimp,Worldwide,NA,Indoor recirculating tanks (without wastewater treatment),10,6.63,Yellow,Whiteleg shrimp,NA,NA
All species (Global Recirculating Aquaculture Systems),03/02/2020,Butter sole,Isopsetta isolepis,Butter sole,Butter Sole,Worldwide,NA,Indoor recirculating tanks (with wastewater treatment),10,6.91,Green,Butter sole,NA,NA
All species (Global Recirculating Aquaculture Systems),03/02/2020,Butter sole,Isopsetta isolepis,Butter sole,Butter Sole,Worldwide,NA,Indoor recirculating tanks (without wastewater treatment),10,6.63,Yellow,Butter sole,NA,NA
All species (Global Recirculating Aquaculture Systems),03/02/2020,Dover sole,Microstomus pacificus,Dover sole,Dover Sole,Worldwide,NA,Indoor recirculating tanks (with wastewater treatment),10,6.91,Green,Dover sole,NA,NA
All species (Global Recirculating Aquaculture Systems),03/02/2020,Dover sole,Microstomus pacificus,Dover sole,Dover Sole,Worldwide,NA,Indoor recirculating tanks (without wastewater treatment),10,6.63,Yellow,Dover sole,NA,NA
All species (Global Recirculating Aquaculture Systems),03/02/2020,European Dover sole,Solea solea,Common sole,European Dover Sole,Worldwide,NA,Indoor recirculating tanks (with wastewater treatment),10,6.91,Green,Common sole,NA,NA
All species (Global Recirculating Aquaculture Systems),03/02/2020,European Dover sole,Solea solea,Common sole,European Dover Sole,Worldwide,NA,Indoor recirculating tanks (without wastewater treatment),10,6.63,Yellow,Common sole,NA,NA
All species (Global Recirculating Aquaculture Systems),03/02/2020,English sole,Parophrys vetulus,NA,English Sole,Worldwide,NA,Indoor recirculating tanks (with wastewater treatment),10,6.91,Green,English sole,NA,NA
All species (Global Recirculating Aquaculture Systems),03/02/2020,English sole,Parophrys vetulus,NA,English Sole,Worldwide,NA,Indoor recirculating tanks (without wastewater treatment),10,6.63,Yellow,English sole,NA,NA
All species (Global Recirculating Aquaculture Systems),03/02/2020,Northern rock sole,Lepidopsetta polyxystra,Northern rock sole,Northern Rock Sole,Worldwide,NA,Indoor recirculating tanks (with wastewater treatment),10,6.91,Green,Northern rock sole,NA,NA
All species (Global Recirculating Aquaculture Systems),03/02/2020,Northern rock sole,Lepidopsetta polyxystra,Northern rock sole,Northern Rock Sole,Worldwide,NA,Indoor recirculating tanks (without wastewater treatment),10,6.63,Yellow,Northern rock sole,NA,NA
All species (Global Recirculating Aquaculture Systems),03/02/2020,Petrale sole,Eopsetta jordani,Petrale sole,Petrale Sole,Worldwide,NA,Indoor recirculating tanks (with wastewater treatment),10,6.91,Green,Petrale sole,NA,NA
All species (Global Recirculating Aquaculture Systems),03/02/2020,Petrale sole,Eopsetta jordani,Petrale sole,Petrale Sole,Worldwide,NA,Indoor recirculating tanks (without wastewater treatment),10,6.63,Yellow,Petrale sole,NA,NA
All species (Global Recirculating Aquaculture Systems),03/02/2020,Rex sole,Glyptocephalus zachirus,Rex sole,Rex Sole,Worldwide,NA,Indoor recirculating tanks (with wastewater treatment),10,6.91,Green,Rex sole,NA,NA
All species (Global Recirculating Aquaculture Systems),03/02/2020,Rex sole,Glyptocephalus zachirus,Rex sole,Rex Sole,Worldwide,NA,Indoor recirculating tanks (without wastewater treatment),10,6.63,Yellow,Rex sole,NA,NA
All species (Global Recirculating Aquaculture Systems),03/02/2020,Southern rock sole,Lepidopsetta bilineata,Rock sole,Southern Rock Sole,Worldwide,NA,Indoor recirculating tanks (with wastewater treatment),10,6.91,Green,Rock sole,NA,NA
All species (Global Recirculating Aquaculture Systems),03/02/2020,Southern rock sole,Lepidopsetta bilineata,Rock sole,Southern Rock Sole,Worldwide,NA,Indoor recirculating tanks (without wastewater treatment),10,6.63,Yellow,Rock sole,NA,NA
All species (Global Recirculating Aquaculture Systems),03/02/2020,Yellowfin sole,Limanda aspera,Yellowfin sole,Yellowfin Sole,Worldwide,NA,Indoor recirculating tanks (with wastewater treatment),10,6.91,Green,Yellowfin sole,NA,NA
All species (Global Recirculating Aquaculture Systems),03/02/2020,Yellowfin sole,Limanda aspera,Yellowfin sole,Yellowfin Sole,Worldwide,NA,Indoor recirculating tanks (without wastewater treatment),10,6.63,Yellow,Yellowfin sole,NA,NA
All species (Global Recirculating Aquaculture Systems),03/02/2020,Atlantic sturgeon,Acipenser oxyrinchus,Atlantic sturgeon,Atlantic Sturgeon,Worldwide,NA,Indoor recirculating tanks (with wastewater treatment),10,6.91,Green,Atlantic sturgeon,NA,NA
All species (Global Recirculating Aquaculture Systems),03/02/2020,Beluga,Huso huso,Beluga,Beluga,Worldwide,NA,Indoor recirculating tanks (with wastewater treatment),10,6.91,Green,Beluga,NA,NA
All species (Global Recirculating Aquaculture Systems),03/02/2020,Beluga,Huso huso,Beluga,Beluga,Worldwide,NA,Indoor recirculating tanks (without wastewater treatment),10,6.63,Yellow,Beluga,NA,NA
All species (Global Recirculating Aquaculture Systems),03/02/2020,Russian sturgeon,Acipenser gueldenstaedtii,Danube sturgeon(=Osetr),Russian Sturgeon,Worldwide,NA,Indoor recirculating tanks (with wastewater treatment),10,6.91,Green,Danube sturgeon(=Osetr),NA,NA
All species (Global Recirculating Aquaculture Systems),03/02/2020,Russian sturgeon,Acipenser gueldenstaedtii,Danube sturgeon(=Osetr),Russian Sturgeon,Worldwide,NA,Indoor recirculating tanks (without wastewater treatment),10,6.63,Yellow,Danube sturgeon(=Osetr),NA,NA
All species (Global Recirculating Aquaculture Systems),03/02/2020,Siberian sturgeon,Acipenser baerii,Siberian sturgeon,Siberian Sturgeon,Worldwide,NA,Indoor recirculating tanks (without wastewater treatment),10,6.63,Yellow,Siberian sturgeon,NA,NA
All species (Global Recirculating Aquaculture Systems),03/02/2020,Stellate sturgeon,Acipenser stellatus,Starry sturgeon,Stellate Sturgeon,Worldwide,NA,Indoor recirculating tanks (with wastewater treatment),10,6.91,Green,Starry sturgeon,NA,NA
All species (Global Recirculating Aquaculture Systems),03/02/2020,Sterlet,Acipenser ruthenus,Sterlet sturgeon,Sterlet,Worldwide,NA,Indoor recirculating tanks (with wastewater treatment),10,6.91,Green,Sterlet sturgeon,NA,NA
All species (Global Recirculating Aquaculture Systems),03/02/2020,Sterlet,Acipenser ruthenus,Sterlet sturgeon,Sterlet,Worldwide,NA,Indoor recirculating tanks (without wastewater treatment),10,6.63,Yellow,Sterlet sturgeon,NA,NA
All species (Global Recirculating Aquaculture Systems),03/02/2020,White sturgeon,Acipenser transmontanus,White sturgeon,White Sturgeon,Worldwide,NA,Indoor recirculating tanks (with wastewater treatment),10,6.91,Green,White sturgeon,NA,NA
All species (Global Recirculating Aquaculture Systems),03/02/2020,White sturgeon,Acipenser transmontanus,White sturgeon,White Sturgeon,Worldwide,NA,Indoor recirculating tanks (without wastewater treatment),10,6.63,Yellow,White sturgeon,NA,NA
All species (Global Recirculating Aquaculture Systems),03/02/2020,Mozambique tilapia,Oreochromis mossambicus,Mozambique tilapia,Mozambique Tilapia,Worldwide,NA,Indoor recirculating tanks (with wastewater treatment),10,6.91,Green,Mozambique tilapia,NA,NA
All species (Global Recirculating Aquaculture Systems),03/02/2020,Mozambique tilapia,Oreochromis mossambicus,Mozambique tilapia,Mozambique Tilapia,Worldwide,NA,Indoor recirculating tanks (without wastewater treatment),10,6.63,Yellow,Mozambique tilapia,NA,NA
All species (Global Recirculating Aquaculture Systems),03/02/2020,Nile tilapia,Oreochromis niloticus,Nile tilapia,Nile Tilapia,Worldwide,NA,Indoor recirculating tanks (with wastewater treatment),10,6.91,Green,Nile tilapia,NA,NA
All species (Global Recirculating Aquaculture Systems),03/02/2020,Nile tilapia,Oreochromis niloticus,Nile tilapia,Nile Tilapia,Worldwide,NA,Indoor recirculating tanks (without wastewater treatment),10,6.63,Yellow,Nile tilapia,NA,NA
All species (Global Recirculating Aquaculture Systems),03/02/2020,Hybrid red tilapia,Oreochromis mossambicus x Oreochromis niloticus,Hybrid red tilapia,NA,Worldwide,NA,Indoor recirculating tanks (with wastewater treatment),10,6.91,Green,Hybrid red tilapia,NA,NA
All species (Global Recirculating Aquaculture Systems),03/02/2020,Hybrid red tilapia,Oreochromis mossambicus x Oreochromis niloticus,Hybrid red tilapia,NA,Worldwide,NA,Indoor recirculating tanks (without wastewater treatment),10,6.63,Yellow,Hybrid red tilapia,NA,NA
All species (Global Recirculating Aquaculture Systems),03/02/2020,Rainbow trout,Oncorhynchus mykiss,Rainbow trout,Rainbow Trout,Worldwide,NA,Indoor recirculating tanks (with wastewater treatment),10,6.91,Green,Rainbow trout,NA,NA
All species (Global Recirculating Aquaculture Systems),03/02/2020,Rainbow trout,Oncorhynchus mykiss,Rainbow trout,Rainbow Trout,Worldwide,NA,Indoor recirculating tanks (without wastewater treatment),10,6.63,Yellow,Rainbow trout,NA,NA
All species (Global Recirculating Aquaculture Systems),03/02/2020,Turbot,Scophthalmus maximus,Turbot,Turbot,Worldwide,NA,Indoor recirculating tanks (with wastewater treatment),10,6.91,Green,Turbot,NA,NA
All species (Global Recirculating Aquaculture Systems),03/02/2020,Turbot,Scophthalmus maximus,Turbot,Turbot,Worldwide,NA,Indoor recirculating tanks (without wastewater treatment),10,6.63,Yellow,Turbot,NA,NA
Mussels (Global),08/03/2020,Mussels,"Mytilus spp., Perna spp.",NA,Mussels,Worldwide,NA,Off-bottom culture,4,6.68,Green,Mussels,NA,NA
Mussels (Global),08/03/2020,Mussels,"Mytilus spp., Perna spp.",NA,Mussels,Worldwide,NA,Bottom culture,4,6.68,Green,Mussels,NA,NA
Oysters (Global),10/05/2020,Oysters,"Crassostrea spp., Ostrea spp., Saccostrea spp.",NA,NA,Worldwide,NA,Bottom culture,4,6.69,Green,Oysters,NA,NA
Oysters (Global),10/05/2020,Oysters,"Crassostrea spp., Ostrea spp., Saccostrea spp.",NA,NA,Worldwide,NA,Off-bottom culture,4,6.69,Green,Oysters,NA,NA
Clams (Global),04/03/2023,Cockles,"Acanthocardia aculeata, Acanthocardia tuberculate, Arca granosa, Austrovenus stutchburyi, Cerastoderma edule, Clinocardium californiense, Clinocardium nuttallii, Dinocardium robustum, Glycymeris pilosa, Serripes groenlandicus",NA,NA,Worldwide,NA,Bottom culture,4,6.82,Green,Cockles,NA,NA
Clams (Global),04/03/2023,Cockles,"Acanthocardia aculeata, Acanthocardia tuberculate, Arca granosa, Austrovenus stutchburyi, Cerastoderma edule, Clinocardium californiense, Clinocardium nuttallii, Dinocardium robustum, Glycymeris pilosa, Serripes groenlandicus",NA,NA,Worldwide,NA,Off-bottom culture,4,6.82,Green,Cockles,NA,NA
Clams (Global),04/03/2023,Clams,"Anadara spp., Cyclina spp., Mercenaria spp., Meretrix spp., Mya spp., Ruditapes spp., Sinonovacula spp., Venerupis spp.",NA,NA,Worldwide,NA,Bottom culture,4,6.82,Green,Clams,NA,NA
Clams (Global),04/03/2023,Clams,"Anadara spp., Cyclina spp., Mercenaria spp., Meretrix spp., Mya spp., Ruditapes spp., Sinonovacula spp., Venerupis spp.",NA,NA,Worldwide,NA,Off-bottom culture,4,6.82,Green,Clams,NA,NA
