rgn_id,year,taxa_code,sust_coeff
14,2025,Abalones_1,0.9090909090909091
163,2025,Abalones_2,0.9090909090909091
25,2025,Abalones_3,0.9090909090909091
102,2025,Abalones_4,0.9090909090909091
224,2025,Abalones_5,0.9090909090909091
48,2025,Abalones_6,0.9090909090909091
216,2025,Akiami paste shrimp_7,0.7662337662337662
14,2025,Amberjacks nei_8,0.8831168831168832
207,2025,Aquatic invertebrates nei_9,0.8181818181818181
143,2025,Arctic char_10,0.8961038961038961
183,2025,Atlantic ditch shrimp_11,0.7662337662337662
182,2025,Atlantic ditch shrimp_12,0.7662337662337662
183,2025,Atlantic salmon_13,0.8831168831168832
143,2025,Atlantic salmon_14,0.8831168831168832
175,2025,Atlantic salmon_15,0.8831168831168832
75,2025,Baltic prawn_16,0.7662337662337662
216,2025,Banana prawn_17,0.4285714285714286
207,2025,Banana prawn_18,0.4935064935064935
13,2025,Banana prawn_19,0.8831168831168832
208,2025,Banana prawn_20,0.8831168831168832
15,2025,Banana prawn_21,0.8831168831168832
25,2025,Banana prawn_22,0.7402597402597402
206,2025,Banana prawn_23,0.4935064935064935
216,2025,Banded grouper_24,0.8831168831168832
216,2025,Barramundi(=Giant seaperch)_25,0.8831168831168832
25,2025,Barramundi(=Giant seaperch)_26,0.8831168831168832
206,2025,Barramundi(=Giant seaperch)_27,0.8831168831168832
16,2025,Barramundi(=Giant seaperch)_28,0.8831168831168832
14,2025,Barramundi(=Giant seaperch)_29,0.8831168831168832
15,2025,Barramundi(=Giant seaperch)_30,0.8831168831168832
208,2025,Barramundi(=Giant seaperch)_31,0.8831168831168832
79,2025,Barramundi(=Giant seaperch)_32,0.8831168831168832
147,2025,Barramundi(=Giant seaperch)_33,0.8831168831168832
40,2025,Barramundi(=Giant seaperch)_34,0.8831168831168832
17,2025,Barramundi(=Giant seaperch)_35,0.8831168831168832
203,2025,Barramundi(=Giant seaperch)_36,0.8831168831168832
6,2025,Barramundi(=Giant seaperch)_37,0.8831168831168832
53,2025,Barramundi(=Giant seaperch)_38,0.8831168831168832
54,2025,Barramundi(=Giant seaperch)_39,0.8831168831168832
216,2025,Barred-chest grouper_40,0.8831168831168832
20,2025,Bastard halibut_41,0.7662337662337662
182,2025,Beluga_42,0.8831168831168832
216,2025,Bigeye trevally_43,0.8831168831168832
216,2025,Black pomfret_44,0.8831168831168832
163,2025,Black seabass_45,0.8831168831168832
14,2025,Blackhead seabream_46,0.7012987012987013
216,2025,Blacktail snapper_47,0.7662337662337662
216,2025,Blood cockle_48,0.8701298701298702
163,2025,Blue crab_49,0.8181818181818181
137,2025,Blue shrimp_50,0.5194805194805195
129,2025,Blue shrimp_51,0.8831168831168832
147,2025,Blue shrimp_52,0.8831168831168832
5,2025,Blue shrimp_53,0.8831168831168832
134,2025,Blue shrimp_54,0.8831168831168832
131,2025,Blue shrimp_55,0.2857142857142857
139,2025,Blue shrimp_56,0.8831168831168832
247,2025,Blue shrimp_57,0.8831168831168832
6,2025,Blue shrimp_58,0.8831168831168832
216,2025,Blue shrimp_59,0.4285714285714286
18,2025,Blue shrimp_60,0.8831168831168832
135,2025,Blue shrimp_61,0.33766233766233766
14,2025,Blue swimming crab_62,0.8181818181818181
208,2025,Blue swimming crab_63,0.8181818181818181
50,2025,Bluespot mullet_64,0.7662337662337662
216,2025,Bluespot mullet_65,0.7662337662337662
135,2025,Bonefish_66,0.7662337662337662
183,2025,Brill_67,0.7662337662337662
16,2025,Brine shrimp_68,0.7662337662337662
191,2025,Brine shrimps nei_69,0.7662337662337662
182,2025,Brown meagre_70,0.5584415584415584
16,2025,Brown tiger prawn_71,0.8831168831168832
208,2025,Brown-marbled grouper_72,0.8831168831168832
216,2025,Brown-marbled grouper_73,0.8831168831168832
135,2025,Callinectes swimcrabs nei_74,0.8181818181818181
84,2025,Caramote prawn_75,0.8831168831168832
182,2025,Caramote prawn_76,0.8831168831168832
14,2025,Clams_77,0.8831168831168832
62,2025,Clams_78,0.8831168831168832
135,2025,Clams_79,0.8831168831168832
183,2025,Clams_80,0.8831168831168832
216,2025,Coarse shrimp_81,0.4285714285714286
14,2025,Cobia_82,0.8831168831168832
182,2025,Cockles_83,0.8831168831168832
182,2025,Common prawn_84,0.7662337662337662
184,2025,Common prawn_85,0.7662337662337662
115,2025,Common snook_86,0.7662337662337662
84,2025,Common sole_87,0.8831168831168832
183,2025,Common sole_88,0.8831168831168832
80,2025,Common sole_89,0.8831168831168832
184,2025,Common two-banded seabream_90,0.5714285714285714
182,2025,Corrugated venus_91,0.8701298701298702
183,2025,Corrugated venus_92,0.8701298701298702
224,2025,Corvina drum_93,0.6103896103896104
208,2025,Crimson snapper_94,0.7662337662337662
216,2025,Deepwater longtail red snapper_95,0.7662337662337662
14,2025,Diphos sanguin_96,0.8701298701298702
16,2025,Eastern king prawn_97,0.8831168831168832
16,2025,Eastern school shrimp_98,0.8831168831168832
184,2025,European eel_99,0.6883116883116883
84,2025,European eel_100,0.6883116883116883
179,2025,European eel_101,0.6883116883116883
62,2025,European eel_102,0.6883116883116883
183,2025,European eel_103,0.6883116883116883
186,2025,European eel_104,0.6883116883116883
80,2025,European eel_105,0.6883116883116883
175,2025,European eel_106,0.6883116883116883
182,2025,European eel_107,0.6883116883116883
75,2025,European flounder_108,0.8831168831168832
184,2025,European seabass_109,0.5714285714285714
61,2025,European seabass_110,0.8831168831168832
179,2025,European seabass_111,0.5714285714285714
80,2025,European seabass_112,0.5714285714285714
214,2025,European seabass_113,0.09090909090909091
183,2025,European seabass_114,0.5714285714285714
176,2025,European seabass_115,0.8831168831168832
79,2025,European seabass_116,0.8831168831168832
182,2025,European seabass_117,0.5714285714285714
78,2025,European seabass_118,0.8831168831168832
84,2025,European seabass_119,0.8831168831168832
175,2025,European whitefish_120,0.8831168831168832
138,2025,Fine flounder_121,0.7662337662337662
138,2025,Flatfishes nei_122,0.7662337662337662
14,2025,Flathead grey mullet_123,0.7662337662337662
184,2025,Flathead grey mullet_124,0.7662337662337662
18,2025,Flathead grey mullet_125,0.7662337662337662
61,2025,Flathead grey mullet_126,0.7662337662337662
80,2025,Flathead grey mullet_127,0.7662337662337662
167,2025,Flathead grey mullet_128,0.7662337662337662
216,2025,Flathead grey mullet_129,0.7662337662337662
20,2025,Fleshy prawn_130,0.8831168831168832
209,2025,Fleshy prawn_131,0.5974025974025974
25,2025,Fourfinger threadfin_132,0.7662337662337662
14,2025,Fourfinger threadfin_133,0.7662337662337662
208,2025,Fourfinger threadfin_134,0.7662337662337662
216,2025,Foursaddle grouper_135,0.8831168831168832
208,2025,Giant grouper_136,0.8831168831168832
14,2025,Giant tiger prawn_137,0.8831168831168832
207,2025,Giant tiger prawn_138,0.4805194805194805
216,2025,Giant tiger prawn_139,0.40259740259740256
15,2025,Giant tiger prawn_140,0.8831168831168832
203,2025,Giant tiger prawn_141,0
206,2025,Giant tiger prawn_142,0.4935064935064935
25,2025,Giant tiger prawn_143,0.8831168831168832
40,2025,Giant tiger prawn_144,0.8831168831168832
18,2025,Giant tiger prawn_145,0.8831168831168832
16,2025,Giant tiger prawn_146,0.8831168831168832
50,2025,Giant tiger prawn_147,0.8831168831168832
7,2025,Giant tiger prawn_148,0.8831168831168832
31,2025,Giant tiger prawn_149,0.8831168831168832
37,2025,Giant tiger prawn_150,0.8831168831168832
42,2025,Giant tiger prawn_151,0.8831168831168832
153,2025,Giant tiger prawn_152,0.8831168831168832
184,2025,Giant tiger prawn_153,0.8831168831168832
205,2025,Giant tiger prawn_154,1
102,2025,Giant tiger prawn_155,0.8831168831168832
247,2025,Giant tiger prawn_156,0.8831168831168832
208,2025,Giant tiger prawn_157,0.8831168831168832
194,2025,Giant tiger prawn_158,0.8831168831168832
41,2025,Giant tiger prawn_159,0.8831168831168832
209,2025,Giant tiger prawn_160,0.8831168831168832
54,2025,Giant tiger prawn_161,0.8831168831168832
202,2025,Giant tiger prawn_162,0.8831168831168832
17,2025,Giant tiger prawn_163,0.8831168831168832
204,2025,Giant tiger prawn_164,0.6493506493506493
106,2025,Giant tiger prawn_165,0.8831168831168832
182,2025,Giant tiger prawn_166,0.8831168831168832
80,2025,Giant tiger prawn_167,0.8831168831168832
184,2025,Gilthead seabream_168,0.5714285714285714
61,2025,Gilthead seabream_169,0.8831168831168832
80,2025,Gilthead seabream_170,0.5714285714285714
214,2025,Gilthead seabream_171,0.07792207792207792
183,2025,Gilthead seabream_172,0.5714285714285714
79,2025,Gilthead seabream_173,0.8831168831168832
182,2025,Gilthead seabream_174,0.5714285714285714
78,2025,Gilthead seabream_175,0.8831168831168832
54,2025,Gilthead seabream_176,0.8831168831168832
84,2025,Gilthead seabream_177,0.8831168831168832
190,2025,Gilthead seabream_178,0.8831168831168832
75,2025,Gobies nei_179,0.7662337662337662
183,2025,Golden carpet shell_180,0.8701298701298702
8,2025,Golden-lined spinefoot_181,0.7662337662337662
206,2025,Greasy grouper_182,0.8831168831168832
14,2025,Greasyback shrimp_183,0.8831168831168832
209,2025,Green mud crab_184,0.8181818181818181
54,2025,Green tiger prawn_185,0.8831168831168832
184,2025,Green tiger prawn_186,0.8831168831168832
48,2025,Green tiger prawn_187,0.8831168831168832
216,2025,Greenback mullet_188,0.7662337662337662
182,2025,Grooved carpet shell_189,0.8701298701298702
184,2025,Grooved carpet shell_190,0.8701298701298702
62,2025,Grooved carpet shell_191,0.8701298701298702
25,2025,Groupers nei_192,0.8831168831168832
14,2025,Groupers nei_193,0.8831168831168832
216,2025,Groupers nei_194,0.8831168831168832
214,2025,Groupers nei_195,0.8831168831168832
208,2025,Groupers nei_196,0.8831168831168832
15,2025,"Groupers, seabasses nei_197",0.8831168831168832
216,2025,"Groupers, seabasses nei_198",0.8831168831168832
115,2025,"Gudgeons, sleepers nei_199",0.7662337662337662
208,2025,Humpback grouper_200,0.8831168831168832
216,2025,Humpback grouper_201,0.8831168831168832
207,2025,Indian white prawn_202,0.4935064935064935
203,2025,Indian white prawn_203,0.06493506493506494
191,2025,Indian white prawn_204,0.8831168831168832
81,2025,Indian white prawn_205,0.8831168831168832
102,2025,Indian white prawn_206,0.8831168831168832
50,2025,Indian white prawn_207,0.8831168831168832
54,2025,Indian white prawn_208,0.8831168831168832
48,2025,Indian white prawn_209,0.8831168831168832
41,2025,Indian white prawn_210,0.8831168831168832
47,2025,Indian white prawn_211,0.8831168831168832
204,2025,Indian white prawn_212,0.6493506493506493
14,2025,Indo-Pacific swamp crab_213,0.8181818181818181
216,2025,Indo-Pacific swamp crab_214,0.8181818181818181
15,2025,Indo-Pacific swamp crab_215,0.8181818181818181
25,2025,Indo-Pacific swamp crab_216,0.8181818181818181
206,2025,Indo-Pacific swamp crab_217,0.8181818181818181
37,2025,Indo-Pacific swamp crab_218,0.8181818181818181
16,2025,Indo-Pacific swamp crab_219,0.8181818181818181
40,2025,Indo-Pacific swamp crab_220,0.8181818181818181
247,2025,Indo-Pacific swamp crab_221,0.8181818181818181
202,2025,Indo-Pacific swamp crab_222,0.8181818181818181
42,2025,Indo-Pacific swamp crab_223,0.8181818181818181
24,2025,Indo-Pacific swamp crab_224,0.8181818181818181
17,2025,Indo-Pacific swamp crab_225,0.8181818181818181
207,2025,Indo-Pacific swamp crab_226,0.8181818181818181
18,2025,Indo-Pacific swamp crab_227,0.8181818181818181
43,2025,Indo-Pacific swamp crab_228,0.8181818181818181
208,2025,Indo-Pacific swamp crab_229,0.8181818181818181
231,2025,Indo-Pacific swamp crab_230,0.8181818181818181
152,2025,Indo-Pacific swamp crab_231,0.8181818181818181
184,2025,Japanese carpet shell_232,0.8701298701298702
14,2025,Japanese carpet shell_233,0.8701298701298702
182,2025,Japanese carpet shell_234,0.8701298701298702
14,2025,Japanese eel_235,0.09090909090909091
102,2025,Japanese meagre_236,0.6103896103896104
209,2025,Japanese seabass_237,0.7662337662337662
14,2025,Japanese seabass_238,0.7662337662337662
14,2025,Japanese spiny lobster_239,0.8181818181818181
216,2025,Jawla paste shrimp_240,0.7662337662337662
208,2025,John's snapper_241,0.7662337662337662
210,2025,Kuruma prawn_242,0.8051948051948051
14,2025,Kuruma prawn_243,0.8831168831168832
20,2025,Kuruma prawn_244,0.8831168831168832
179,2025,Kuruma prawn_245,0.8831168831168832
182,2025,Kuruma prawn_246,0.8831168831168832
16,2025,Kuruma prawn_247,0.8831168831168832
183,2025,Kuruma prawn_248,0.8831168831168832
184,2025,Kuruma prawn_249,0.8831168831168832
80,2025,Kuruma prawn_250,0.8831168831168832
102,2025,Kuruma prawn_251,0.8831168831168832
82,2025,Kuruma prawn_252,0.8831168831168832
209,2025,Kuruma prawn_253,0.5974025974025974
14,2025,Largemouth black bass_254,0.7662337662337662
167,2025,Lebranche mullet_255,0.7662337662337662
209,2025,Lefteye flounders nei_256,0.7662337662337662
216,2025,Longfin trevally_257,0.8831168831168832
216,2025,Longspine grouper_258,0.8831168831168832
208,2025,Malabar grouper_259,0.8831168831168832
208,2025,Mangrove red snapper_260,0.7662337662337662
216,2025,Mangrove red snapper_261,0.7662337662337662
208,2025,Marble goby_262,0.7662337662337662
14,2025,Marine crabs nei_263,0.8181818181818181
209,2025,Marine crabs nei_264,0.8181818181818181
20,2025,Marine crustaceans nei_265,0.8181818181818181
80,2025,Marine crustaceans nei_266,0.8181818181818181
14,2025,Marine fishes nei_267,0.7662337662337662
204,2025,Marine fishes nei_268,0.7662337662337662
32,2025,Marine fishes nei_269,0.7662337662337662
132,2025,Marine fishes nei_270,0.7662337662337662
134,2025,Marine fishes nei_271,0.7662337662337662
214,2025,Marine fishes nei_272,0.7662337662337662
203,2025,Marine fishes nei_273,0.7662337662337662
25,2025,Marine fishes nei_274,0.7662337662337662
15,2025,Marine fishes nei_275,0.7662337662337662
184,2025,Marine fishes nei_276,0.7662337662337662
208,2025,Marine fishes nei_277,0.7662337662337662
79,2025,Marine fishes nei_278,0.7662337662337662
80,2025,Marine fishes nei_279,0.7662337662337662
207,2025,Marine fishes nei_280,0.7662337662337662
180,2025,Marine fishes nei_281,0.7662337662337662
45,2025,Marine fishes nei_282,0.7662337662337662
14,2025,Marine molluscs nei_283,0.9090909090909091
24,2025,Marine molluscs nei_284,0.9090909090909091
216,2025,Masked grouper_285,0.8831168831168832
184,2025,Meagre_286,0.5584415584415584
182,2025,Meagre_287,0.5584415584415584
214,2025,Meagre_288,0.03896103896103896
80,2025,Mediterranean shore crab_289,0.8181818181818181
216,2025,Metapenaeus shrimps nei_290,0.4285714285714286
15,2025,Metapenaeus shrimps nei_291,0.8831168831168832
25,2025,Metapenaeus shrimps nei_292,0.7402597402597402
207,2025,Metapenaeus shrimps nei_293,0.4935064935064935
14,2025,Milkfish_294,0.7662337662337662
15,2025,Milkfish_295,0.7662337662337662
216,2025,Milkfish_296,0.7662337662337662
9,2025,Milkfish_297,0.7662337662337662
212,2025,Milkfish_298,0.7662337662337662
153,2025,Milkfish_299,0.7662337662337662
155,2025,Milkfish_300,0.7662337662337662
10,2025,Milkfish_301,0.7662337662337662
13,2025,Milkfish_302,0.7662337662337662
202,2025,Milkfish_303,0.7662337662337662
231,2025,Milkfish_304,0.7662337662337662
8,2025,Milkfish_305,0.7662337662337662
40,2025,Milkfish_306,0.7662337662337662
17,2025,Milkfish_307,0.7662337662337662
43,2025,Milkfish_308,0.7662337662337662
206,2025,Milkfish_309,0.7662337662337662
7,2025,Milkfish_310,0.7662337662337662
8,2025,Mottled spinefoot_311,0.7662337662337662
208,2025,Mud spiny lobster_312,0.8181818181818181
216,2025,Mullets nei_313,0.7662337662337662
196,2025,Mullets nei_314,0.7662337662337662
183,2025,Mullets nei_315,0.7662337662337662
84,2025,Mullets nei_316,0.7662337662337662
214,2025,Mullets nei_317,0.7662337662337662
13,2025,Mullets nei_318,0.7662337662337662
75,2025,Mullets nei_319,0.7662337662337662
115,2025,Mullets nei_320,0.7662337662337662
182,2025,Mullets nei_321,0.7662337662337662
65,2025,Mullets nei_322,0.7662337662337662
184,2025,Mullets nei_323,0.7662337662337662
184,2025,Mussels_324,0.8701298701298702
61,2025,Mussels_325,0.8701298701298702
136,2025,Mussels_326,0.8701298701298702
182,2025,Mussels_327,0.8701298701298702
40,2025,Mussels_328,0.8701298701298702
216,2025,Mussels_329,0.8701298701298702
14,2025,Natantian decapods nei_330,0.8181818181818181
130,2025,Natantian decapods nei_331,0.8181818181818181
76,2025,Natantian decapods nei_332,0.8181818181818181
135,2025,Northern brown shrimp_333,0.33766233766233766
216,2025,Northern velvet shrimp_334,0.4285714285714286
163,2025,Northern white shrimp_335,0.9090909090909091
135,2025,Northern white shrimp_336,0.33766233766233766
205,2025,Orange mud crab_337,0.8181818181818181
203,2025,Orange mud crab_338,0.8181818181818181
204,2025,Orange mud crab_339,0.8181818181818181
216,2025,Orange mud crab_340,0.8181818181818181
54,2025,Orange-spotted grouper_341,0.8831168831168832
208,2025,Orange-spotted grouper_342,0.8831168831168832
66,2025,Oysters_343,0.8701298701298702
184,2025,Oysters_344,0.8701298701298702
61,2025,Oysters_345,0.8701298701298702
16,2025,Oysters_346,0.8701298701298702
183,2025,Oysters_347,0.8701298701298702
17,2025,Oysters_348,0.8701298701298702
135,2025,Oysters_349,0.8701298701298702
182,2025,Oysters_350,0.8701298701298702
40,2025,Oysters_351,0.8701298701298702
65,2025,Oysters_352,0.8701298701298702
182,2025,Palaemonid shrimps nei_353,0.7662337662337662
25,2025,Penaeus shrimps nei_354,0.7402597402597402
204,2025,Penaeus shrimps nei_355,0.6493506493506493
209,2025,Penaeus shrimps nei_356,0.5974025974025974
43,2025,Penaeus shrimps nei_357,0.8831168831168832
115,2025,Penaeus shrimps nei_358,0.8831168831168832
136,2025,Penaeus shrimps nei_359,0.8831168831168832
167,2025,Penaeus shrimps nei_360,0.8831168831168832
53,2025,Penaeus shrimps nei_361,0.4805194805194805
65,2025,Penaeus shrimps nei_362,0.8831168831168832
62,2025,Penaeus shrimps nei_363,0.8831168831168832
173,2025,Penaeus shrimps nei_364,0.8051948051948051
24,2025,Penaeus shrimps nei_365,0.7142857142857143
116,2025,Penaeus shrimps nei_366,0.6753246753246753
15,2025,Penaeus shrimps nei_367,0.8831168831168832
45,2025,Penaeus shrimps nei_368,0.8831168831168832
214,2025,Penaeus shrimps nei_369,0.8831168831168832
16,2025,Penaeus shrimps nei_370,0.8831168831168832
231,2025,Penaeus shrimps nei_371,0.8831168831168832
208,2025,Penaeus shrimps nei_372,0.8831168831168832
8,2025,Penaeus shrimps nei_373,0.7662337662337662
84,2025,Penaeus shrimps nei_374,0.8831168831168832
196,2025,Penaeus shrimps nei_375,0.8831168831168832
205,2025,Penaeus shrimps nei_376,1
182,2025,Pod razor shell_377,0.8701298701298702
14,2025,"Porgies, seabreams nei_378",0.7012987012987013
184,2025,"Porgies, seabreams nei_379",0.5714285714285714
216,2025,Portunus swimcrabs nei_380,0.8181818181818181
209,2025,Portunus swimcrabs nei_381,0.8181818181818181
25,2025,Portunus swimcrabs nei_382,0.8181818181818181
176,2025,Rainbow trout_383,0.8831168831168832
143,2025,Rainbow trout_384,0.8831168831168832
180,2025,Rainbow trout_385,0.8831168831168832
175,2025,Rainbow trout_386,0.8831168831168832
191,2025,Rainbow trout_387,0.8831168831168832
79,2025,Red drum_388,0.6103896103896104
163,2025,Red drum_389,0.8701298701298702
184,2025,Red drum_390,0.5584415584415584
14,2025,Red seabream_391,0.7012987012987013
14,2025,Redtail prawn_392,0.8831168831168832
209,2025,Righteye flounders nei_393,0.8831168831168832
20,2025,Righteye flounders nei_394,0.8831168831168832
15,2025,Scats_395,0.7662337662337662
135,2025,Sea catfishes nei_396,0.7662337662337662
175,2025,Sea trout_397,0.6103896103896104
183,2025,Seabasses nei_398,0.8831168831168832
14,2025,Seaweed_399,0.8701298701298702
184,2025,Seaweed_400,0.8701298701298702
155,2025,Seaweed_401,0.8701298701298702
216,2025,Seaweed_402,0.8701298701298702
102,2025,Seaweed_403,0.8701298701298702
66,2025,Seaweed_404,0.8701298701298702
163,2025,Seaweed_405,0.8701298701298702
40,2025,Seaweed_406,0.8701298701298702
183,2025,Seaweed_407,0.8701298701298702
182,2025,Seaweed_408,0.8701298701298702
207,2025,Seaweed_409,0.8701298701298702
182,2025,Senegalese sole_410,0.8831168831168832
143,2025,Senegalese sole_411,0.8831168831168832
183,2025,Senegalese sole_412,0.8831168831168832
80,2025,Sharpsnout seabream_413,0.5714285714285714
206,2025,Snappers nei_414,0.7662337662337662
208,2025,Snappers nei_415,0.7662337662337662
216,2025,Snappers nei_416,0.7662337662337662
14,2025,"Snappers, jobfishes nei_417",0.7662337662337662
135,2025,Snooks(=Robalos) nei_418,0.7662337662337662
208,2025,Snubnose pompano_419,0.8831168831168832
75,2025,So-iny (redlip) mullet_420,0.7662337662337662
75,2025,So-iuy mullet_421,0.7662337662337662
182,2025,Soles nei_422,0.7662337662337662
167,2025,Southern brown shrimp_423,0.8831168831168832
194,2025,Southern pink shrimp_424,0.8831168831168832
112,2025,Southern white shrimp_425,0.8831168831168832
167,2025,Southern white shrimp_426,0.8831168831168832
204,2025,Speckled shrimp_427,0.6493506493506493
18,2025,Spinefeet(=Rabbitfishes) nei_428,0.7662337662337662
15,2025,Spinefeet(=Rabbitfishes) nei_429,0.7662337662337662
8,2025,Spinefeet(=Rabbitfishes) nei_430,0.7662337662337662
208,2025,Spotted coralgrouper_431,0.8831168831168832
182,2025,Spotted seabass_432,0.8831168831168832
25,2025,Squaretail mullet_433,0.7662337662337662
182,2025,Starry sturgeon_434,0.8961038961038961
75,2025,Sturgeons nei_435,0.8961038961038961
132,2025,Tarpon_436,0.7662337662337662
167,2025,Tarpon snook_437,0.7662337662337662
61,2025,Thinlip grey mullet_438,0.7662337662337662
21,2025,Tiger pufferfish_439,0.7662337662337662
206,2025,Tropical spiny lobsters nei_440,0.8181818181818181
40,2025,Tropical spiny lobsters nei_441,0.8181818181818181
182,2025,Turbot_442,0.8831168831168832
224,2025,Turbot_443,0.8831168831168832
177,2025,Turbot_444,0.8831168831168832
183,2025,Turbot_445,0.8831168831168832
184,2025,Turbot_446,0.8831168831168832
209,2025,Turbot_447,0.8831168831168832
175,2025,Turbot_448,0.8831168831168832
227,2025,Turbot_449,0.8831168831168832
228,2025,Turbot_450,0.8831168831168832
14,2025,Two-spot red snapper_451,0.7662337662337662
14,2025,Waigieu seaperch_452,0.8831168831168832
216,2025,Whiskered velvet shrimp_453,0.4285714285714286
80,2025,White seabream_454,0.5714285714285714
214,2025,White seabream_455,0.07792207792207792
182,2025,White seabream_456,0.5714285714285714
184,2025,White seabream_457,0.5714285714285714
183,2025,White seabream_458,0.5714285714285714
190,2025,White-spotted spinefoot_459,0.7662337662337662
216,2025,White-spotted spinefoot_460,0.7662337662337662
137,2025,Whiteleg shrimp_461,0.5194805194805195
129,2025,Whiteleg shrimp_462,0.8831168831168832
133,2025,Whiteleg shrimp_463,0.6493506493506493
138,2025,Whiteleg shrimp_464,0.8831168831168832
171,2025,Whiteleg shrimp_465,0.8831168831168832
132,2025,Whiteleg shrimp_466,0.8831168831168832
131,2025,Whiteleg shrimp_467,0.2857142857142857
110,2025,Whiteleg shrimp_468,0.8831168831168832
163,2025,Whiteleg shrimp_469,0.9090909090909091
164,2025,Whiteleg shrimp_470,0.8831168831168832
135,2025,Whiteleg shrimp_471,0.33766233766233766
130,2025,Whiteleg shrimp_472,0.8831168831168832
139,2025,Whiteleg shrimp_473,0.8831168831168832
119,2025,Whiteleg shrimp_474,0.8831168831168832
134,2025,Whiteleg shrimp_475,0.8831168831168832
168,2025,Whiteleg shrimp_476,0.8831168831168832
194,2025,Whiteleg shrimp_477,0.8831168831168832
14,2025,Whiteleg shrimp_478,0.8831168831168832
209,2025,Whiteleg shrimp_479,0.33766233766233766
25,2025,Whiteleg shrimp_480,0.45454545454545453
166,2025,Whiteleg shrimp_481,0.8831168831168832
207,2025,Whiteleg shrimp_482,0.5064935064935066
13,2025,Whiteleg shrimp_483,0.8831168831168832
78,2025,Whiteleg shrimp_484,0.8831168831168832
136,2025,Whiteleg shrimp_485,0.8831168831168832
112,2025,Whiteleg shrimp_486,0.8831168831168832
216,2025,Whiteleg shrimp_487,0.4935064935064935
208,2025,Whiteleg shrimp_488,0.8831168831168832
20,2025,Whiteleg shrimp_489,0.8831168831168832
15,2025,Whiteleg shrimp_490,0.8831168831168832
102,2025,Whiteleg shrimp_491,0.8831168831168832
191,2025,Whiteleg shrimp_492,0.8831168831168832
203,2025,Whiteleg shrimp_493,0.3116883116883117
206,2025,Whiteleg shrimp_494,0.5064935064935066
6,2025,Whiteleg shrimp_495,0.8831168831168832
115,2025,Whiteleg shrimp_496,0.8831168831168832
50,2025,Whiteleg shrimp_497,0.8831168831168832
182,2025,Whiteleg shrimp_498,0.8831168831168832
61,2025,Whiteleg shrimp_499,0.8831168831168832
214,2025,Whiteleg shrimp_500,0.8831168831168832
231,2025,Whiteleg shrimp_501,0.8831168831168832
56,2025,Whiteleg shrimp_502,0.8831168831168832
40,2025,Whiteleg shrimp_503,0.8831168831168832
190,2025,Whiteleg shrimp_504,0.8831168831168832
247,2025,Whiteleg shrimp_505,0.8831168831168832
76,2025,Whiteleg shrimp_506,0.8831168831168832
205,2025,Whiteleg shrimp_507,0.8831168831168832
48,2025,Whiteleg shrimp_508,0.8831168831168832
51,2025,Whiteleg shrimp_509,0.8831168831168832
54,2025,Whiteleg shrimp_510,0.8831168831168832
80,2025,Whiteleg shrimp_511,0.8831168831168832
31,2025,Whiteleg shrimp_512,0.8831168831168832
167,2025,Whiteleg shrimp_513,0.8831168831168832
167,2025,Whitemouth croaker_514,0.6103896103896104
224,2025,Yellowtail amberjack_515,0.8831168831168832
177,2025,Yellowtail amberjack_516,0.8831168831168832
54,2025,Yellowtail amberjack_517,0.8831168831168832
175,2025,Yellowtail amberjack_518,0.8831168831168832
102,2025,Yellowtail amberjack_519,0.8831168831168832
184,2025,[Mugil spp]_520,0.7662337662337662
209,2025,[Rhopilema esculentum]_521,0.8181818181818181
25,2025,[Scylla spp]_522,0.9090909090909091
20,2025,Abalones_523,0.9090909090909091
14,2025,Abalones_524,0.9090909090909091
228,2025,Abalones_525,0.9090909090909091
16,2025,Abalones_526,0.9090909090909091
102,2025,Abalones_527,0.9090909090909091
135,2025,Abalones_528,0.9090909090909091
224,2025,Abalones_529,0.9090909090909091
143,2025,Abalones_530,0.9090909090909091
227,2025,Abalones_531,0.9090909090909091
138,2025,Abalones_532,0.9090909090909091
162,2025,Abalones_533,0.9090909090909091
209,2025,Abalones_534,0.9090909090909091
101,2025,Abalones_535,0.9090909090909091
181,2025,Abalones_536,0.9090909090909091
179,2025,Abalones_537,0.9090909090909091
182,2025,Abalones_538,0.9090909090909091
206,2025,Abalones_539,0.9090909090909091
14,2025,Amberjacks nei_540,0.8831168831168832
209,2025,Amberjacks nei_541,0.8831168831168832
20,2025,Amberjacks nei_542,0.4415584415584416
209,2025,Aquatic invertebrates nei_543,0.8181818181818181
20,2025,Aquatic invertebrates nei_544,0.8181818181818181
210,2025,Aquatic invertebrates nei_545,0.8181818181818181
16,2025,Aquatic invertebrates nei_546,0.8181818181818181
205,2025,Aquatic invertebrates nei_547,0.8181818181818181
73,2025,Aquatic invertebrates nei_548,0.8181818181818181
181,2025,Aquatic invertebrates nei_549,0.8181818181818181
182,2025,Aquatic invertebrates nei_550,0.8181818181818181
209,2025,Areolate grouper_551,0.8831168831168832
20,2025,Ascidiaceans_552,0.8181818181818181
20,2025,Ascidiaceans nei_553,0.8181818181818181
218,2025,Atlantic bluefin tuna_554,0.5584415584415584
182,2025,Atlantic bluefin tuna_555,0.5714285714285714
187,2025,Atlantic bluefin tuna_556,0.5714285714285714
184,2025,Atlantic bluefin tuna_557,0.5714285714285714
61,2025,Atlantic bluefin tuna_558,0.5714285714285714
67,2025,Atlantic bluefin tuna_559,0.5714285714285714
76,2025,Atlantic bluefin tuna_560,0.5714285714285714
81,2025,Atlantic bluefin tuna_561,0.5714285714285714
183,2025,Atlantic bluefin tuna_562,0.5714285714285714
68,2025,Atlantic bluefin tuna_563,0.5714285714285714
80,2025,Atlantic bluefin tuna_564,0.5714285714285714
82,2025,Atlantic bluefin tuna_565,0.5714285714285714
218,2025,Atlantic cod_566,0.8831168831168832
223,2025,Atlantic cod_567,0.8831168831168832
143,2025,Atlantic cod_568,0.8831168831168832
180,2025,Atlantic cod_569,0.8831168831168832
175,2025,Atlantic cod_570,0.8831168831168832
143,2025,Atlantic halibut_571,0.8831168831168832
180,2025,Atlantic halibut_572,0.8831168831168832
223,2025,Atlantic halibut_573,0.8831168831168832
223,2025,Atlantic salmon_574,0.4675324675324675
180,2025,Atlantic salmon_575,0.3246753246753247
181,2025,Atlantic salmon_576,0.8831168831168832
143,2025,Atlantic salmon_577,0.8831168831168832
141,2025,Atlantic salmon_578,0.5454545454545454
222,2025,Atlantic salmon_579,0.8831168831168832
218,2025,Atlantic salmon_580,0.5064935064935066
174,2025,Atlantic salmon_581,0.8831168831168832
182,2025,Atlantic salmon_582,0.8831168831168832
16,2025,Atlantic salmon_583,0.8831168831168832
163,2025,Atlantic salmon_584,0.6493506493506493
224,2025,Atlantic salmon_585,0.4935064935064935
76,2025,Atlantic salmon_586,0.8831168831168832
179,2025,Atlantic salmon_587,0.8831168831168832
73,2025,Atlantic salmon_588,0.8831168831168832
175,2025,Atlantic salmon_589,0.8831168831168832
21,2025,Atlantic salmon_590,0.8831168831168832
54,2025,Atlantic salmon_591,0.8831168831168832
143,2025,Atlantic wolffish_592,0.7662337662337662
208,2025,Banana prawn_593,0.8831168831168832
15,2025,Banana prawn_594,0.8831168831168832
182,2025,Banded carpet shell_595,0.8701298701298702
216,2025,Banded grouper_596,0.8831168831168832
209,2025,Barramundi(=Giant seaperch)_597,0.8831168831168832
208,2025,Barramundi(=Giant seaperch)_598,0.8831168831168832
206,2025,Barramundi(=Giant seaperch)_599,0.8831168831168832
247,2025,Barramundi(=Giant seaperch)_600,0.8831168831168832
147,2025,Barramundi(=Giant seaperch)_601,0.8831168831168832
14,2025,Barramundi(=Giant seaperch)_602,0.8831168831168832
50,2025,Barramundi(=Giant seaperch)_603,0.8831168831168832
216,2025,Barramundi(=Giant seaperch)_604,0.8831168831168832
24,2025,Barramundi(=Giant seaperch)_605,0.8831168831168832
205,2025,Barramundi(=Giant seaperch)_606,0.8831168831168832
40,2025,Barramundi(=Giant seaperch)_607,0.8831168831168832
51,2025,Barramundi(=Giant seaperch)_608,0.8831168831168832
191,2025,Barramundi(=Giant seaperch)_609,0.8831168831168832
190,2025,Barramundi(=Giant seaperch)_610,0.8831168831168832
216,2025,Barred-chest grouper_611,0.8831168831168832
210,2025,Bastard halibut_612,0.7662337662337662
176,2025,Bastard halibut_613,0.7662337662337662
135,2025,Bastard halibuts nei_614,0.7662337662337662
182,2025,Big-scale sand smelt_615,0.7662337662337662
208,2025,Bigeye trevally_616,0.8831168831168832
216,2025,Bigeye trevally_617,0.8831168831168832
134,2025,Black ark_618,0.8701298701298702
208,2025,Black grouper_619,0.8831168831168832
216,2025,Black jack_620,0.8831168831168832
216,2025,Blackbanded trevally_621,0.8831168831168832
210,2025,Blackhead seabream_622,0.7012987012987013
14,2025,Blackhead seabream_623,0.7012987012987013
20,2025,Blackhead seabream_624,0.7012987012987013
216,2025,Blacksaddled coralgrouper_625,0.8831168831168832
182,2025,Blackspot seabream_626,0.5714285714285714
183,2025,Blackspot seabream_627,0.5714285714285714
216,2025,Blacktail snapper_628,0.7662337662337662
206,2025,Blacktip grouper_629,0.8831168831168832
20,2025,Blood cockle_630,0.8701298701298702
25,2025,Blood cockle_631,0.8701298701298702
206,2025,Blood cockle_632,0.8701298701298702
14,2025,Blood cockle_633,0.8701298701298702
209,2025,Blood cockle_634,0.8701298701298702
24,2025,Blood cockle_635,0.8701298701298702
216,2025,Blood cockle_636,0.8701298701298702
216,2025,Bludger_637,0.8831168831168832
147,2025,Blue shrimp_638,0.8831168831168832
208,2025,Blue swimming crab_639,0.8181818181818181
216,2025,Bluefin trevally_640,0.8831168831168832
76,2025,Bluespotted seabream_641,0.5324675324675324
216,2025,Brassy trevally_642,0.8831168831168832
110,2025,Brine shrimp_643,0.7662337662337662
42,2025,Brine shrimp_644,0.7662337662337662
138,2025,Brine shrimp_645,0.7662337662337662
206,2025,Broad geloina_646,0.8701298701298702
208,2025,Brown-marbled grouper_647,0.8831168831168832
39,2025,Brown-marbled grouper_648,0.8831168831168832
206,2025,Brown-marbled grouper_649,0.8831168831168832
216,2025,Brown-marbled grouper_650,0.8831168831168832
110,2025,Caribbean spiny lobster_651,0.8181818181818181
117,2025,Caribbean spiny lobster_652,0.8181818181818181
102,2025,Carpet shells nei_653,0.8701298701298702
61,2025,Carpet shells nei_654,0.8701298701298702
223,2025,Chars nei_655,0.7662337662337662
162,2025,Chinook(=Spring=King) salmon_656,0.8831168831168832
163,2025,Chinook(=Spring=King) salmon_657,0.8831168831168832
218,2025,Chinook(=Spring=King) salmon_658,0.8441558441558442
224,2025,Chinook(=Spring=King) salmon_659,0.8831168831168832
16,2025,Chinook(=Spring=King) salmon_660,0.8831168831168832
69,2025,Chum(=Keta=Dog) salmon_661,0.8831168831168832
70,2025,Chum(=Keta=Dog) salmon_662,0.8831168831168832
73,2025,Chum(=Keta=Dog) salmon_663,0.8831168831168832
74,2025,Chum(=Keta=Dog) salmon_664,0.8831168831168832
75,2025,Chum(=Keta=Dog) salmon_665,0.8831168831168832
189,2025,Chum(=Keta=Dog) salmon_666,0.8831168831168832
14,2025,Clams_667,0.8831168831168832
20,2025,Clams_668,0.8831168831168832
210,2025,Clams_669,0.8831168831168832
21,2025,Clams_670,0.8831168831168832
9,2025,Clams_671,0.8831168831168832
163,2025,Clams_672,0.8831168831168832
218,2025,Clams_673,0.8831168831168832
80,2025,Clams_674,0.8831168831168832
176,2025,Clams_675,0.8831168831168832
175,2025,Clams_676,0.8831168831168832
182,2025,Clams_677,0.8831168831168832
18,2025,Clams_678,0.8831168831168832
183,2025,Clams_679,0.8831168831168832
135,2025,Clams_680,0.8831168831168832
8,2025,Clams_681,0.8831168831168832
179,2025,Clams_682,0.8831168831168832
180,2025,Clams_683,0.8831168831168832
184,2025,Clams_684,0.8831168831168832
188,2025,Clams_685,0.8831168831168832
206,2025,Clams_686,0.8831168831168832
14,2025,Cobia_687,0.8831168831168832
32,2025,Cobia_688,0.8831168831168832
116,2025,Cobia_689,0.8831168831168832
110,2025,Cobia_690,0.8831168831168832
209,2025,Cobia_691,0.8831168831168832
140,2025,Cobia_692,0.8831168831168832
29,2025,Cobia_693,0.8831168831168832
115,2025,Cobia_694,0.8831168831168832
129,2025,Cobia_695,0.6883116883116883
164,2025,Cobia_696,0.8831168831168832
207,2025,Cobia_697,0.8831168831168832
208,2025,Cobia_698,0.8831168831168832
132,2025,Cobia_699,0.8831168831168832
137,2025,Cobia_700,0.8831168831168832
171,2025,Cobia_701,0.8831168831168832
216,2025,Cobia_702,0.8831168831168832
20,2025,Cockles_703,0.8831168831168832
183,2025,Cockles_704,0.8831168831168832
163,2025,Cockles_705,0.8831168831168832
8,2025,Cockles_706,0.8831168831168832
179,2025,Cockles_707,0.8831168831168832
180,2025,Cockles_708,0.8831168831168832
152,2025,Cockles_709,0.8831168831168832
182,2025,Cockles_710,0.8831168831168832
155,2025,Cockles_711,0.8831168831168832
153,2025,Cockles_712,0.8831168831168832
147,2025,Cockles_713,0.8831168831168832
17,2025,Cockles_714,0.8831168831168832
11,2025,Cockles_715,0.8831168831168832
163,2025,Coho(=Silver) salmon_716,0.8831168831168832
224,2025,Coho(=Silver) salmon_717,0.5194805194805195
210,2025,Coho(=Silver) salmon_718,0.8831168831168832
218,2025,Coho(=Silver) salmon_719,0.8831168831168832
179,2025,Coho(=Silver) salmon_720,0.8831168831168832
175,2025,Coho(=Silver) salmon_721,0.8831168831168832
61,2025,Common cuttlefish_722,0.8181818181818181
183,2025,Common cuttlefish_723,0.8181818181818181
182,2025,Common cuttlefish_724,0.8181818181818181
182,2025,Common dentex_725,0.5714285714285714
232,2025,Common dentex_726,0.8831168831168832
187,2025,Common dentex_727,0.5714285714285714
80,2025,Common dentex_728,0.5714285714285714
76,2025,Common dentex_729,0.5324675324675324
80,2025,Common pandora_730,0.5714285714285714
81,2025,Common pandora_731,0.5714285714285714
183,2025,Common sole_732,0.8831168831168832
182,2025,Common sole_733,0.8831168831168832
61,2025,Common sole_734,0.8831168831168832
184,2025,Common sole_735,0.8831168831168832
76,2025,Common two-banded seabream_736,0.5324675324675324
20,2025,Convict grouper_737,0.8831168831168832
183,2025,Corrugated venus_738,0.8701298701298702
182,2025,Corrugated venus_739,0.8701298701298702
135,2025,Crevalle jack_740,0.8831168831168832
210,2025,Crimson seabream_741,0.7012987012987013
14,2025,Crimson seabream_742,0.7012987012987013
208,2025,Crimson snapper_743,0.7662337662337662
14,2025,"Croakers, drums nei_744",0.6103896103896104
50,2025,"Croakers, drums nei_745",0.8831168831168832
183,2025,"Croakers, drums nei_746",0.8831168831168832
14,2025,Diphos sanguin_747,0.8701298701298702
20,2025,Dotted gizzard shad_748,0.7662337662337662
32,2025,Drums nei_749,0.6103896103896104
216,2025,Duskytail grouper_750,0.8831168831168832
16,2025,Eastern king prawn_751,0.8831168831168832
5,2025,Emperor red snapper_752,0.7662337662337662
61,2025,European eel_753,0.6883116883116883
182,2025,European eel_754,0.6883116883116883
184,2025,European eel_755,0.6883116883116883
68,2025,European eel_756,0.6883116883116883
80,2025,European eel_757,0.6883116883116883
175,2025,European flounder_758,0.8831168831168832
80,2025,European seabass_759,0.5714285714285714
183,2025,European seabass_760,0.5714285714285714
81,2025,European seabass_761,0.5714285714285714
84,2025,European seabass_762,0.8831168831168832
179,2025,European seabass_763,0.5714285714285714
182,2025,European seabass_764,0.5714285714285714
184,2025,European seabass_765,0.5714285714285714
76,2025,European seabass_766,0.5324675324675324
62,2025,European seabass_767,0.8831168831168832
68,2025,European seabass_768,0.5714285714285714
187,2025,European seabass_769,0.5714285714285714
188,2025,European seabass_770,0.5714285714285714
79,2025,European seabass_771,0.8831168831168832
143,2025,European seabass_772,0.8831168831168832
67,2025,European seabass_773,0.8831168831168832
232,2025,European seabass_774,0.8831168831168832
48,2025,European seabass_775,0.8831168831168832
54,2025,European seabass_776,0.8831168831168832
115,2025,European seabass_777,0.8831168831168832
180,2025,European seabass_778,0.8831168831168832
82,2025,European seabass_779,0.8831168831168832
186,2025,European seabass_780,0.8831168831168832
61,2025,European seabass_781,0.8831168831168832
37,2025,European seabass_782,0.8831168831168832
191,2025,European seabass_783,0.8831168831168832
50,2025,European seabass_784,0.8831168831168832
174,2025,European whitefish_785,0.8831168831168832
210,2025,Filefishes nei_786,0.7662337662337662
20,2025,"Filefishes, leatherjackets nei_787",0.7662337662337662
223,2025,Finfishes nei_788,0.7662337662337662
16,2025,Finfishes nei_789,0.7662337662337662
179,2025,Finfishes nei_790,0.7662337662337662
69,2025,Flatfishes nei_791,0.7662337662337662
70,2025,Flatfishes nei_792,0.7662337662337662
73,2025,Flatfishes nei_793,0.7662337662337662
74,2025,Flatfishes nei_794,0.7662337662337662
75,2025,Flatfishes nei_795,0.7662337662337662
189,2025,Flatfishes nei_796,0.7662337662337662
210,2025,Flathead grey mullet_797,0.7662337662337662
14,2025,Flathead grey mullet_798,0.7662337662337662
135,2025,Flathead grey mullet_799,0.7662337662337662
80,2025,Flathead grey mullet_800,0.7662337662337662
50,2025,Flathead grey mullet_801,0.7662337662337662
184,2025,Flathead grey mullet_802,0.7662337662337662
208,2025,Flathead grey mullet_803,0.7662337662337662
216,2025,Flathead grey mullet_804,0.7662337662337662
15,2025,Flathead lobster_805,0.8181818181818181
216,2025,Flathead lobster_806,0.8181818181818181
110,2025,Florida pompano_807,0.8831168831168832
129,2025,Florida pompano_808,0.8831168831168832
115,2025,Florida pompano_809,0.8831168831168832
208,2025,Fourfinger threadfin_810,0.7662337662337662
206,2025,Fourfinger threadfin_811,0.7662337662337662
216,2025,Foursaddle grouper_812,0.8831168831168832
182,2025,Gastropods nei_813,0.9090909090909091
135,2025,Gastropods nei_814,0.9090909090909091
210,2025,Gazami crab_815,0.8181818181818181
208,2025,Giant grouper_816,0.8831168831168832
206,2025,Giant grouper_817,0.8831168831168832
15,2025,Giant tiger prawn_818,0.8831168831168832
208,2025,Giant tiger prawn_819,0.8831168831168832
208,2025,Giant trevally_820,0.8831168831168832
183,2025,Gilthead seabream_821,0.5714285714285714
79,2025,Gilthead seabream_822,0.8831168831168832
80,2025,Gilthead seabream_823,0.5714285714285714
84,2025,Gilthead seabream_824,0.8831168831168832
179,2025,Gilthead seabream_825,0.5714285714285714
182,2025,Gilthead seabream_826,0.5714285714285714
76,2025,Gilthead seabream_827,0.5324675324675324
81,2025,Gilthead seabream_828,0.5714285714285714
62,2025,Gilthead seabream_829,0.8831168831168832
184,2025,Gilthead seabream_830,0.5714285714285714
68,2025,Gilthead seabream_831,0.5714285714285714
187,2025,Gilthead seabream_832,0.5714285714285714
188,2025,Gilthead seabream_833,0.8831168831168832
67,2025,Gilthead seabream_834,0.8831168831168832
48,2025,Gilthead seabream_835,0.8831168831168832
51,2025,Gilthead seabream_836,0.8831168831168832
82,2025,Gilthead seabream_837,0.8831168831168832
232,2025,Gilthead seabream_838,0.8831168831168832
54,2025,Gilthead seabream_839,0.8831168831168832
115,2025,Gilthead seabream_840,0.8831168831168832
52,2025,Gilthead seabream_841,0.8831168831168832
186,2025,Gilthead seabream_842,0.8831168831168832
50,2025,Gilthead seabream_843,0.8831168831168832
61,2025,Gilthead seabream_844,0.8831168831168832
183,2025,Golden carpet shell_845,0.8701298701298702
208,2025,Golden trevally_846,0.8831168831168832
206,2025,Golden trevally_847,0.8831168831168832
5,2025,Golden-lined spinefoot_848,0.7662337662337662
209,2025,Goldlined seabream_849,0.7012987012987013
50,2025,Goldlined seabream_850,0.8831168831168832
54,2025,Goldlined seabream_851,0.8831168831168832
37,2025,Goldlined seabream_852,0.7012987012987013
51,2025,Goldsilk seabream_853,0.8831168831168832
134,2025,Grand ark_854,0.8701298701298702
209,2025,Greasy grouper_855,0.8831168831168832
54,2025,Greasy grouper_856,0.8831168831168832
182,2025,Greater amberjack_857,0.8831168831168832
14,2025,Greater amberjack_858,0.8831168831168832
80,2025,Greater amberjack_859,0.8831168831168832
182,2025,Green crab_860,0.8181818181818181
208,2025,Green humphead parrotfish_861,0.7662337662337662
216,2025,Greenback mullet_862,0.7662337662337662
179,2025,Grooved carpet shell_863,0.8701298701298702
183,2025,Grooved carpet shell_864,0.8701298701298702
182,2025,Grooved carpet shell_865,0.8701298701298702
180,2025,Grooved carpet shell_866,0.8701298701298702
84,2025,Grooved carpet shell_867,0.8701298701298702
227,2025,Grooved carpet shell_868,0.8701298701298702
228,2025,Grooved carpet shell_869,0.8701298701298702
184,2025,Grooved carpet shell_870,0.8701298701298702
62,2025,Grooved carpet shell_871,0.8701298701298702
182,2025,Groundfishes nei_872,0.7662337662337662
208,2025,Groupers nei_873,0.8831168831168832
14,2025,Groupers nei_874,0.8831168831168832
61,2025,Groupers nei_875,0.8831168831168832
50,2025,Groupers nei_876,0.8831168831168832
171,2025,Groupers nei_877,0.8831168831168832
216,2025,Groupers nei_878,0.8831168831168832
209,2025,Groupers nei_879,0.8831168831168832
205,2025,Groupers nei_880,0.8831168831168832
206,2025,Groupers nei_881,0.8831168831168832
247,2025,Groupers nei_882,0.8831168831168832
15,2025,"Groupers, seabasses nei_883",0.8831168831168832
216,2025,"Groupers, seabasses nei_884",0.8831168831168832
143,2025,Haddock_885,0.7662337662337662
20,2025,Half-crenated ark_886,0.8701298701298702
216,2025,Harry hotlips_887,0.7662337662337662
216,2025,Highfin coralgrouper_888,0.8831168831168832
216,2025,Highfin grouper_889,0.8831168831168832
209,2025,Hong Kong grouper_890,0.8831168831168832
20,2025,Horned turban_891,0.9090909090909091
208,2025,Humpback grouper_892,0.8831168831168832
206,2025,Humpback grouper_893,0.8831168831168832
216,2025,Humpback grouper_894,0.8831168831168832
216,2025,Humphead snapper_895,0.7662337662337662
208,2025,Indo-Pacific swamp crab_896,0.8181818181818181
15,2025,Indo-Pacific swamp crab_897,0.8181818181818181
205,2025,Indo-Pacific swamp crab_898,0.8181818181818181
41,2025,Indo-Pacific swamp crab_899,0.8181818181818181
247,2025,Indo-Pacific swamp crab_900,0.8181818181818181
20,2025,Inflated ark_901,0.8701298701298702
20,2025,Jack and horse mackerels nei_902,0.4415584415584416
247,2025,"Jacks, crevalles nei_903",0.8831168831168832
15,2025,"Jacks, crevalles nei_904",0.8831168831168832
135,2025,"Jacks, crevalles nei_905",0.8831168831168832
206,2025,"Jacks, crevalles nei_906",0.8831168831168832
210,2025,Japanese amberjack_907,0.14285714285714285
20,2025,Japanese carpet shell_908,0.8701298701298702
209,2025,Japanese carpet shell_909,0.8701298701298702
14,2025,Japanese carpet shell_910,0.8701298701298702
163,2025,Japanese carpet shell_911,0.8701298701298702
218,2025,Japanese carpet shell_912,0.8701298701298702
180,2025,Japanese carpet shell_913,0.8701298701298702
181,2025,Japanese carpet shell_914,0.8701298701298702
182,2025,Japanese carpet shell_915,0.8701298701298702
179,2025,Japanese carpet shell_916,0.8701298701298702
184,2025,Japanese carpet shell_917,0.8701298701298702
183,2025,Japanese carpet shell_918,0.8701298701298702
210,2025,Japanese jack mackerel_919,0.14285714285714285
41,2025,Japanese meagre_920,0.6103896103896104
37,2025,Japanese meagre_921,0.6103896103896104
209,2025,Japanese sea cucumber_922,0.8181818181818181
21,2025,Japanese sea cucumber_923,0.8181818181818181
73,2025,Japanese sea cucumber_924,0.8181818181818181
20,2025,Japanese sea cucumber_925,0.8181818181818181
20,2025,Japanese seabass_926,0.7662337662337662
208,2025,Japanese seabass_927,0.7662337662337662
14,2025,Japanese spiny lobster_928,0.8181818181818181
208,2025,John's snapper_929,0.7662337662337662
206,2025,John's snapper_930,0.7662337662337662
20,2025,Korean rockfish_931,0.7662337662337662
14,2025,Kuruma prawn_932,0.8831168831168832
184,2025,Kuruma prawn_933,0.8831168831168832
208,2025,Kuruma prawn_934,0.8831168831168832
209,2025,Large yellow croaker_935,0.6103896103896104
206,2025,Leopard coralgrouper_936,0.8831168831168832
216,2025,Leopard coralgrouper_937,0.8831168831168832
216,2025,Longfin trevally_938,0.8831168831168832
163,2025,Longfin yellowtail_939,0.8831168831168832
129,2025,Longfin yellowtail_940,0.8831168831168832
216,2025,Longlegged spiny lobster_941,0.8181818181818181
216,2025,Longnose trevally_942,0.8831168831168832
216,2025,Longspine grouper_943,0.8831168831168832
182,2025,Mackerels nei_944,0.5714285714285714
208,2025,Malabar grouper_945,0.8831168831168832
14,2025,Malabar trevally_946,0.8831168831168832
216,2025,Malabar trevally_947,0.8831168831168832
206,2025,Mangrove red snapper_948,0.7662337662337662
209,2025,Mangrove red snapper_949,0.7662337662337662
32,2025,Mangrove red snapper_950,0.7662337662337662
208,2025,Mangrove red snapper_951,0.7662337662337662
29,2025,Mangrove red snapper_952,0.7662337662337662
216,2025,Mangrove red snapper_953,0.7662337662337662
81,2025,Marbled spinefoot_954,0.7662337662337662
14,2025,Marine crabs nei_955,0.8181818181818181
111,2025,Marine crabs nei_956,0.8181818181818181
210,2025,Marine crustaceans nei_957,0.8181818181818181
61,2025,Marine crustaceans nei_958,0.8181818181818181
223,2025,Marine crustaceans nei_959,0.8181818181818181
210,2025,Marine fishes nei_960,0.7662337662337662
209,2025,Marine fishes nei_961,0.7662337662337662
37,2025,Marine fishes nei_962,0.7662337662337662
206,2025,Marine fishes nei_963,0.7662337662337662
20,2025,Marine fishes nei_964,0.7662337662337662
51,2025,Marine fishes nei_965,0.7662337662337662
140,2025,Marine fishes nei_966,0.7662337662337662
208,2025,Marine fishes nei_967,0.7662337662337662
61,2025,Marine fishes nei_968,0.7662337662337662
15,2025,Marine fishes nei_969,0.7662337662337662
62,2025,Marine fishes nei_970,0.7662337662337662
247,2025,Marine fishes nei_971,0.7662337662337662
14,2025,Marine fishes nei_972,0.7662337662337662
80,2025,Marine fishes nei_973,0.7662337662337662
179,2025,Marine fishes nei_974,0.7662337662337662
188,2025,Marine fishes nei_975,0.7662337662337662
16,2025,Marine fishes nei_976,0.7662337662337662
171,2025,Marine fishes nei_977,0.7662337662337662
79,2025,Marine fishes nei_978,0.7662337662337662
147,2025,Marine fishes nei_979,0.7662337662337662
187,2025,Marine fishes nei_980,0.7662337662337662
73,2025,Marine fishes nei_981,0.7662337662337662
135,2025,Marine fishes nei_982,0.7662337662337662
183,2025,Marine fishes nei_983,0.7662337662337662
216,2025,Marine fishes nei_984,0.7662337662337662
182,2025,Marine fishes nei_985,0.7662337662337662
184,2025,Marine fishes nei_986,0.7662337662337662
76,2025,Marine fishes nei_987,0.7662337662337662
68,2025,Marine fishes nei_988,0.7662337662337662
24,2025,Marine fishes nei_989,0.7662337662337662
138,2025,Marine fishes nei_990,0.7662337662337662
207,2025,Marine fishes nei_991,0.7662337662337662
29,2025,Marine fishes nei_992,0.7662337662337662
175,2025,Marine fishes nei_993,0.7662337662337662
232,2025,Marine fishes nei_994,0.7662337662337662
163,2025,Marine fishes nei_995,0.7662337662337662
21,2025,Marine fishes nei_996,0.7662337662337662
74,2025,Marine fishes nei_997,0.7662337662337662
137,2025,Marine fishes nei_998,0.7662337662337662
191,2025,Marine fishes nei_999,0.7662337662337662
218,2025,Marine fishes nei_1000,0.7662337662337662
207,2025,Marine molluscs nei_1001,0.9090909090909091
209,2025,Marine molluscs nei_1002,0.9090909090909091
171,2025,Marine molluscs nei_1003,0.9090909090909091
20,2025,Marine molluscs nei_1004,0.9090909090909091
218,2025,Marine molluscs nei_1005,0.9090909090909091
181,2025,Marine molluscs nei_1006,0.9090909090909091
179,2025,Marine molluscs nei_1007,0.9090909090909091
182,2025,Marine molluscs nei_1008,0.9090909090909091
183,2025,Marine molluscs nei_1009,0.9090909090909091
187,2025,Marine molluscs nei_1010,0.9090909090909091
14,2025,Marine molluscs nei_1011,0.9090909090909091
216,2025,Marine molluscs nei_1012,0.9090909090909091
180,2025,Marine molluscs nei_1013,0.9090909090909091
80,2025,Marine molluscs nei_1014,0.9090909090909091
16,2025,Marine molluscs nei_1015,0.9090909090909091
224,2025,Masu(=Cherry) salmon_1016,0.6103896103896104
179,2025,Meagre_1017,0.5584415584415584
184,2025,Meagre_1018,0.5584415584415584
182,2025,Meagre_1019,0.5584415584415584
183,2025,Meagre_1020,0.8831168831168832
81,2025,Meagre_1021,0.5584415584415584
187,2025,Meagre_1022,0.5584415584415584
80,2025,Meagre_1023,0.5584415584415584
76,2025,Meagre_1024,0.5194805194805195
84,2025,Meagre_1025,0.8831168831168832
61,2025,Meagre_1026,0.8831168831168832
50,2025,Meagre_1027,0.8831168831168832
115,2025,Meagre_1028,0.8831168831168832
62,2025,Meagre_1029,0.8831168831168832
216,2025,Metapenaeus shrimps nei_1030,0.4285714285714286
135,2025,Mexican spiny lobster_1031,0.8181818181818181
20,2025,Mi-iuy (brown) croaker_1032,0.6103896103896104
14,2025,Mi-iuy (brown) croaker_1033,0.6103896103896104
15,2025,Milkfish_1034,0.7662337662337662
14,2025,Milkfish_1035,0.7662337662337662
208,2025,Milkfish_1036,0.7662337662337662
19,2025,Milkfish_1037,0.7662337662337662
216,2025,Milkfish_1038,0.7662337662337662
247,2025,Milkfish_1039,0.7662337662337662
216,2025,Minstrel sweetlips_1040,0.7662337662337662
135,2025,"Mojarras, etc. nei_1041",0.7662337662337662
208,2025,Mud spiny lobster_1042,0.8181818181818181
205,2025,Mud spiny lobster_1043,0.8181818181818181
69,2025,Mullets nei_1044,0.7662337662337662
70,2025,Mullets nei_1045,0.7662337662337662
73,2025,Mullets nei_1046,0.7662337662337662
74,2025,Mullets nei_1047,0.7662337662337662
75,2025,Mullets nei_1048,0.7662337662337662
189,2025,Mullets nei_1049,0.7662337662337662
20,2025,Mullets nei_1050,0.7662337662337662
102,2025,Mullets nei_1051,0.7662337662337662
182,2025,Mullets nei_1052,0.7662337662337662
54,2025,Mullets nei_1053,0.7662337662337662
171,2025,Mullets nei_1054,0.7662337662337662
20,2025,Mussels_1055,0.8701298701298702
25,2025,Mussels_1056,0.8701298701298702
162,2025,Mussels_1057,0.8701298701298702
163,2025,Mussels_1058,0.8701298701298702
176,2025,Mussels_1059,0.8701298701298702
177,2025,Mussels_1060,0.8701298701298702
179,2025,Mussels_1061,0.8701298701298702
181,2025,Mussels_1062,0.8701298701298702
182,2025,Mussels_1063,0.8701298701298702
209,2025,Mussels_1064,0.8701298701298702
222,2025,Mussels_1065,0.8701298701298702
224,2025,Mussels_1066,0.8701298701298702
184,2025,Mussels_1067,0.8701298701298702
102,2025,Mussels_1068,0.8701298701298702
218,2025,Mussels_1069,0.8701298701298702
15,2025,Mussels_1070,0.8701298701298702
80,2025,Mussels_1071,0.8701298701298702
82,2025,Mussels_1072,0.8701298701298702
147,2025,Mussels_1073,0.8701298701298702
208,2025,Mussels_1074,0.8701298701298702
71,2025,Mussels_1075,0.8701298701298702
84,2025,Mussels_1076,0.8701298701298702
16,2025,Mussels_1077,0.8701298701298702
18,2025,Mussels_1078,0.8701298701298702
69,2025,Mussels_1079,0.8701298701298702
70,2025,Mussels_1080,0.8701298701298702
73,2025,Mussels_1081,0.8701298701298702
74,2025,Mussels_1082,0.8701298701298702
75,2025,Mussels_1083,0.8701298701298702
139,2025,Mussels_1084,0.8701298701298702
180,2025,Mussels_1085,0.8701298701298702
189,2025,Mussels_1086,0.8701298701298702
206,2025,Mussels_1087,0.8701298701298702
223,2025,Mussels_1088,0.8701298701298702
183,2025,Mussels_1089,0.8701298701298702
101,2025,Mussels_1090,0.8701298701298702
186,2025,Mussels_1091,0.8701298701298702
187,2025,Mussels_1092,0.8701298701298702
188,2025,Mussels_1093,0.8701298701298702
76,2025,Mussels_1094,0.8701298701298702
135,2025,Mussels_1095,0.8701298701298702
171,2025,Mussels_1096,0.8701298701298702
203,2025,Mussels_1097,0.8701298701298702
62,2025,Mussels_1098,0.8701298701298702
227,2025,Mussels_1099,0.8701298701298702
228,2025,Mussels_1100,0.8701298701298702
172,2025,Mussels_1101,0.8701298701298702
232,2025,Mussels_1102,0.8701298701298702
143,2025,Mussels_1103,0.8701298701298702
175,2025,Mussels_1104,0.8701298701298702
95,2025,Mussels_1105,0.8701298701298702
24,2025,Mussels_1106,0.8701298701298702
72,2025,Mussels_1107,0.8701298701298702
219,2025,Mussels_1108,0.8701298701298702
66,2025,Mussels_1109,0.8701298701298702
216,2025,Mussels_1110,0.8701298701298702
247,2025,Mussels_1111,0.8701298701298702
61,2025,Octopuses nei_1112,0.8181818181818181
182,2025,Octopuses nei_1113,0.8181818181818181
210,2025,"Octopuses, etc. nei_1114",0.8181818181818181
20,2025,Okhotsk atka mackerel_1115,0.7662337662337662
216,2025,Orange mud crab_1116,0.8181818181818181
51,2025,Orange-spotted grouper_1117,0.8831168831168832
208,2025,Orange-spotted grouper_1118,0.8831168831168832
247,2025,Orange-spotted grouper_1119,0.8831168831168832
24,2025,Orange-spotted grouper_1120,0.8831168831168832
52,2025,Orange-spotted grouper_1121,0.8831168831168832
209,2025,Orange-spotted grouper_1122,0.8831168831168832
54,2025,Orange-spotted grouper_1123,0.8831168831168832
14,2025,Oysters_1124,0.8701298701298702
16,2025,Oysters_1125,0.8701298701298702
20,2025,Oysters_1126,0.8701298701298702
25,2025,Oysters_1127,0.8701298701298702
162,2025,Oysters_1128,0.8701298701298702
163,2025,Oysters_1129,0.8701298701298702
179,2025,Oysters_1130,0.8701298701298702
181,2025,Oysters_1131,0.8701298701298702
209,2025,Oysters_1132,0.8701298701298702
210,2025,Oysters_1133,0.8701298701298702
218,2025,Oysters_1134,0.8701298701298702
224,2025,Oysters_1135,0.8701298701298702
180,2025,Oysters_1136,0.8701298701298702
182,2025,Oysters_1137,0.8701298701298702
62,2025,Oysters_1138,0.8701298701298702
112,2025,Oysters_1139,0.8701298701298702
15,2025,Oysters_1140,0.8701298701298702
166,2025,Oysters_1141,0.8701298701298702
37,2025,Oysters_1142,0.8701298701298702
84,2025,Oysters_1143,0.8701298701298702
222,2025,Oysters_1144,0.8701298701298702
102,2025,Oysters_1145,0.8701298701298702
147,2025,Oysters_1146,0.8701298701298702
176,2025,Oysters_1147,0.8701298701298702
223,2025,Oysters_1148,0.8701298701298702
227,2025,Oysters_1149,0.8701298701298702
228,2025,Oysters_1150,0.8701298701298702
18,2025,Oysters_1151,0.8701298701298702
177,2025,Oysters_1152,0.8701298701298702
5,2025,Oysters_1153,0.8701298701298702
101,2025,Oysters_1154,0.8701298701298702
135,2025,Oysters_1155,0.8701298701298702
115,2025,Oysters_1156,0.8701298701298702
206,2025,Oysters_1157,0.8701298701298702
187,2025,Oysters_1158,0.8701298701298702
80,2025,Oysters_1159,0.8701298701298702
116,2025,Oysters_1160,0.8701298701298702
171,2025,Oysters_1161,0.8701298701298702
203,2025,Oysters_1162,0.8701298701298702
132,2025,Oysters_1163,0.8701298701298702
138,2025,Oysters_1164,0.8701298701298702
172,2025,Oysters_1165,0.8701298701298702
66,2025,Oysters_1166,0.8701298701298702
183,2025,Oysters_1167,0.8701298701298702
17,2025,Oysters_1168,0.8701298701298702
184,2025,Oysters_1169,0.8701298701298702
232,2025,Oysters_1170,0.8701298701298702
79,2025,Oysters_1171,0.8701298701298702
95,2025,Oysters_1172,0.8701298701298702
208,2025,Oysters_1173,0.8701298701298702
130,2025,Oysters_1174,0.8701298701298702
153,2025,Oysters_1175,0.8701298701298702
65,2025,Oysters_1176,0.8701298701298702
134,2025,Oysters_1177,0.8701298701298702
73,2025,Oysters_1178,0.8701298701298702
137,2025,Oysters_1179,0.8701298701298702
186,2025,Oysters_1180,0.8701298701298702
72,2025,Oysters_1181,0.8701298701298702
31,2025,Oysters_1182,0.8701298701298702
54,2025,Oysters_1183,0.8701298701298702
71,2025,Oysters_1184,0.8701298701298702
153,2025,Pacific asaphis_1185,0.8701298701298702
135,2025,Pacific bluefin tuna_1186,0.3766233766233766
210,2025,Pacific bluefin tuna_1187,0.2987012987012987
20,2025,Pacific chub mackerel_1188,0.2987012987012987
163,2025,Pacific geoduck_1189,0.9090909090909091
182,2025,Palinurid spiny lobsters nei_1190,0.8181818181818181
208,2025,Papuan black snapper_1191,0.7662337662337662
32,2025,Pargo breams nei_1192,0.7012987012987013
187,2025,Pargo breams nei_1193,0.5714285714285714
209,2025,Pen shells nei_1194,0.8701298701298702
208,2025,Penaeus shrimps nei_1195,0.8831168831168832
183,2025,Peppery furrow_1196,0.8701298701298702
179,2025,Periwinkles nei_1197,0.9090909090909091
76,2025,Pink dentex_1198,0.5324675324675324
73,2025,Pink(=Humpback) salmon_1199,0.8831168831168832
182,2025,Pollack_1200,0.8831168831168832
209,2025,Pompano_1201,0.8831168831168832
14,2025,"Porgies, seabreams nei_1202",0.7012987012987013
20,2025,"Porgies, seabreams nei_1203",0.7012987012987013
48,2025,"Porgies, seabreams nei_1204",0.8831168831168832
184,2025,"Porgies, seabreams nei_1205",0.5714285714285714
209,2025,"Porgies, seabreams nei_1206",0.7012987012987013
76,2025,"Porgies, seabreams nei_1207",0.5324675324675324
208,2025,Potato grouper_1208,0.8831168831168832
20,2025,Pufferfishes nei_1209,0.7662337662337662
183,2025,Purple dye murex_1210,0.9090909090909091
111,2025,Queen conch_1211,0.9090909090909091
218,2025,Rainbow trout_1212,0.8701298701298702
223,2025,Rainbow trout_1213,0.8831168831168832
141,2025,Rainbow trout_1214,0.8831168831168832
179,2025,Rainbow trout_1215,0.8831168831168832
181,2025,Rainbow trout_1216,0.8831168831168832
174,2025,Rainbow trout_1217,0.8831168831168832
175,2025,Rainbow trout_1218,0.8831168831168832
180,2025,Rainbow trout_1219,0.8831168831168832
163,2025,Rainbow trout_1220,0.8701298701298702
222,2025,Rainbow trout_1221,0.8831168831168832
16,2025,Rainbow trout_1222,0.8831168831168832
224,2025,Rainbow trout_1223,0.5844155844155844
70,2025,Rainbow trout_1224,0.8831168831168832
73,2025,Rainbow trout_1225,0.8831168831168832
76,2025,Rainbow trout_1226,0.8831168831168832
182,2025,Rainbow trout_1227,0.8831168831168832
143,2025,Rainbow trout_1228,0.8831168831168832
172,2025,Rainbow trout_1229,0.8831168831168832
187,2025,Rainbow trout_1230,0.8831168831168832
74,2025,Rainbow trout_1231,0.8831168831168832
20,2025,Rainbow trout_1232,0.8831168831168832
102,2025,Rainbow trout_1233,0.8831168831168832
102,2025,Red bait_1234,0.8181818181818181
140,2025,Red drum_1235,0.6103896103896104
110,2025,Red drum_1236,0.8831168831168832
79,2025,Red drum_1237,0.6103896103896104
137,2025,Red drum_1238,0.6103896103896104
32,2025,Red drum_1239,0.6103896103896104
29,2025,Red drum_1240,0.6103896103896104
209,2025,Red drum_1241,0.6103896103896104
37,2025,Red drum_1242,0.6103896103896104
135,2025,Red drum_1243,0.6103896103896104
73,2025,Red king crab_1244,0.8181818181818181
210,2025,Red oyas_1245,0.8181818181818181
20,2025,Red oyas_1246,0.8181818181818181
80,2025,Red porgy_1247,0.5714285714285714
81,2025,Red porgy_1248,0.5714285714285714
76,2025,Red porgy_1249,0.5324675324675324
210,2025,Red seabream_1250,0.7012987012987013
20,2025,Red seabream_1251,0.7012987012987013
81,2025,Red seabream_1252,0.5714285714285714
14,2025,Red seabream_1253,0.7012987012987013
76,2025,Redbanded seabream_1254,0.5324675324675324
203,2025,Rooster venus_1255,0.8701298701298702
153,2025,Rough turban_1256,0.9090909090909091
209,2025,Russell's snapper_1257,0.7662337662337662
218,2025,Salmonids nei_1258,0.7792207792207791
69,2025,Salmonoids nei_1259,0.8831168831168832
70,2025,Salmonoids nei_1260,0.8831168831168832
73,2025,Salmonoids nei_1261,0.8831168831168832
74,2025,Salmonoids nei_1262,0.8831168831168832
75,2025,Salmonoids nei_1263,0.8831168831168832
189,2025,Salmonoids nei_1264,0.8831168831168832
174,2025,Salmonoids nei_1265,0.8831168831168832
163,2025,Sand gaper_1266,0.8701298701298702
183,2025,Sargo breams nei_1267,0.5714285714285714
61,2025,Sargo breams nei_1268,0.8831168831168832
216,2025,Scalloped spiny lobster_1269,0.8181818181818181
210,2025,Scallops_1270,0.8701298701298702
138,2025,Scallops_1271,0.8701298701298702
209,2025,Scallops_1272,0.8701298701298702
224,2025,Scallops_1273,0.8701298701298702
69,2025,Scallops_1274,0.8701298701298702
70,2025,Scallops_1275,0.8701298701298702
73,2025,Scallops_1276,0.8701298701298702
74,2025,Scallops_1277,0.8701298701298702
75,2025,Scallops_1278,0.8701298701298702
189,2025,Scallops_1279,0.8701298701298702
182,2025,Scallops_1280,0.8701298701298702
180,2025,Scallops_1281,0.8701298701298702
135,2025,Scallops_1282,0.8701298701298702
137,2025,Scallops_1283,0.8701298701298702
218,2025,Scallops_1284,0.8701298701298702
16,2025,Scallops_1285,0.8701298701298702
20,2025,Scallops_1286,0.8701298701298702
179,2025,Scallops_1287,0.8701298701298702
227,2025,Scallops_1288,0.8701298701298702
228,2025,Scallops_1289,0.8701298701298702
181,2025,Scallops_1290,0.8701298701298702
62,2025,Scallops_1291,0.8701298701298702
171,2025,Scallops_1292,0.8701298701298702
223,2025,Scallops_1293,0.8701298701298702
21,2025,Scallops_1294,0.8701298701298702
187,2025,Scallops_1295,0.8701298701298702
219,2025,Scallops_1296,0.8701298701298702
80,2025,Sciaenas nei_1297,0.5584415584415584
76,2025,Sciaenas nei_1298,0.5194805194805195
20,2025,"Scorpionfishes, redfishes nei_1299",0.7662337662337662
216,2025,Sea cucumbers nei_1300,0.8181818181818181
42,2025,Sea cucumbers nei_1301,0.8181818181818181
209,2025,Sea snails_1302,0.9090909090909091
69,2025,Sea trout_1303,0.6103896103896104
70,2025,Sea trout_1304,0.6103896103896104
73,2025,Sea trout_1305,0.6103896103896104
74,2025,Sea trout_1306,0.6103896103896104
75,2025,Sea trout_1307,0.6103896103896104
189,2025,Sea trout_1308,0.6103896103896104
179,2025,Sea trout_1309,0.5584415584415584
180,2025,Sea trout_1310,0.6103896103896104
174,2025,Sea trout_1311,0.6103896103896104
73,2025,Sea urchins nei_1312,0.8181818181818181
209,2025,Sea urchins nei_1313,0.8181818181818181
182,2025,Seabasses nei_1314,0.8831168831168832
15,2025,Seaweed_1315,0.8701298701298702
20,2025,Seaweed_1316,0.8701298701298702
21,2025,Seaweed_1317,0.8701298701298702
207,2025,Seaweed_1318,0.8701298701298702
209,2025,Seaweed_1319,0.8701298701298702
210,2025,Seaweed_1320,0.8701298701298702
216,2025,Seaweed_1321,0.8701298701298702
69,2025,Seaweed_1322,0.8701298701298702
70,2025,Seaweed_1323,0.8701298701298702
73,2025,Seaweed_1324,0.8701298701298702
74,2025,Seaweed_1325,0.8701298701298702
75,2025,Seaweed_1326,0.8701298701298702
189,2025,Seaweed_1327,0.8701298701298702
224,2025,Seaweed_1328,0.8701298701298702
14,2025,Seaweed_1329,0.8701298701298702
9,2025,Seaweed_1330,0.8701298701298702
18,2025,Seaweed_1331,0.8701298701298702
122,2025,Seaweed_1332,0.8701298701298702
179,2025,Seaweed_1333,0.8701298701298702
212,2025,Seaweed_1334,0.8701298701298702
202,2025,Seaweed_1335,0.8701298701298702
139,2025,Seaweed_1336,0.8701298701298702
42,2025,Seaweed_1337,0.8701298701298702
101,2025,Seaweed_1338,0.8701298701298702
120,2025,Seaweed_1339,0.8701298701298702
102,2025,Seaweed_1340,0.8701298701298702
138,2025,Seaweed_1341,0.8701298701298702
206,2025,Seaweed_1342,0.8701298701298702
24,2025,Seaweed_1343,0.8701298701298702
203,2025,Seaweed_1344,0.8701298701298702
7,2025,Seaweed_1345,0.8701298701298702
41,2025,Seaweed_1346,0.8701298701298702
182,2025,Seaweed_1347,0.8701298701298702
181,2025,Seaweed_1348,0.8701298701298702
231,2025,Seaweed_1349,0.8701298701298702
155,2025,Seaweed_1350,0.8701298701298702
171,2025,Seaweed_1351,0.8701298701298702
175,2025,Seaweed_1352,0.8701298701298702
205,2025,Seaweed_1353,0.8701298701298702
17,2025,Seaweed_1354,0.8701298701298702
43,2025,Seaweed_1355,0.8701298701298702
164,2025,Seaweed_1356,0.8701298701298702
127,2025,Seaweed_1357,0.8701298701298702
177,2025,Seaweed_1358,0.8701298701298702
119,2025,Seaweed_1359,0.8701298701298702
137,2025,Seaweed_1360,0.8701298701298702
125,2025,Seaweed_1361,0.8701298701298702
135,2025,Seaweed_1362,0.8701298701298702
141,2025,Seaweed_1363,0.8701298701298702
153,2025,Seaweed_1364,0.8701298701298702
163,2025,Seaweed_1365,0.8701298701298702
223,2025,Seaweed_1366,0.8701298701298702
62,2025,Seaweed_1367,0.8701298701298702
152,2025,Seaweed_1368,0.8701298701298702
204,2025,Seaweed_1369,0.8701298701298702
66,2025,Seaweed_1370,0.8701298701298702
61,2025,Seaweed_1371,0.8701298701298702
123,2025,Seaweed_1372,0.8701298701298702
145,2025,Seaweed_1373,0.8701298701298702
182,2025,Senegalese sole_1374,0.8831168831168832
81,2025,Sharpsnout seabream_1375,0.5714285714285714
184,2025,Sharpsnout seabream_1376,0.5714285714285714
187,2025,Sharpsnout seabream_1377,0.5714285714285714
188,2025,Sharpsnout seabream_1378,0.8831168831168832
80,2025,Sharpsnout seabream_1379,0.5714285714285714
76,2025,Sharpsnout seabream_1380,0.5324675324675324
81,2025,Shi drum_1381,0.5584415584415584
184,2025,Shi drum_1382,0.5584415584415584
80,2025,Shi drum_1383,0.5584415584415584
76,2025,Shi drum_1384,0.5194805194805195
37,2025,Shoemaker spinefoot_1385,0.7662337662337662
208,2025,Silver grunt_1386,0.7662337662337662
147,2025,Sixfinger threadfin_1387,0.7662337662337662
11,2025,Sixfinger threadfin_1388,0.7662337662337662
205,2025,Smalleyed squillid mantis shri_1389,0.8181818181818181
205,2025,Smalleyed squillid mantis shrimp_1390,0.8181818181818181
102,2025,Smooth mactra_1391,0.8701298701298702
208,2025,Snappers nei_1392,0.7662337662337662
196,2025,Snappers nei_1393,0.7662337662337662
247,2025,Snappers nei_1394,0.7662337662337662
15,2025,Snappers nei_1395,0.7662337662337662
135,2025,Snappers nei_1396,0.7662337662337662
24,2025,Snappers nei_1397,0.7662337662337662
209,2025,Snappers nei_1398,0.7662337662337662
216,2025,Snappers nei_1399,0.7662337662337662
14,2025,"Snappers, jobfishes nei_1400",0.7662337662337662
171,2025,Snooks(=Robalos) nei_1401,0.7662337662337662
209,2025,Snubnose pompano_1402,0.8831168831168832
208,2025,Snubnose pompano_1403,0.8831168831168832
15,2025,Snubnose pompano_1404,0.8831168831168832
206,2025,Snubnose pompano_1405,0.8831168831168832
247,2025,Snubnose pompano_1406,0.8831168831168832
216,2025,Snubnose pompano_1407,0.8831168831168832
52,2025,Sobaity seabream_1408,0.8831168831168832
51,2025,Sobaity seabream_1409,0.8831168831168832
54,2025,Sobaity seabream_1410,0.8831168831168832
50,2025,Sobaity seabream_1411,0.8831168831168832
69,2025,Sockeye(=Red) salmon_1412,0.8831168831168832
70,2025,Sockeye(=Red) salmon_1413,0.8831168831168832
73,2025,Sockeye(=Red) salmon_1414,0.8831168831168832
74,2025,Sockeye(=Red) salmon_1415,0.8831168831168832
75,2025,Sockeye(=Red) salmon_1416,0.8831168831168832
189,2025,Sockeye(=Red) salmon_1417,0.8831168831168832
182,2025,Soles nei_1418,0.7662337662337662
177,2025,Soles nei_1419,0.7662337662337662
16,2025,Southern bluefin tuna_1420,0.6493506493506493
208,2025,Southern red snapper_1421,0.7662337662337662
216,2025,Speckled blue grouper_1422,0.8831168831168832
50,2025,Spinefeet(=Rabbitfishes) nei_1423,0.7662337662337662
208,2025,Spinefeet(=Rabbitfishes) nei_1424,0.7662337662337662
15,2025,Spinefeet(=Rabbitfishes) nei_1425,0.7662337662337662
37,2025,Spinefeet(=Rabbitfishes) nei_1426,0.7662337662337662
182,2025,Spinous spider crab_1427,0.8181818181818181
210,2025,Spiny lobsters nei_1428,0.8181818181818181
208,2025,Spotted coralgrouper_1429,0.8831168831168832
130,2025,Spotted rose snapper_1430,0.7662337662337662
131,2025,Spotted rose snapper_1431,0.7662337662337662
247,2025,Spotted scat_1432,0.7662337662337662
182,2025,Spotted seabass_1433,0.8831168831168832
143,2025,Spotted wolffish_1434,0.7662337662337662
216,2025,Squaretail coralgrouper_1435,0.8831168831168832
205,2025,Squillids nei_1436,0.7662337662337662
181,2025,Stony sea urchin_1437,0.8181818181818181
208,2025,Streaked spinefoot_1438,0.7662337662337662
135,2025,Striped bass_1439,0.8311688311688311
79,2025,"Striped bass, hybrid_1440",0.8831168831168832
182,2025,"Striped bass, hybrid_1441",0.8831168831168832
182,2025,Striped venus_1442,0.8701298701298702
244,2025,Stromboid conchs nei_1443,0.9090909090909091
245,2025,Stromboid conchs nei_1444,0.9090909090909091
250,2025,Stromboid conchs nei_1445,0.9090909090909091
132,2025,Tarpon_1446,0.7662337662337662
210,2025,Tiger pufferfish_1447,0.7662337662337662
209,2025,Tiger pufferfish_1448,0.7662337662337662
206,2025,"Tiger-dragon grouper, hybrid_1449",0.8831168831168832
15,2025,Tropical spiny lobsters nei_1450,0.8181818181818181
112,2025,Tropical spiny lobsters nei_1451,0.8181818181818181
207,2025,Tropical spiny lobsters nei_1452,0.8181818181818181
216,2025,Tropical spiny lobsters nei_1453,0.8181818181818181
247,2025,Tropical spiny lobsters nei_1454,0.8181818181818181
205,2025,Tropical spiny lobsters nei_1455,0.8181818181818181
76,2025,Trouts nei_1456,0.5194805194805195
218,2025,Trouts nei_1457,0.8701298701298702
14,2025,Trumpet emperor_1458,0.7662337662337662
76,2025,Truncate donax_1459,0.8701298701298702
179,2025,Turbot_1460,0.8831168831168832
176,2025,Turbot_1461,0.8831168831168832
181,2025,Turbot_1462,0.8831168831168832
68,2025,Turbot_1463,0.8831168831168832
183,2025,Turbot_1464,0.8831168831168832
102,2025,Turbot_1465,0.8831168831168832
180,2025,Turbot_1466,0.8831168831168832
143,2025,Turbot_1467,0.8831168831168832
175,2025,Turbot_1468,0.8831168831168832
72,2025,Turbot_1469,0.8831168831168832
187,2025,Turbot_1470,0.8831168831168832
191,2025,Twobar seabream_1471,0.7012987012987013
182,2025,Warty venus_1472,0.8701298701298702
188,2025,Warty venus_1473,0.8701298701298702
80,2025,White seabream_1474,0.5714285714285714
179,2025,White seabream_1475,0.5714285714285714
182,2025,White seabream_1476,0.5714285714285714
183,2025,White seabream_1477,0.5714285714285714
184,2025,White seabream_1478,0.5714285714285714
210,2025,White trevally_1479,0.14285714285714285
216,2025,White-edged lyretail_1480,0.8831168831168832
54,2025,White-spotted spinefoot_1481,0.7662337662337662
52,2025,White-spotted spinefoot_1482,0.7662337662337662
208,2025,White-spotted spinefoot_1483,0.7662337662337662
5,2025,White-spotted spinefoot_1484,0.7662337662337662
216,2025,White-spotted spinefoot_1485,0.7662337662337662
182,2025,Whiteleg shrimp_1486,0.8831168831168832
208,2025,Whiteleg shrimp_1487,0.8831168831168832
176,2025,Whiteleg shrimp_1488,0.8831168831168832
71,2025,Whiteleg shrimp_1489,0.8831168831168832
76,2025,Whiteleg shrimp_1490,0.8831168831168832
216,2025,Whiteleg shrimp_1491,0.4935064935064935
14,2025,Yellowback seabream_1492,0.7012987012987013
190,2025,Yellowfin seabream_1493,0.8831168831168832
48,2025,Yellowfin seabream_1494,0.8831168831168832
208,2025,Yellowfin seabream_1495,0.7012987012987013
135,2025,Yellowfin tuna_1496,0.3766233766233766
48,2025,Yellowfin tuna_1497,0.5714285714285714
216,2025,Yellowspotted trevally_1498,0.8831168831168832
54,2025,Yellowtail amberjack_1499,0.8831168831168832
20,2025,[Oplegnathus fasciatus]_1500,0.7662337662337662
206,2025,[Pomadasys spp]_1501,0.7662337662337662
