rgn_id,product,tonnes,value_per_tonne,usd_product,total_usd,weight
1,ornamentals,0,5.354011484048547,0,50.51898355519017,0
1,seaweeds,0,13.55334330442476,0,50.51898355519017,0
1,fish_oil,19.1679205545,2.6356006334411672,50.51898355519017,50.51898355519017,1
2,ornamentals,0,5.354011484048547,0,2.5046171672553554,0
2,seaweeds,0,13.55334330442476,0,2.5046171672553554,0
2,fish_oil,0.9503022329999999,2.6356006334411672,2.5046171672553554,2.5046171672553554,1
3,ornamentals,0,5.354011484048547,0,0.045764490331053426,0
3,seaweeds,0,13.55334330442476,0,0.045764490331053426,0
3,fish_oil,0.01736397,2.6356006334411672,0.045764490331053426,0.045764490331053426,1
4,ornamentals,0,5.354011484048547,0,0,NA
4,seaweeds,0,13.55334330442476,0,0,NA
4,fish_oil,0,2.6356006334411672,0,0,NA
5,ornamentals,4.1168461401712655,67.41968850045612,277.5564843746518,315.19076983823527,0.8805983897215695
5,seaweeds,0,0.9357379780459216,0,315.19076983823527,0
5,fish_oil,21.743533336364997,1.730826581006592,37.63428546358348,315.19076983823527,0.11940161027843059
6,ornamentals,4.01009064464604,16.54628106540466,66.35208690406313,322.7194201032006,0.205603018507051
6,seaweeds,0,0.9357379780459216,0,322.7194201032006,0
6,fish_oil,148.11844006349997,1.730826581006592,256.3673331991375,322.7194201032006,0.794396981492949
7,ornamentals,0,28.430887610585952,0,13037.268789396137,0
7,seaweeds,8107.51392,1.6079424011103958,13036.415399560758,13037.268789396137,0.9999345422841881
7,fish_oil,0.493053345,1.730826581006592,0.8533898353802136,13037.268789396137,6.545771581194354e-5
8,ornamentals,5.197661974513502,20.160273436493448,104.78628663665664,247.0004787944569,0.4242351559320468
8,seaweeds,0,9.017254656568984,0,247.0004787944569,0
8,fish_oil,42.90875883,3.3143394503960835,142.21419215780028,247.0004787944569,0.5757648440679533
9,ornamentals,1.7532567652243378,51.56483216953505,90.4063908488949,139.2585651540548,0.6491980636801968
9,seaweeds,0,9.017254656568984,0,139.2585651540548,0
9,fish_oil,14.73964119738,3.3143394503960835,48.8521743051599,139.2585651540548,0.3508019363198032
10,ornamentals,0,51.7781176852737,0,0,NA
10,seaweeds,0,9.017254656568984,0,0,NA
10,fish_oil,0,3.3143394503960835,0,0,NA
11,ornamentals,3.1269359325135158,88.17403059363565,275.7145445777854,464.2023377555992,0.5939533736750547
11,seaweeds,0,9.017254656568984,0,464.2023377555992,0
11,fish_oil,56.870394839999996,3.3143394503960835,188.48779317781384,464.2023377555992,0.4060466263249453
12,ornamentals,0,205.89620503628353,0,0.05415661755017629,0
12,seaweeds,0,21.54940777738848,0,0.05415661755017629,0
12,fish_oil,0.04010662160999999,1.3503161167948672,0.05415661755017629,0.05415661755017629,1
13,ornamentals,0,205.89620503628353,0,15.812290488370564,0
13,seaweeds,0,21.54940777738848,0,15.812290488370564,0
13,fish_oil,11.710065733276501,1.3503161167948672,15.812290488370564,15.812290488370564,1
14,ornamentals,42.1975,57.512440172114104,2426.8811941627846,630404.325528244,0.0038497216720859142
14,seaweeds,725.539074,5.451195753290252,3955.055519034942,630404.325528244,0.006273839437444887
14,fish_oil,61277.92624792368,10.183477591756631,624022.3888150463,630404.325528244,0.9898764388904692
15,ornamentals,5591.2315,0.9841671534483772,5502.706389625901,2950255.4325262127,0.0018651627004764475
15,seaweeds,1445644.93574,1.5631204690379474,2259717.190016242,2950255.4325262127,0.7659395064926009
15,fish_oil,218430.7197855956,3.1361684693103276,685035.5361203444,2950255.4325262127,0.2321953308069226
16,ornamentals,291.92579753592946,4.697965598830683,1371.4573542350074,38342.89626178463,0.0357682253544812
16,seaweeds,0,2.4870239773092946,0,38342.89626178463,0
16,fish_oil,14198.230786160835,2.6039468905933036,36971.43890754962,38342.89626178463,0.9642317746455189
17,ornamentals,6.2935,21.12917576127453,132.97646765358127,2089.3495423194204,0.06364491194994686
17,seaweeds,564.3,0.693418456241312,391.29603485697237,2089.3495423194204,0.18728126956803426
17,fish_oil,904.2367716,1.730826581006592,1565.0770398088666,2089.3495423194204,0.7490738184820188
18,ornamentals,127.614,8.6284051152085,1101.1052903722175,2706.4590730009218,0.4068435031427658
18,seaweeds,106.632,0.5058530767860572,53.940125283850854,2706.4590730009218,0.019930146301470594
18,fish_oil,896.3426344207185,1.730826581006592,1551.4136573448536,2706.4590730009218,0.5732263505557637
19,ornamentals,0,226.96028624682836,0,34.112364179792394,0
19,seaweeds,0,19.17027812971297,0,34.112364179792394,0
19,fish_oil,10.2923568,3.3143394503960835,34.112364179792394,34.112364179792394,1
20,ornamentals,0.23110541045984648,58.3231105968837,13.47878641378783,1078350.5746513568,1.2499447517933283e-5
20,seaweeds,78005.06679,11.06992296533818,863510.0802713595,1078350.5746513568,0.8007693421506659
20,fish_oil,110323.22072263315,1.947251124345676,214827.01559358358,1078350.5746513568,0.19921815840181625
21,ornamentals,0,3070.8111509438727,0,110458.29738620625,0
21,seaweeds,60030,0.9142886243594254,54884.7461202963,110458.29738620625,0.4968820579263262
21,fish_oil,11401.488264028048,4.874236589028974,55573.55126590995,110458.29738620625,0.5031179420736738
24,ornamentals,0,6.036675508476586,0,76781.52714813894,0
24,seaweeds,108,5.544640150386171,598.8211362417065,76781.52714813894,0.007799026126249965
24,fish_oil,16402.006060884898,4.644718806291377,76182.70601189723,76781.52714813894,0.9922009738737501
25,ornamentals,653.0095,19.299314658743747,12602.635815648924,963731.0134926556,0.013076922542915514
25,seaweeds,0,10.465631560997997,0,963731.0134926556,0
25,fish_oil,244732.45089546,3.886400737609133,951128.3776770066,963731.0134926556,0.9869230774570845
26,ornamentals,0,9.542421863647292,0,17450.63438387302,0
26,seaweeds,0,4.832510534868816,0,17450.63438387302,0
26,fish_oil,1889.17411555818,9.237176309033334,17450.63438387302,17450.63438387302,1
28,ornamentals,0,6.1214105815603,0,225.6563745628648,0
28,seaweeds,0,1.1067501578469592,0,225.6563745628648,0
28,fish_oil,39.402342000000004,5.726978730423303,225.6563745628648,225.6563745628648,1
29,ornamentals,0,6.1214105815603,0,67.0412794629399,0
29,seaweeds,0,1.1067501578469592,0,67.0412794629399,0
29,fish_oil,11.7062211366,5.726978730423303,67.0412794629399,67.0412794629399,1
30,ornamentals,0,205.89620503628353,0,0,NA
30,seaweeds,0,21.54940777738848,0,0,NA
30,fish_oil,0,1.3503161167948672,0,0,NA
31,ornamentals,0,6.1214105815603,0,1750.2557412577294,0
31,seaweeds,0,1.1067501578469592,0,1750.2557412577294,0
31,fish_oil,495.655732156662,3.531192373468861,1750.2557412577294,1750.2557412577294,1
32,ornamentals,0,6.1214105815603,0,0.20818896000535442,0
32,seaweeds,0,1.1067501578469592,0,0.20818896000535442,0
32,fish_oil,0.0363523194,5.726978730423303,0.20818896000535442,0.20818896000535442,1
33,ornamentals,0,205.89620503628353,0,0,NA
33,seaweeds,0,21.54940777738848,0,0,NA
33,fish_oil,0,1.3503161167948672,0,0,NA
34,ornamentals,0,205.89620503628353,0,0,NA
34,seaweeds,0,21.54940777738848,0,0,NA
34,fish_oil,0,1.3503161167948672,0,0,NA
35,ornamentals,0,205.89620503628353,0,0,NA
35,seaweeds,0,21.54940777738848,0,0,NA
35,fish_oil,0,1.3503161167948672,0,0,NA
36,ornamentals,0,205.89620503628353,0,0,NA
36,seaweeds,0,21.54940777738848,0,0,NA
36,fish_oil,0,1.3503161167948672,0,0,NA
37,ornamentals,5.049,14.592941092837041,73.67975957773423,318.9146751926837,0.2310328288694083
37,seaweeds,0,2.745943341905057,0,318.9146751926837,0
37,fish_oil,86.0976931932,2.848333172697804,245.23491561494947,318.9146751926837,0.7689671711305917
38,ornamentals,0,9.542421863647292,0,0,NA
38,seaweeds,0,4.832510534868816,0,0,NA
38,fish_oil,0,9.237176309033334,0,0,NA
39,ornamentals,344.61448957483674,1.3324899776864068,459.1953535239867,535.334438777885,0.8577728617129206
39,seaweeds,0,4.832510534868816,0,535.334438777885,0
39,fish_oil,8.242679657358,9.237176309033334,76.13908525389832,535.334438777885,0.14222713828707945
40,ornamentals,234.814,30.264581062367927,7106.547337578862,246771.15612539015,0.02879812798691862
40,seaweeds,292.941,0.9630642277564092,282.1209979431902,246771.15612539015,0.0011432494882012791
40,fish_oil,10991.460807080999,21.77895113228729,239382.4877898681,246771.15612539015,0.9700586225248801
41,ornamentals,0.05,5.773743083954139,0.28868715419770696,112013.62588301452,2.577250329341252e-6
41,seaweeds,0,1.1067501578469592,0,112013.62588301452,0
41,fish_oil,8495.37017513757,13.185221466120096,112013.33719586032,112013.62588301452,0.9999974227496706
42,ornamentals,0.646500491191994,14.957480337671512,9.670018385299226,8938.889043579331,0.0010817919696905797
42,seaweeds,8956.899000000001,0.7532460612642403,6746.748892891614,8938.889043579331,0.7547636915504283
42,fish_oil,719.57399671197,3.0330030577466975,2182.4701323024174,8938.889043579331,0.24415451647988098
43,ornamentals,174.40200000000002,0.706267609854429,123.17448369383214,2602.1954647986972,0.047334831437561044
43,seaweeds,781.2,0.3487640959186971,272.4545117316862,2602.1954647986972,0.10470178563344892
43,fish_oil,458.697177288,4.810508062027495,2206.5664693731787,2602.1954647986972,0.84796338292899
44,ornamentals,7.868333333333334,4.4816224041652974,35.262898950107285,46552.978964209506,7.574788925369917e-4
44,seaweeds,0,1.1067501578469592,0,46552.978964209506,0
44,fish_oil,6689.71766187,6.953614250478867,46517.716065259396,46552.978964209506,0.9992425211074629
45,ornamentals,0,6.1214105815603,0,8756.79855717455,0
45,seaweeds,0,1.1067501578469592,0,8756.79855717455,0
45,fish_oil,1529.0433174923457,5.726978730423303,8756.79855717455,8756.79855717455,1
46,ornamentals,461.47279937995967,1.425542679267425,657.8491708371466,657.8491708371466,1
46,seaweeds,0,1.1067501578469592,0,657.8491708371466,0
46,fish_oil,0,5.726978730423303,0,657.8491708371466,0
47,ornamentals,0.9579638208474505,11.939477270488608,11.437587264958555,55686.01557242483,2.0539424750335946e-4
47,seaweeds,0,7.237456207464629,0,55686.01557242483,0
47,fish_oil,12144.17868129234,4.584466306554309,55674.57798515987,55686.01557242483,0.9997946057524966
48,ornamentals,0,11.321183212964259,0,58773.209144918765,0
48,seaweeds,0,7.237456207464629,0,58773.209144918765,0
48,fish_oil,42339.847288752,1.3881299274438446,58773.209144918765,58773.209144918765,1
49,ornamentals,3.1355938802986736,6.773868853741799,21.240101723738576,21.240101723738576,1
49,seaweeds,0,7.68748601466247,0,21.240101723738576,0
49,fish_oil,0,1.1347119623848436,0,21.240101723738576,0
50,ornamentals,0,11.321183212964259,0,32984.82338812716,0
50,seaweeds,0,7.237456207464629,0,32984.82338812716,0
50,fish_oil,4498.815535227323,7.331890612060947,32984.82338812716,32984.82338812716,1
51,ornamentals,0,11.321183212964259,0,0,NA
51,seaweeds,0,7.237456207464629,0,0,NA
51,fish_oil,0,3.473068823100101,0,0,NA
52,ornamentals,2.7043638326792676,8.510261476215147,23.014843342919917,1233.6503610455327,0.018655888304863442
52,seaweeds,0,6.753544862320881,0,1233.6503610455327,0
52,fish_oil,1058.6182582800002,1.1435996953893504,1210.6355177026128,1233.6503610455327,0.9813441116951366
53,ornamentals,44.138,2.408109074397931,106.28911832577587,85382.99023892837,0.0012448512054724905
53,seaweeds,0,2.0849420159845793,0,85382.99023892837,0
53,fish_oil,71473.19170529609,1.1931284875624726,85276.70112060259,85382.99023892837,0.9987551487945275
54,ornamentals,8.0655,6.887484992089759,55.55101020369995,7812.296000503127,0.007110714980605236
54,seaweeds,0,20.447274322856043,0,7812.296000503127,0
54,fish_oil,1930.9215009690001,4.0171208339680495,7756.744990299428,7812.296000503127,0.9928892850193948
55,ornamentals,0,14.13724134355978,0,343.55655957041006,0
55,seaweeds,0,12.926448465624896,0,343.55655957041006,0
55,fish_oil,139.17683051950436,2.4684896062657766,343.55655957041006,343.55655957041006,1
56,ornamentals,0,19.258237277780204,0,1021.937671760646,0
56,seaweeds,0,12.297731483596364,0,1021.937671760646,0
56,fish_oil,1083.242251855215,0.9434063987168376,1021.937671760646,1021.937671760646,1
57,ornamentals,0,14.13724134355978,0,7.0475082259212964,0
57,seaweeds,0,12.926448465624896,0,7.0475082259212964,0
57,fish_oil,2.8549880088749733,2.4684896062657766,7.0475082259212964,7.0475082259212964,1
58,ornamentals,0,14.13724134355978,0,6927.121484992741,0
58,seaweeds,0,12.926448465624896,0,6927.121484992741,0
58,fish_oil,2806.218615387159,2.4684896062657766,6927.121484992741,6927.121484992741,1
59,ornamentals,5.7090000000000005,25.79925737213228,147.2879603375032,534.8028528889239,0.2754060857040608
59,seaweeds,0,9.650275790326235,0,534.8028528889239,0
59,fish_oil,208.34098822067398,1.86000314129722,387.5148925514207,534.8028528889239,0.7245939142959392
60,ornamentals,0,14.13724134355978,0,0,NA
60,seaweeds,0,12.926448465624896,0,0,NA
60,fish_oil,0,2.4684896062657766,0,0,NA
61,ornamentals,0,5.866798524955898,0,4562.287775782538,0
61,seaweeds,34.01,8.997589445854684,306.0080170535178,4562.287775782538,0.06707337022400572
61,fish_oil,9931.930069540396,0.4285450792472184,4256.279758729021,4562.287775782538,0.9329266297759944
62,ornamentals,0,5.866798524955898,0,298210.2701775119,0
62,seaweeds,127.6368,12.38279834860738,1580.5007562615303,298210.2701775119,0.005299954140817234
62,fish_oil,140533.02841166637,2.1107477208299144,296629.7694212504,298210.2701775119,0.9947000458591828
63,ornamentals,0,5.866798524955898,0,239233.38525170466,0
63,seaweeds,0,7.68748601466247,0,239233.38525170466,0
63,fish_oil,210831.81739699276,1.1347119623848436,239233.38525170466,239233.38525170466,1
64,ornamentals,0,19.258237277780204,0,523844.77963449724,0
64,seaweeds,0,12.297731483596364,0,523844.77963449724,0
64,fish_oil,474102.59216095647,1.1049186152870758,523844.77963449724,523844.77963449724,1
65,ornamentals,0,19.258237277780204,0,4258.691820834603,0
65,seaweeds,0,12.297731483596364,0,4258.691820834603,0
65,fish_oil,24150.438481328358,0.1763401448850365,4258.691820834603,4258.691820834603,1
66,ornamentals,0,19.258237277780204,0,47373.486572489506,0
66,seaweeds,0,2.9828890876568956,0,47373.486572489506,0
66,fish_oil,54682.833977837574,0.8663319569664133,47373.486572489506,47373.486572489506,1
67,ornamentals,601.88,9.228374699574177,5554.374164179706,9250.427776316563,0.6004451143762572
67,seaweeds,0,7.68748601466247,0,9250.427776316563,0
67,fish_oil,3257.261520684772,1.1347119623848436,3696.0536121368577,9250.427776316563,0.3995548856237428
68,ornamentals,0,14.13724134355978,0,288.8476945023113,0
68,seaweeds,0,12.926448465624896,0,288.8476945023113,0
68,fish_oil,117.0139399287435,2.4684896062657766,288.8476945023113,288.8476945023113,1
69,ornamentals,0,35.682075080255004,0,29416.746181331095,0
69,seaweeds,0,5.515884767634597,0,29416.746181331095,0
69,fish_oil,26136.957940984925,1.1254846967176386,29416.746181331095,29416.746181331095,1
70,ornamentals,0,35.682075080255004,0,115189.26191684291,0
70,seaweeds,0,23.610105220873827,0,115189.26191684291,0
70,fish_oil,20755.306003052887,5.549870568032087,115189.26191684291,115189.26191684291,1
71,ornamentals,172.868,2.0815225964730417,359.82864820710176,13833.550783580202,0.026011300629640372
71,seaweeds,0,9.48794773737898,0,13833.550783580202,0
71,fish_oil,807.94957040721,16.676439506716104,13473.7221353731,13833.550783580202,0.9739886993703596
72,ornamentals,0,3.179025752810287,0,275.7856095011648,0
72,seaweeds,0,13.655906828713526,0,275.7856095011648,0
72,fish_oil,93.62847915,2.9455312315746913,275.7856095011648,275.7856095011648,1
73,ornamentals,0,3.179025752810287,0,462663.54705423693,0
73,seaweeds,8844.9,5.627721146841359,49776.630771697135,462663.54705423693,0.10758710317383605
73,fish_oil,307525.65174759,1.3426096780421684,412886.9162825398,462663.54705423693,0.892412896826164
74,ornamentals,0,11.321183212964259,0,155766.21673094138,0
74,seaweeds,0,7.237456207464629,0,155766.21673094138,0
74,fish_oil,87352.70185100162,1.7831871645668542,155766.21673094138,155766.21673094138,1
75,ornamentals,0,3.179025752810287,0,23846.879798419006,0
75,seaweeds,0,5.778816731633111,0,23846.879798419006,0
75,fish_oil,8965.6429316535,2.6598069965765427,23846.879798419006,23846.879798419006,1
76,ornamentals,2.406858006002304,22.601224001384647,54.39793693318407,219072.99180681386,2.4830964549547966e-4
76,seaweeds,0,1.8717824506842904,0,219072.99180681386,0
76,fish_oil,107211.92484608847,2.042856652226885,219018.5938698807,219072.99180681386,0.9997516903545045
77,ornamentals,2.035734643954106,9.050630819711683,18.424682709325825,355.9008537907825,0.05176914444874256
77,seaweeds,0,0.34540473152175116,0,355.9008537907825,0
77,fish_oil,97.16944531499999,3.473068823100101,337.47617108145664,355.9008537907825,0.9482308555512574
78,ornamentals,2.1408781284004355,1.2562466105857792,2.6894708924802737,597.5750398340983,0.0045006412805108755
78,seaweeds,0,1.6645661753879266,0,597.5750398340983,0
78,fish_oil,386.54631112077004,1.5389761894681642,594.8855689416181,597.5750398340983,0.9954993587194891
79,ornamentals,4.4387504917823914,19.002957320274184,84.34938615068683,540.2113500479342,0.15614145490131282
79,seaweeds,0,1.654934181581634,0,540.2113500479342,0
79,fish_oil,115.13751493500001,3.959282638283453,455.86196389724734,540.2113500479342,0.8438585450986872
80,ornamentals,0,14.13724134355978,0,32740.3366780945,0
80,seaweeds,0,18.54503543737706,0,32740.3366780945,0
80,fish_oil,12866.222077787075,2.544673679666943,32740.3366780945,32740.3366780945,1
81,ornamentals,0,11.321183212964259,0,1878.6819048272803,0
81,seaweeds,0,17.92468672789988,0,1878.6819048272803,0
81,fish_oil,270.6574946944095,6.941178211039153,1878.6819048272803,1878.6819048272803,1
82,ornamentals,0,14.13724134355978,0,595.6503395125222,0
82,seaweeds,0,14.943596662517718,0,595.6503395125222,0
82,fish_oil,241.30153839845252,2.4684896062657766,595.6503395125222,595.6503395125222,1
84,ornamentals,0,5.866798524955898,0,36269.06192503721,0
84,seaweeds,0,7.68748601466247,0,36269.06192503721,0
84,fish_oil,31963.232192256,1.1347119623848436,36269.06192503721,36269.06192503721,1
85,ornamentals,0,205.89620503628353,0,0.01412014821567683,0
85,seaweeds,0,21.54940777738848,0,0.01412014821567683,0
85,fish_oil,0.010456920449999995,1.3503161167948672,0.01412014821567683,0.01412014821567683,1
86,ornamentals,0,35.682075080255004,0,0,NA
86,seaweeds,0,6.805788005277723,0,0,NA
86,fish_oil,0,2.711231758515495,0,0,NA
88,ornamentals,0,205.89620503628353,0,0,NA
88,seaweeds,0,21.54940777738848,0,0,NA
88,fish_oil,0,1.3503161167948672,0,0,NA
89,ornamentals,0,207.92979991807067,0,0.036746116732884256,0
89,seaweeds,0,9.017254656568984,0,0.036746116732884256,0
89,fish_oil,0.011087010634499997,3.3143394503960835,0.036746116732884256,0.036746116732884256,1
90,ornamentals,0,7.477310477960628,0,0,NA
90,seaweeds,0,2.1990489893782,0,0,NA
90,fish_oil,0,1.5835605248542255,0,0,NA
91,ornamentals,0,205.89620503628353,0,0,NA
91,seaweeds,0,21.54940777738848,0,0,NA
91,fish_oil,0,1.3503161167948672,0,0,NA
92,ornamentals,0,205.89620503628353,0,0,NA
92,seaweeds,0,21.54940777738848,0,0,NA
92,fish_oil,0,1.3503161167948672,0,0,NA
93,ornamentals,0,205.89620503628353,0,0,NA
93,seaweeds,0,21.54940777738848,0,0,NA
93,fish_oil,0,1.3503161167948672,0,0,NA
94,ornamentals,0,207.92979991807067,0,53.38370499398259,0
94,seaweeds,0,9.017254656568984,0,53.38370499398259,0
94,fish_oil,16.10689122009,3.3143394503960835,53.38370499398259,53.38370499398259,1
95,ornamentals,0,35.682075080255004,0,3100.2416935493516,0
95,seaweeds,0,6.805788005277723,0,3100.2416935493516,0
95,fish_oil,1143.480886062966,2.711231758515495,3100.2416935493516,3100.2416935493516,1
96,ornamentals,0,19.258237277780204,0,81534.87543101709,0
96,seaweeds,0,12.297731483596364,0,81534.87543101709,0
96,fish_oil,58851.26283277696,1.3854396916289549,81534.87543101709,81534.87543101709,1
97,ornamentals,0,19.258237277780204,0,10881.148688876128,0
97,seaweeds,0,12.297731483596364,0,10881.148688876128,0
97,fish_oil,7853.931682931956,1.3854396916289549,10881.148688876128,10881.148688876128,1
98,ornamentals,0,19.258237277780204,0,6375.571032533496,0
98,seaweeds,0,12.297731483596364,0,6375.571032533496,0
98,fish_oil,4601.839452886836,1.3854396916289549,6375.571032533496,6375.571032533496,1
99,ornamentals,0,19.258237277780204,0,4163.624047304267,0
99,seaweeds,0,12.297731483596364,0,4163.624047304267,0
99,fish_oil,3005.2726744163174,1.3854396916289549,4163.624047304267,4163.624047304267,1
100,ornamentals,0,2.6997448332403264,0,3521.0202157859503,0
100,seaweeds,0,9.017254656568984,0,3521.0202157859503,0
100,fish_oil,9538.9947954423,0.3691185802374357,3521.0202157859503,3521.0202157859503,1
101,ornamentals,0.025,7.0490705232351045,0.17622676308087762,2582.929461877507,6.822747801745234e-5
101,seaweeds,0,2.5870282334963837,0,2582.929461877507,0
101,fish_oil,1745.487837819,1.4796741513487686,2582.753235114426,2582.929461877507,0.9999317725219825
102,ornamentals,10.86,7.905550432686151,85.85427769897159,39149.715116446416,0.0021929732424260996
102,seaweeds,1385.112,1.8110697452600164,2508.534436996592,39149.715116446416,0.06407541994967879
102,fish_oil,21663.0973320021,1.6874468983596824,36555.326401750855,39149.715116446416,0.9337316068078952
103,ornamentals,0,2.6997448332403264,0,105.24827453828058,0
103,seaweeds,0,9.017254656568984,0,105.24827453828058,0
103,fish_oil,302.18878430043753,0.3482865017043195,105.24827453828058,105.24827453828058,1
104,ornamentals,0,2.6997448332403264,0,249.15009865702945,0
104,seaweeds,0,9.017254656568984,0,249.15009865702945,0
104,fish_oil,715.35961755,0.3482865017043195,249.15009865702945,249.15009865702945,1
105,ornamentals,0,207.92979991807067,0,0,NA
105,seaweeds,0,9.017254656568984,0,0,NA
105,fish_oil,0,3.3143394503960835,0,0,NA
106,ornamentals,23.285,1.623648615029688,37.80665800096629,217813.66226290909,1.7357340034681692e-4
106,seaweeds,0,21.612573879535834,0,217813.66226290909,0
106,fish_oil,56870.849051576995,3.829305509530973,217775.8556049081,217813.66226290909,0.9998264265996532
107,ornamentals,0,205.89620503628353,0,0,NA
107,seaweeds,0,21.54940777738848,0,0,NA
107,fish_oil,0,1.3503161167948672,0,0,NA
108,ornamentals,0,486.29052980125425,0,30.94480374300012,0
108,seaweeds,0,5.9848716898640095,0,30.94480374300012,0
108,fish_oil,9.865459854000001,3.1366813307190533,30.94480374300012,30.94480374300012,1
110,ornamentals,0,486.29052980125425,0,9.839093574113143,0
110,seaweeds,0,7.544415295368023,0,9.839093574113143,0
110,fish_oil,3.136784562,3.1366813307190533,9.839093574113143,9.839093574113143,1
111,ornamentals,0,486.29052980125425,0,88.62829735353792,0
111,seaweeds,0,5.9848716898640095,0,88.62829735353792,0
111,fish_oil,28.255435605,3.1366813307190533,88.62829735353792,88.62829735353792,1
112,ornamentals,4.015,13.904573237286078,55.8268615477036,2903.5687802649823,0.019226980923320435
112,seaweeds,0,5.9848716898640095,0,2903.5687802649823,0
112,fish_oil,907.883721189,3.1366813307190533,2847.7419187172786,2903.5687802649823,0.9807730190766796
113,ornamentals,0,486.29052980125425,0,0,NA
113,seaweeds,0,5.9848716898640095,0,0,NA
113,fish_oil,0,3.1366813307190533,0,0,NA
114,ornamentals,0.19829244839658722,2080.8989332714073,412.62654434423393,5782.857850084401,0.07135339568103194
114,seaweeds,0,5.9848716898640095,0,5782.857850084401,0
114,fish_oil,1712.0742401043,3.1366813307190533,5370.231305740168,5782.857850084401,0.9286466043189682
115,ornamentals,1.9234546726071866,18.333193052265425,35.26306584018954,2551.58115389665,0.013820083984527597
115,seaweeds,0,3.837348941290187,0,2551.58115389665,0
115,fish_oil,716.0487633954001,3.51417140380837,2516.3180880564605,2551.58115389665,0.9861799160154724
116,ornamentals,0,205.89620503628353,0,72.1959589088834,0
116,seaweeds,0,21.54940777738848,0,72.1959589088834,0
116,fish_oil,53.46596845799999,1.3503161167948672,72.1959589088834,72.1959589088834,1
117,ornamentals,0,486.29052980125425,0,623.4976733209737,0
117,seaweeds,0,5.9848716898640095,0,623.4976733209737,0
117,fish_oil,198.7762248,3.1366813307190533,623.4976733209737,623.4976733209737,1
118,ornamentals,0,486.29052980125425,0,113.58984449067677,0
118,seaweeds,0,5.9848716898640095,0,113.58984449067677,0
118,fish_oil,36.21338367345,3.1366813307190533,113.58984449067677,113.58984449067677,1
119,ornamentals,0,486.29052980125425,0,328.4003037018216,0
119,seaweeds,1.584,5.9848716898640095,9.48003675674459,328.4003037018216,0.028867320309643202
119,fish_oil,101.6744238,3.1366813307190533,318.920266945077,328.4003037018216,0.9711326796903568
120,ornamentals,0,486.29052980125425,0,225.86442449473714,0
120,seaweeds,8,5.9848716898640095,47.878973518912076,225.86442449473714,0.2119810307710841
120,fish_oil,56.743236628065,3.1366813307190533,177.98545097582505,225.86442449473714,0.7880189692289158
121,ornamentals,0,486.29052980125425,0,3.895848975450382,0
121,seaweeds,0,5.9848716898640095,0,3.895848975450382,0
121,fish_oil,1.2420289359,3.1366813307190533,3.895848975450382,3.895848975450382,1
122,ornamentals,0,486.29052980125425,0,1365.376104020887,0
122,seaweeds,114.38279999999999,11.410249494682088,1305.1362859003223,1365.376104020887,0.9558804215606492
122,fish_oil,19.204953187500003,3.1366813307190533,60.239818120564635,1365.376104020887,0.044119578439350736
123,ornamentals,0,486.29052980125425,0,185.22820229536202,0
123,seaweeds,0,1.7977249030783635,0,185.22820229536202,0
123,fish_oil,59.052285765,3.1366813307190533,185.22820229536202,185.22820229536202,1
124,ornamentals,0.015905959127891833,316.922157918,5.040950890566989,5.040950890566989,1
124,seaweeds,0,1.630039607523572,0,5.040950890566989,0
124,fish_oil,0,3.4121706069025386,0,5.040950890566989,0
125,ornamentals,0,486.29052980125425,0,279.153190609726,0
125,seaweeds,19.98,5.9848716898640095,119.57773636348291,279.153190609726,0.4283588380354937
125,fish_oil,50.87397711825,3.1366813307190533,159.57545424624305,279.153190609726,0.5716411619645062
126,ornamentals,6.766473612427955,1.3937915273125474,9.431053590786009,269.32261038023825,0.035017682241646725
126,seaweeds,0,2.196468131542705,0,269.32261038023825,0
126,fish_oil,82.85558186743651,3.1366813307190533,259.89155678945224,269.32261038023825,0.9649823177583533
127,ornamentals,0,486.29052980125425,0,269.38425326623343,0
127,seaweeds,7.98138,4.0105313660828275,32.00957483462616,269.38425326623343,0.11882496636873195
127,fish_oil,95.57293113459,2.4837019814462513,237.3746784316073,269.38425326623343,0.8811750336312681
129,ornamentals,0,8.150475647976958,0,67697.53242097037,0
129,seaweeds,0,2.0513550056946293,0,67697.53242097037,0
129,fish_oil,46582.919235,1.453269428638683,67697.53242097037,67697.53242097037,1
130,ornamentals,18.7115,6.7350566812977934,126.02301309210367,126.25600632678031,0.9981545968270721
130,seaweeds,0,10.5744,0,126.25600632678031,0
130,fish_oil,0.265929102,0.8761479391474709,0.23299323467663757,126.25600632678031,0.001845403172927838
131,ornamentals,114.038,4.8609538105775565,554.3334506506434,554.3334506506434,1
131,seaweeds,0,30.903162656890224,0,554.3334506506434,0
131,fish_oil,0,1.2879583472223477,0,554.3334506506434,0
132,ornamentals,67.6065,9.8366019029331,665.0182265506467,9054.400922004523,0.07344696046477038
132,seaweeds,0,8.172072411407227,0,9054.400922004523,0
132,fish_oil,1227.1328216669745,6.836572657275587,8389.382695453876,9054.400922004523,0.9265530395352296
133,ornamentals,0,8.150475647976958,0,106.92324401094426,0
133,seaweeds,0,132.67863946540285,0,106.92324401094426,0
133,fish_oil,131.74700840999998,0.8115800525670872,106.92324401094426,106.92324401094426,1
134,ornamentals,0,8.150475647976958,0,197.2478308714336,0
134,seaweeds,0,30.903162656890224,0,197.2478308714336,0
134,fish_oil,156.699009945,1.258768839322379,197.2478308714336,197.2478308714336,1
135,ornamentals,7.4328709845048735,12.855416452055522,95.55265194021007,257555.72265213312,3.709979765010618e-4
135,seaweeds,0,5.23237094075877,0,257555.72265213312,0
135,fish_oil,160100.37980919902,1.6081171719081695,257460.1700001929,257555.72265213312,0.9996290020234989
136,ornamentals,0,8.150475647976958,0,2192.8192936820733,0
136,seaweeds,0,3.979047872594875,0,2192.8192936820733,0
136,fish_oil,1274.9937859719855,1.7198666517502967,2192.8192936820733,2192.8192936820733,1
137,ornamentals,4.857173643631319,12.088862196033364,58.71770284006429,31574.19984744454,0.001859673503169285
137,seaweeds,75.24,27.601202536994386,2076.7144788834576,31574.19984744454,0.0657725132835484
137,fish_oil,17170.25789863791,1.7145209955207692,29438.767665721018,31574.19984744454,0.9323678132132823
138,ornamentals,16.166,1.690411936636313,27.327199367662637,3554175.9797564726,7.68875810407538e-6
138,seaweeds,0.18,0.8626407771136597,0.15527533988045875,3554175.9797564726,4.3688140588665504e-8
138,fish_oil,1552028.7245882931,2.2900017512398647,3554148.497281765,3554175.9797564726,0.9999922675537554
139,ornamentals,0.2695,10.492238498181903,2.8276582752600232,99652.00887632801,2.8375326369679676e-5
139,seaweeds,3383.19,2.71008049570118,9168.717232251276,99652.00887632801,0.09200734973270844
139,fish_oil,36330.469007925145,2.490484336055888,90480.46398580147,99652.00887632801,0.9079642749409219
140,ornamentals,0,205.89620503628353,0,141.11085529832286,0
140,seaweeds,0,21.54940777738848,0,141.11085529832286,0
140,fish_oil,104.50208920950001,1.3503161167948672,141.11085529832286,141.11085529832286,1
141,ornamentals,0,35.682075080255004,0,120516.18101979459,0
141,seaweeds,76.4,6.790346944293496,518.7825065440231,120516.18101979459,0.004304670975749007
141,fish_oil,115686.27778791089,1.037265618773242,119997.39851325056,120516.18101979459,0.995695329024251
143,ornamentals,0,35.682075080255004,0,103767.09855017973,0
143,seaweeds,0,1.303997053612148,0,103767.09855017973,0
143,fish_oil,44428.96674954488,2.335573076347599,103767.09855017973,103767.09855017973,1
144,ornamentals,0,35.682075080255004,0,24.7270520458764,0
144,seaweeds,0,6.805788005277723,0,24.7270520458764,0
144,fish_oil,9.1202280912405,2.711231758515495,24.7270520458764,24.7270520458764,1
145,ornamentals,0,35.682075080255004,0,673.548209438941,0
145,seaweeds,0,6.805788005277723,0,673.548209438941,0
145,fish_oil,248.42885796223294,2.711231758515495,673.548209438941,673.548209438941,1
146,ornamentals,0,226.96028624682836,0,0,NA
146,seaweeds,0,19.17027812971297,0,0,NA
146,fish_oil,0,3.3143394503960835,0,0,NA
147,ornamentals,40.13,10.104810952694152,405.50606353161635,2121.9814719650994,0.19109783421251558
147,seaweeds,0,36.82553680819381,0,2121.9814719650994,0
147,fish_oil,517.8936660300001,3.3143394503960835,1716.4754084334832,2121.9814719650994,0.8089021657874844
148,ornamentals,0,51.7781176852737,0,46.960678999759125,0
148,seaweeds,0,9.017254656568984,0,46.960678999759125,0
148,fish_oil,14.16894066,3.3143394503960835,46.960678999759125,46.960678999759125,1
149,ornamentals,0,205.89620503628353,0,0,NA
149,seaweeds,0,21.54940777738848,0,0,NA
149,fish_oil,0,1.3503161167948672,0,0,NA
150,ornamentals,0,205.89620503628353,0,0,NA
150,seaweeds,0,21.54940777738848,0,0,NA
150,fish_oil,0,1.3503161167948672,0,0,NA
151,ornamentals,0,226.96028624682836,0,48.94214470548681,0
151,seaweeds,0,19.17027812971297,0,48.94214470548681,0
151,fish_oil,14.766786998729998,3.3143394503960835,48.94214470548681,48.94214470548681,1
152,ornamentals,0,226.96028624682836,0,198.10893330423298,0
152,seaweeds,0.024,19.17027812971297,0.46008667511311124,198.10893330423298,0.0023223923698915835
152,fish_oil,59.63446098,3.3143394503960835,197.64884662911987,198.10893330423298,0.9976776076301085
153,ornamentals,0.8952547278941001,622.896481717058,557.6510202457971,588.6899267977013,0.9472746090276307
153,seaweeds,0,19.17027812971297,0,588.6899267977013,0
153,fish_oil,9.365035481865,3.3143394503960835,31.038906551904265,588.6899267977013,0.0527253909723693
154,ornamentals,0,226.96028624682836,0,5.066571447561016,0
154,seaweeds,0,19.17027812971297,0,5.066571447561016,0
154,fish_oil,1.5286821170219997,3.3143394503960835,5.066571447561016,5.066571447561016,1
155,ornamentals,3.3876474788282422,47.879566070733006,162.19909128690892,338.50175345577355,0.4791676546163026
155,seaweeds,9.5,1.515019451232127,14.392684786705205,338.50175345577355,0.04251878945904976
155,fish_oil,48.851356297500004,3.3143394503960835,161.9099773821594,338.50175345577355,0.4783135559246476
156,ornamentals,0,226.96028624682836,0,14.693511543110468,0
156,seaweeds,0,19.17027812971297,0,14.693511543110468,0
156,fish_oil,4.43331522405,3.3143394503960835,14.693511543110468,14.693511543110468,1
157,ornamentals,0,51.7781176852737,0,0.5964376069105071,0
157,seaweeds,0,9.017254656568984,0,0.5964376069105071,0
157,fish_oil,0.17995670505,3.3143394503960835,0.5964376069105071,0.5964376069105071,1
158,ornamentals,0,205.89620503628353,0,0,NA
158,seaweeds,0,21.54940777738848,0,0,NA
158,fish_oil,0,1.3503161167948672,0,0,NA
159,ornamentals,0,205.89620503628353,0,0,NA
159,seaweeds,0,21.54940777738848,0,0,NA
159,fish_oil,0,1.3503161167948672,0,0,NA
161,ornamentals,0,226.96028624682836,0,18.750821234925564,0
161,seaweeds,0,19.17027812971297,0,18.750821234925564,0
161,fish_oil,5.6574836451,3.3143394503960835,18.750821234925564,18.750821234925564,1
162,ornamentals,19.107547404343318,6.010057369266412,114.83745608608086,48558.08455612925,0.002364950288624708
162,seaweeds,0,24.619662631540223,0,48558.08455612925,0
162,fish_oil,18162.21487184983,2.6672543762890304,48443.24710004317,48558.08455612925,0.9976350497113753
163,ornamentals,256.27027591142416,15.984048644070224,4096.236556197502,312351.85094937444,0.013114174107652124
163,seaweeds,173.975,12.771397404254872,2221.9038634052413,312351.85094937444,0.00711346469262756
163,fish_oil,127664.19542646964,2.397177293973838,306033.7105297717,312351.85094937444,0.9797723611997203
164,ornamentals,0,8.150475647976958,0,238.43506201726,0
164,seaweeds,7.564,30.903162656890224,233.75152233671767,238.43506201726,0.9803571687782927
164,fish_oil,3.63640617,1.2879583472223477,4.6835396805423475,238.43506201726,0.019642831221707284
166,ornamentals,0,486.29052980125425,0,2250.9154837665383,0
166,seaweeds,0,15.45219577934431,0,2250.9154837665383,0
166,fish_oil,717.6105081897299,3.1366813307190533,2250.9154837665383,2250.9154837665383,1
167,ornamentals,4.712,1.0016196915369333,4.719631986522029,2065.0727209311394,0.0022854555864715268
167,seaweeds,0,6.751752552252247,0,2065.0727209311394,0
167,fish_oil,827.29012149,2.490484336055888,2060.3530889446174,2065.0727209311394,0.9977145444135285
168,ornamentals,2.9367187358921947,8.195188010225111,24.06696217378716,5277.156633011151,0.004560592729659898
168,seaweeds,0,6.751752552252247,0,5277.156633011151,0
168,fish_oil,2109.26428839,2.490484336055888,5253.089670837364,5277.156633011151,0.9954394072703401
169,ornamentals,0,20.09868996900472,0,245.43886209741297,0
169,seaweeds,0,6.751752552252247,0,245.43886209741297,0
169,fish_oil,98.550654804,2.490484336055888,245.43886209741297,245.43886209741297,1
171,ornamentals,2.823,97.38590754748633,274.9204170065539,39973.26539687201,0.006877607177622947
171,seaweeds,993.84,0.7006045071820596,696.2887834178181,39973.26539687201,0.017418861744337356
171,fish_oil,40850.75456112494,0.9547450620058658,39002.05619644764,39973.26539687201,0.9757035310780396
172,ornamentals,0,20.09868996900472,0,51551.52453181867,0
172,seaweeds,0,5.185059398985076,0,51551.52453181867,0
172,fish_oil,29552.39173207618,1.7444112476305809,51551.52453181867,51551.52453181867,1
173,ornamentals,0,20.09868996900472,0,3286.9394923725754,0
173,seaweeds,0,6.751752552252247,0,3286.9394923725754,0
173,fish_oil,1319.7993036077519,2.490484336055888,3286.9394923725754,3286.9394923725754,1
174,ornamentals,0,35.682075080255004,0,52777.86164357571,0
174,seaweeds,0,0.5991011655883155,0,52777.86164357571,0
174,fish_oil,31654.358006692077,1.667317392202928,52777.86164357571,52777.86164357571,1
175,ornamentals,3.7645,21.367027952649668,80.43617672774967,52518.140479747235,0.001531588437689803
175,seaweeds,8.591,6.337043557369734,54.44154120136338,52518.140479747235,0.0010366235495782238
175,fish_oil,28129.993296280256,1.862185397987456,52383.26276181812,52518.140479747235,0.9974317880127319
176,ornamentals,1.4565000000000001,304.90806476080604,444.09859632411406,46428.716096171185,0.009565170731928495
176,seaweeds,0,10.252545753256628,0,46428.716096171185,0
176,fish_oil,16514.044935758608,2.7845762609180325,45984.617499847074,46428.716096171185,0.9904348292680716
177,ornamentals,931.5725,14.122363101531857,13156.005100401786,48610.40151830457,0.270641769857585
177,seaweeds,0,15.950889597707238,0,48610.40151830457,0
177,fish_oil,10059.843269861334,3.5243487862402345,35454.39641790278,48610.40151830457,0.729358230142415
178,ornamentals,0.2485,4.276528909147532,1.0627174339231618,84711.87256645113,1.2545082545419201e-5
178,seaweeds,0,4.6874727655454915,0,84711.87256645113,0
178,fish_oil,32620.05683206052,2.596893386334001,84710.80984901721,84711.87256645113,0.9999874549174547
179,ornamentals,42.598,39.20272508854917,1669.9576833220176,58405.5124444015,0.02859246693386546
179,seaweeds,6.813178,1.851058531393752,12.61159126280422,58405.5124444015,2.1593152315562146e-4
179,fish_oil,24220.531283676937,2.341936372305931,56722.94316981668,58405.5124444015,0.9711916015429789
180,ornamentals,101.3845,12.78818267865354,1296.5235067839499,541207.5807270835,0.002395612243720126
180,seaweeds,0,4.790021920819748,0,541207.5807270835,0
180,fish_oil,207061.7208863069,2.607488505887348,539911.0572202995,541207.5807270835,0.9976043877562798
181,ornamentals,1.6335,6.53937718489949,10.682072631533318,138307.22942818215,7.723437650871406e-5
181,seaweeds,24.93,0.5356260315011099,13.353156965322668,138307.22942818215,9.65470642462437e-5
181,fish_oil,79708.32617578932,1.7348651117527487,138283.1941985853,138307.22942818215,0.999826218559245
182,ornamentals,5330.178,6.3072411471627134,33618.71800330146,126479.00042649174,0.2658047414190335
182,seaweeds,1.32975,13.894126879366098,18.47571521783707,126479.00042649174,1.460773342257315e-4
182,fish_oil,34923.104286510126,2.6584637478471462,92841.80670797244,126479.00042649174,0.7340491812467408
183,ornamentals,41.086,25.226171222329647,1036.442470840636,43482.03091639472,0.02383610997456537
183,seaweeds,17.8,4.2856619040307775,76.28478189174784,43482.03091639472,0.0017543978577823278
183,fish_oil,17072.730642721013,2.4816946129075466,42369.30366366234,43482.03091639472,0.9744094921676524
184,ornamentals,48.0705,10.878311661186975,522.9258807090886,73835.3372261169,0.0070823253519876955
184,seaweeds,0,12.189757863687742,0,73835.3372261169,0
184,fish_oil,31225.022849119858,2.347873745350174,73312.4113454078,73835.3372261169,0.9929176746480122
185,ornamentals,0,96.00810258075484,0,0,NA
185,seaweeds,0,9.426192418170965,0,0,NA
185,fish_oil,0,2.627716140190355,0,0,NA
186,ornamentals,0,205.89620503628353,0,299.7779640834754,0
186,seaweeds,0,21.54940777738848,0,299.7779640834754,0
186,fish_oil,222.00576617202302,1.3503161167948672,299.7779640834754,299.7779640834754,1
187,ornamentals,0,14.13724134355978,0,44271.934210262574,0
187,seaweeds,0,7.532770608648145,0,44271.934210262574,0
187,fish_oil,17601.673429103037,2.515211658061004,44271.934210262574,44271.934210262574,1
188,ornamentals,0,14.13724134355978,0,16.651127495462937,0
188,seaweeds,0,19.094189903746745,0,16.651127495462937,0
188,fish_oil,7.357922629839,2.2630201937618475,16.651127495462937,16.651127495462937,1
189,ornamentals,21.689447381085827,5.6685750933313965,122.948261212545,28889.25460505043,0.004255847473165719
189,seaweeds,0,5.181176667579971,0,28889.25460505043,0
189,fish_oil,8308.38522103149,3.462322169537841,28766.306343837885,28889.25460505043,0.9957441525268342
190,ornamentals,0,11.321183212964259,0,1880.7244496860235,0
190,seaweeds,0,7.237456207464629,0,1880.7244496860235,0
190,fish_oil,541.51660836,3.473068823100101,1880.7244496860235,1880.7244496860235,1
191,ornamentals,140.3075,2.54983670362489,357.76121329384927,125314.60982877814,0.002854904258830405
191,seaweeds,0,0.8231900761461083,0,125314.60982877814,0
191,fish_oil,22742.767508325065,5.494355450353323,124956.84861548428,125314.60982877814,0.9971450957411696
192,ornamentals,0,11.321183212964259,0,2123.8010696144697,0
192,seaweeds,0,7.237456207464629,0,2123.8010696144697,0
192,fish_oil,611.5056101073001,3.473068823100101,2123.8010696144697,2123.8010696144697,1
193,ornamentals,0,19.258237277780204,0,32186.91504075071,0
193,seaweeds,0,12.297731483596364,0,32186.91504075071,0
193,fish_oil,23232.274371254938,1.3854396916289549,32186.91504075071,32186.91504075071,1
194,ornamentals,0.059,43.53193650793651,2.568384253968254,91604.04266401201,2.80378919889884e-5
194,seaweeds,0,12.297731483596364,0,91604.04266401201,0
194,fish_oil,66117.25853765314,1.3854396916289549,91601.47427975804,91604.04266401201,0.999971962108011
195,ornamentals,0,19.258237277780204,0,12950.724700121038,0
195,seaweeds,0,12.297731483596364,0,12950.724700121038,0
195,fish_oil,9301.439540457872,1.3923355243873925,12950.724700121038,12950.724700121038,1
196,ornamentals,3.1799999999999997,12.619126710374411,40.12882293899062,57445.155672740664,6.985588683508934e-4
196,seaweeds,0,12.297731483596364,0,57445.155672740664,0
196,fish_oil,41434.51872835166,1.3854396916289549,57405.026849801674,57445.155672740664,0.9993014411316491
197,ornamentals,0.8724369126441744,1.2440866176385177,1.085387087754482,11833.225460656347,9.172368863951988e-5
197,seaweeds,0,9.017254656568984,0,11833.225460656347,0
197,fish_oil,33972.433659268194,0.3482865017043195,11832.140073568593,11833.225460656347,0.9999082763113605
198,ornamentals,0,2.6997448332403264,0,4559.076896741434,0
198,seaweeds,0,9.017254656568984,0,4559.076896741434,0
198,fish_oil,13090.018919572994,0.3482865017043195,4559.076896741434,4559.076896741434,1
199,ornamentals,0.6085,4.1554030488421345,2.528562755220439,172.53418885576272,0.014655430161347896
199,seaweeds,0,9.017254656568984,0,172.53418885576272,0
199,fish_oil,488.120054233023,0.3482865017043195,170.0056261005423,172.53418885576272,0.9853445698386522
200,ornamentals,0,2.6997448332403264,0,16582.6705344194,0
200,seaweeds,0,9.017254656568984,0,16582.6705344194,0
200,fish_oil,50641.156023565054,0.32745442317120327,16582.6705344194,16582.6705344194,1
202,ornamentals,144.15,0.9122768631722586,131.5047098262811,114743.7245792887,0.00114607321932809
202,seaweeds,109021.338,0.5790471322998425,63128.49312839185,114743.7245792887,0.5501694612045613
202,fish_oil,8989.68359487258,5.726978730423303,51483.72674107057,114743.7245792887,0.4486844655761105
203,ornamentals,62.979,11.157092500159306,702.662528567533,661954.2390048791,0.0010614971355479962
203,seaweeds,3975.3,16.740363454139153,66547.96683923938,661954.2390048791,0.10053257901827391
203,fish_oil,367946.6762239162,1.6162766185042576,594703.6096370722,661954.2390048791,0.898405923846178
204,ornamentals,0,9.542421863647292,0,2040364.7926137054,0
204,seaweeds,0,3.550992900317828,0,2040364.7926137054,0
204,fish_oil,126705.78592917659,16.10316985645933,2040364.7926137054,2040364.7926137054,1
205,ornamentals,55.094845472663856,3.921716192292957,216.06634760202417,210312.3480202705,0.001027359304557805
205,seaweeds,270.769356,1.0592111472534054,286.80192020982577,210312.3480202705,0.001363695108297602
205,fish_oil,45171.621470016,4.644718806291377,209809.47975245863,210312.3480202705,0.9976089455871445
206,ornamentals,87.66918970591331,12.869540501095171,1128.2621876184473,543251.2817352552,0.0020768698124642216
206,seaweeds,204156.30708,1.956337141503866,399398.5662128727,543251.2817352552,0.7352004121133637
206,fish_oil,90633.05118872225,1.574750617603876,142724.45333476405,543251.2817352552,0.2627227180741721
207,ornamentals,2165.6771253639026,0.2230612912207239,483.07873595085766,603176.669395153,8.008909503003062e-4
207,seaweeds,11296.08264,4.9475253707457245,55887.65545144035,603176.669395153,0.0926555324288036
207,fish_oil,392582.97889019444,1.3928416783466904,546805.9352077617,603176.669395153,0.906543576620896
208,ornamentals,2174.4477835051266,0.3200255621652886,695.878874315294,1075.5298567633522,0.6470102805043817
208,seaweeds,0,18.74954484634686,0,1075.5298567633522,0
208,fish_oil,32.71613867109,11.604394585340884,379.6509824480583,1075.5298567633522,0.35298971949561836
209,ornamentals,0.014000000000000002,12003.941733486454,168.05518426881036,41296099.00463272,4.0695171776384355e-6
209,seaweeds,4882251.5896000005,7.960828900763542,38866769.55528643,41296099.00463272,0.9411729071776548
209,fish_oil,462802.38467967603,5.24880915607931,2429161.3941620225,41296099.00463272,0.058823023305167685
210,ornamentals,2.6125000000000003,163.46731952004058,427.05837224610605,1136856.2220476076,3.7564853317768296e-4
210,seaweeds,9331.692000000001,15.241074093688582,142225.009191481,1136856.2220476076,0.12510377867776237
210,fish_oil,469538.19351691025,2.1174084839342777,994204.1544838805,1136856.2220476076,0.8745205727890599
212,ornamentals,1.8544592209097368,47.21333454143064,87.55520359025223,1121.2888545685887,0.07808443224376714
212,seaweeds,0,9.017254656568984,0,1121.2888545685887,0
212,fish_oil,311.89733774999996,3.3143394503960835,1033.7336509783365,1121.2888545685887,0.921915567756233
214,ornamentals,54.29977998063694,1.5981520215517178,86.77930314586843,9857.05673625917,0.008803774338302312
214,seaweeds,0,1.6820702495253452,0,9857.05673625917,0
214,fish_oil,11297.167751124,0.8648430870773977,9770.277433113302,9857.05673625917,0.9911962256616977
215,ornamentals,0,11.321183212964259,0,36.486070622381796,0
215,seaweeds,0,7.237456207464629,0,36.486070622381796,0
215,fish_oil,10.505426895,3.473068823100101,36.486070622381796,36.486070622381796,1
216,ornamentals,613.645,11.471768192988424,7039.593192786381,10650744.063666672,6.609484887352461e-4
216,seaweeds,8346766.16433,1.0731890253765457,8957657.844943242,10650744.063666672,0.8410358742447746
216,fish_oil,526266.5102604008,3.203788560849851,1686046.625530643,10650744.063666672,0.15830317726649015
218,ornamentals,0.3651546778441663,10.45081625796364,3.816164443885288,338598.33651583485,1.1270476054765916e-5
218,seaweeds,0,2.652328172578618,0,338598.33651583485,0
218,fish_oil,66625.6209438662,5.08204674950295,338594.52035139094,338598.33651583485,0.9999887295239451
219,ornamentals,0,13.217432451016933,0,10.992875060493935,0
219,seaweeds,0,7.711862788416744,0,10.992875060493935,0
219,fish_oil,2.93957635086,3.739612021738394,10.992875060493935,10.992875060493935,1
220,ornamentals,0,205.89620503628353,0,0,NA
220,seaweeds,0,21.54940777738848,0,0,NA
220,fish_oil,0,1.3503161167948672,0,0,NA
221,ornamentals,0,486.29052980125425,0,9.771968389751468,0
221,seaweeds,0,5.9848716898640095,0,9.771968389751468,0
221,fish_oil,3.1153844969999995,3.1366813307190533,9.771968389751468,9.771968389751468,1
222,ornamentals,2.0615,132.04721249174094,272.21532855172393,449242.7573110818,6.059426092499611e-4
222,seaweeds,0,18.779119404971095,0,449242.7573110818,0
222,fish_oil,64509.73975921083,6.959732649028787,448970.5419825301,449242.7573110818,0.99939405739075
223,ornamentals,0,35.682075080255004,0,295044.29605122027,0
223,seaweeds,158.60345,1.42124532381091,225.4144116527775,295044.29605122027,7.640019301157583e-4
223,fish_oil,199007.7588590555,1.481444157402772,294818.8816395675,295044.29605122027,0.9992359980698843
224,ornamentals,0,20.09868996900472,0,566000.5972897935,0
224,seaweeds,13445.1453,2.030607738382147,27301.81608985235,566000.5972897935,0.04823637328402634
224,fish_oil,384056.69891528424,1.40265430266266,538698.7811999412,566000.5972897935,0.9517636267159736
227,ornamentals,0,35.682075080255004,0,656.180933760765,0
227,seaweeds,0,6.805788005277723,0,656.180933760765,0
227,fish_oil,242.02318068155475,2.711231758515495,656.180933760765,656.180933760765,1
228,ornamentals,0,35.682075080255004,0,656.180933760765,0
228,seaweeds,0,6.805788005277723,0,656.180933760765,0
228,fish_oil,242.02318068155475,2.711231758515495,656.180933760765,656.180933760765,1
231,ornamentals,0,6.036675508476586,0,1912.0112309630515,0
231,seaweeds,630,0.9542586329447222,601.182938755175,1912.0112309630515,0.31442437629007447
231,fish_oil,282.2190851322,4.644718806291377,1310.8282922078765,1912.0112309630515,0.6855756237099255
232,ornamentals,0,14.13724134355978,0,8.804912005723667,0
232,seaweeds,0,12.926448465624896,0,8.804912005723667,0
232,fish_oil,3.5669228597819997,2.4684896062657766,8.804912005723667,8.804912005723667,1
237,ornamentals,0,6.036675508476586,0,0,NA
237,seaweeds,0,5.544640150386171,0,0,NA
237,fish_oil,0,4.644718806291377,0,0,NA
244,ornamentals,0.0115,594.6186581129995,6.838114568299494,10.437735702431207,0.6551339067444223
244,seaweeds,0,21.54940777738848,0,10.437735702431207,0
244,fish_oil,3.19715775,1.125881615985859,3.599621134131713,10.437735702431207,0.34486609325557765
245,ornamentals,0,205.89620503628353,0,2.925091244239356,0
245,seaweeds,0,21.54940777738848,0,2.925091244239356,0
245,fish_oil,2.16622701,1.3503161167948672,2.925091244239356,2.925091244239356,1
247,ornamentals,0,205.89620503628353,0,730.0217781151797,0
247,seaweeds,0,41.14247841327308,0,730.0217781151797,0
247,fish_oil,540.6302783736089,1.3503161167948672,730.0217781151797,730.0217781151797,1
248,ornamentals,0,205.89620503628353,0,0,NA
248,seaweeds,0,21.54940777738848,0,0,NA
248,fish_oil,0,1.3503161167948672,0,0,NA
249,ornamentals,0,205.89620503628353,0,0,NA
249,seaweeds,0,21.54940777738848,0,0,NA
249,fish_oil,0,1.3503161167948672,0,0,NA
250,ornamentals,2.9961173117524744,10.200416494755956,30.561644447023813,37.58703865208062,0.8130899784341504
250,seaweeds,0,21.54940777738848,0,37.58703865208062,0
250,fish_oil,5.202777422024999,1.3503161167948672,7.025394205056807,37.58703865208062,0.18691002156584946
