rgn_id,rgn_name,year,tourism_arrivals_ct,arrivals_method,arrivals_gapfilled
5,New Caledonia,2005,101000,UNWTO,NA
5,New Caledonia,2006,100000,UNWTO,NA
5,New Caledonia,2007,103000,UNWTO,NA
5,New Caledonia,2008,104000,UNWTO,NA
5,New Caledonia,2009,99000,UNWTO,NA
5,New Caledonia,2010,99000,UNWTO,NA
5,New Caledonia,2011,112000,UNWTO,NA
5,New Caledonia,2012,112000,UNWTO,NA
5,New Caledonia,2013,108000,UNWTO,NA
5,New Caledonia,2014,107000,UNWTO,NA
5,New Caledonia,2015,114000,UNWTO,NA
5,New Caledonia,2016,116000,UNWTO,NA
5,New Caledonia,2017,121000,UNWTO,NA
5,New Caledonia,2018,120000,UNWTO,NA
5,New Caledonia,2019,131000,UNWTO,NA
5,New Caledonia,2020,31000,UNWTO,NA
5,New Caledonia,2021,12400,UNWTO,NA
5,New Caledonia,2022,79000,UNWTO,NA
6,Vanuatu,2005,62000,UNWTO,NA
6,Vanuatu,2006,68000,UNWTO,NA
6,Vanuatu,2007,81000,UNWTO,NA
6,Vanuatu,2008,90500,UNWTO,NA
6,Vanuatu,2009,100700,UNWTO,NA
6,Vanuatu,2010,97200,UNWTO,NA
6,Vanuatu,2011,94000,UNWTO,NA
6,Vanuatu,2012,108200,UNWTO,NA
6,Vanuatu,2013,110000,UNWTO,NA
6,Vanuatu,2014,109000,UNWTO,NA
6,Vanuatu,2015,90000,UNWTO,NA
6,Vanuatu,2016,95100,UNWTO,NA
6,Vanuatu,2017,109200,UNWTO,NA
6,Vanuatu,2018,115600,UNWTO,NA
6,Vanuatu,2019,120600,UNWTO,NA
6,Vanuatu,2020,22000,UNWTO,NA
6,Vanuatu,2021,NA,NA,NA
6,Vanuatu,2022,30000,UNWTO,NA
7,Solomon Islands,2005,9400,UNWTO,NA
7,Solomon Islands,2006,11500,UNWTO,NA
7,Solomon Islands,2007,13700,UNWTO,NA
7,Solomon Islands,2008,16300,UNWTO,NA
7,Solomon Islands,2009,18300,UNWTO,NA
7,Solomon Islands,2010,20500,UNWTO,NA
7,Solomon Islands,2011,22900,UNWTO,NA
7,Solomon Islands,2012,23900,UNWTO,NA
7,Solomon Islands,2013,24400,UNWTO,NA
7,Solomon Islands,2014,20100,UNWTO,NA
7,Solomon Islands,2015,21600,UNWTO,NA
7,Solomon Islands,2016,23200,UNWTO,NA
7,Solomon Islands,2017,25700,UNWTO,NA
7,Solomon Islands,2018,27900,UNWTO,NA
7,Solomon Islands,2019,28900,UNWTO,NA
7,Solomon Islands,2020,4400,UNWTO,NA
7,Solomon Islands,2021,700,UNWTO,NA
7,Solomon Islands,2022,NA,NA,NA
8,Palau,2005,81000,UNWTO,NA
8,Palau,2006,82000,UNWTO,NA
8,Palau,2007,88000,UNWTO,NA
8,Palau,2008,81000,UNWTO,NA
8,Palau,2009,71000,UNWTO,NA
8,Palau,2010,85000,UNWTO,NA
8,Palau,2011,111000,UNWTO,NA
8,Palau,2012,120000,UNWTO,NA
8,Palau,2013,108000,UNWTO,NA
8,Palau,2014,140000,UNWTO,NA
8,Palau,2015,162000,UNWTO,NA
8,Palau,2016,138000,UNWTO,NA
8,Palau,2017,123000,UNWTO,NA
8,Palau,2018,106000,UNWTO,NA
8,Palau,2019,94000,UNWTO,NA
8,Palau,2020,18400,UNWTO,NA
8,Palau,2021,NA,NA,NA
8,Palau,2022,NA,NA,NA
9,Micronesia,2005,19000,UNWTO,NA
9,Micronesia,2006,19100,UNWTO,NA
9,Micronesia,2007,21100,UNWTO,NA
9,Micronesia,2008,25700,UNWTO,NA
9,Micronesia,2009,47500,UNWTO,NA
9,Micronesia,2010,44700,UNWTO,NA
9,Micronesia,2011,35400,UNWTO,NA
9,Micronesia,2012,38300,UNWTO,NA
9,Micronesia,2013,42100,UNWTO,NA
9,Micronesia,2014,35400,UNWTO,NA
9,Micronesia,2015,31200,UNWTO,NA
9,Micronesia,2016,29600,UNWTO,NA
9,Micronesia,2017,NA,NA,NA
9,Micronesia,2018,19200,UNWTO,NA
9,Micronesia,2019,18000,UNWTO,NA
9,Micronesia,2020,NA,NA,NA
9,Micronesia,2021,NA,NA,NA
9,Micronesia,2022,NA,NA,NA
11,Marshall Islands,2005,9200,UNWTO,NA
11,Marshall Islands,2006,5800,UNWTO,NA
11,Marshall Islands,2007,7200,UNWTO,NA
11,Marshall Islands,2008,6000,UNWTO,NA
11,Marshall Islands,2009,5400,UNWTO,NA
11,Marshall Islands,2010,4600,UNWTO,NA
11,Marshall Islands,2011,4600,UNWTO,NA
11,Marshall Islands,2012,4600,UNWTO,NA
11,Marshall Islands,2013,NA,NA,NA
11,Marshall Islands,2014,4900,UNWTO,NA
11,Marshall Islands,2015,6300,UNWTO,NA
11,Marshall Islands,2016,5400,UNWTO,NA
11,Marshall Islands,2017,6000,UNWTO,NA
11,Marshall Islands,2018,6800,UNWTO,NA
11,Marshall Islands,2019,6100,UNWTO,NA
11,Marshall Islands,2020,1200,UNWTO,NA
11,Marshall Islands,2021,35,UNWTO,NA
11,Marshall Islands,2022,NA,NA,NA
13,Northern Mariana Islands and Guam,2005,1726000,UNWTO,NA
13,Northern Mariana Islands and Guam,2006,1641000,UNWTO,NA
13,Northern Mariana Islands and Guam,2007,1610000,UNWTO,NA
13,Northern Mariana Islands and Guam,2008,1530000,UNWTO,NA
13,Northern Mariana Islands and Guam,2009,1398000,UNWTO,NA
13,Northern Mariana Islands and Guam,2010,1572000,UNWTO,NA
13,Northern Mariana Islands and Guam,2011,1496000,UNWTO,NA
13,Northern Mariana Islands and Guam,2012,1707000,UNWTO,NA
13,Northern Mariana Islands and Guam,2013,1770000,UNWTO,NA
13,Northern Mariana Islands and Guam,2014,1798000,UNWTO,NA
13,Northern Mariana Islands and Guam,2015,1884100,UNWTO,NA
13,Northern Mariana Islands and Guam,2016,2062000,UNWTO,NA
13,Northern Mariana Islands and Guam,2017,2201000,UNWTO,NA
13,Northern Mariana Islands and Guam,2018,2066000,UNWTO,NA
13,Northern Mariana Islands and Guam,2019,2151000,UNWTO,NA
13,Northern Mariana Islands and Guam,2020,415000,UNWTO,NA
13,Northern Mariana Islands and Guam,2021,91200,UNWTO,NA
13,Northern Mariana Islands and Guam,2022,424100,UNWTO,NA
15,Philippines,2005,2623000,UNWTO,NA
15,Philippines,2006,2843000,UNWTO,NA
15,Philippines,2007,3092000,UNWTO,NA
15,Philippines,2008,3139000,UNWTO,NA
15,Philippines,2009,3017000,UNWTO,NA
15,Philippines,2010,3520000,UNWTO,NA
15,Philippines,2011,3917000,UNWTO,NA
15,Philippines,2012,4273000,UNWTO,NA
15,Philippines,2013,4681000,UNWTO,NA
15,Philippines,2014,4833000,UNWTO,NA
15,Philippines,2015,5361000,UNWTO,NA
15,Philippines,2016,5967000,UNWTO,NA
15,Philippines,2017,6621000,UNWTO,NA
15,Philippines,2018,7168000,UNWTO,NA
15,Philippines,2019,8261000,UNWTO,NA
15,Philippines,2020,1483000,UNWTO,NA
15,Philippines,2021,164000,UNWTO,NA
15,Philippines,2022,2654000,UNWTO,NA
17,Papua New Guinea,2005,69000,UNWTO,NA
17,Papua New Guinea,2006,78000,UNWTO,NA
17,Papua New Guinea,2007,104000,UNWTO,NA
17,Papua New Guinea,2008,114000,UNWTO,NA
17,Papua New Guinea,2009,121000,UNWTO,NA
17,Papua New Guinea,2010,140000,UNWTO,NA
17,Papua New Guinea,2011,158000,UNWTO,NA
17,Papua New Guinea,2012,168000,UNWTO,NA
17,Papua New Guinea,2013,174000,UNWTO,NA
17,Papua New Guinea,2014,182000,UNWTO,NA
17,Papua New Guinea,2015,183000,UNWTO,NA
17,Papua New Guinea,2016,179000,UNWTO,NA
17,Papua New Guinea,2017,139000,UNWTO,NA
17,Papua New Guinea,2018,140000,UNWTO,NA
17,Papua New Guinea,2019,160000,UNWTO,NA
17,Papua New Guinea,2020,39000,UNWTO,NA
17,Papua New Guinea,2021,17000,UNWTO,NA
17,Papua New Guinea,2022,66800,UNWTO,NA
18,Fiji,2005,545000,UNWTO,NA
18,Fiji,2006,549000,UNWTO,NA
18,Fiji,2007,540000,UNWTO,NA
18,Fiji,2008,585000,UNWTO,NA
18,Fiji,2009,542000,UNWTO,NA
18,Fiji,2010,632000,UNWTO,NA
18,Fiji,2011,675000,UNWTO,NA
18,Fiji,2012,661000,UNWTO,NA
18,Fiji,2013,659000,UNWTO,NA
18,Fiji,2014,693000,UNWTO,NA
18,Fiji,2015,755000,UNWTO,NA
18,Fiji,2016,792000,UNWTO,NA
18,Fiji,2017,843000,UNWTO,NA
18,Fiji,2018,870000,UNWTO,NA
18,Fiji,2019,894000,UNWTO,NA
18,Fiji,2020,146900,UNWTO,NA
18,Fiji,2021,32000,UNWTO,NA
18,Fiji,2022,636300,UNWTO,NA
19,Tuvalu,2005,1100,UNWTO,NA
19,Tuvalu,2006,1100,UNWTO,NA
19,Tuvalu,2007,1100,UNWTO,NA
19,Tuvalu,2008,1700,UNWTO,NA
19,Tuvalu,2009,1600,UNWTO,NA
19,Tuvalu,2010,1700,UNWTO,NA
19,Tuvalu,2011,1200,UNWTO,NA
19,Tuvalu,2012,1100,UNWTO,NA
19,Tuvalu,2013,1300,UNWTO,NA
19,Tuvalu,2014,1400,UNWTO,NA
19,Tuvalu,2015,2400,UNWTO,NA
19,Tuvalu,2016,2500,UNWTO,NA
19,Tuvalu,2017,2500,UNWTO,NA
19,Tuvalu,2018,3100,UNWTO,NA
19,Tuvalu,2019,3700,UNWTO,NA
19,Tuvalu,2020,600,UNWTO,NA
19,Tuvalu,2021,40,UNWTO,NA
19,Tuvalu,2022,244,UNWTO,NA
20,South Korea,2005,NA,NA,NA
20,South Korea,2006,NA,NA,NA
20,South Korea,2007,NA,NA,NA
20,South Korea,2008,NA,NA,NA
20,South Korea,2009,NA,NA,NA
20,South Korea,2010,NA,NA,NA
20,South Korea,2011,NA,NA,NA
20,South Korea,2012,NA,NA,NA
20,South Korea,2013,11477000,arrivals minus same day,gapfilled
20,South Korea,2014,13247000,arrivals minus same day,gapfilled
20,South Korea,2015,12186000,arrivals minus same day,gapfilled
20,South Korea,2016,14984000,arrivals minus same day,gapfilled
20,South Korea,2017,12831000,arrivals minus same day,gapfilled
20,South Korea,2018,15129000,arrivals minus same day,gapfilled
20,South Korea,2019,17224000,arrivals minus same day,gapfilled
20,South Korea,2020,2516000,arrivals minus same day,gapfilled
20,South Korea,2021,967000,arrivals minus same day,gapfilled
20,South Korea,2022,3198000,arrivals minus same day,gapfilled
24,Cambodia,2005,1422000,UNWTO,NA
24,Cambodia,2006,1700000,UNWTO,NA
24,Cambodia,2007,2015000,UNWTO,NA
24,Cambodia,2008,2125000,UNWTO,NA
24,Cambodia,2009,2162000,UNWTO,NA
24,Cambodia,2010,2508000,UNWTO,NA
24,Cambodia,2011,2882000,UNWTO,NA
24,Cambodia,2012,3584000,UNWTO,NA
24,Cambodia,2013,4210000,UNWTO,NA
24,Cambodia,2014,4503000,UNWTO,NA
24,Cambodia,2015,4775000,UNWTO,NA
24,Cambodia,2016,5012000,UNWTO,NA
24,Cambodia,2017,5602000,UNWTO,NA
24,Cambodia,2018,6201000,UNWTO,NA
24,Cambodia,2019,6611000,UNWTO,NA
24,Cambodia,2020,1306000,UNWTO,NA
24,Cambodia,2021,196400,UNWTO,NA
24,Cambodia,2022,2276600,UNWTO,NA
25,Thailand,2005,11567000,UNWTO,NA
25,Thailand,2006,13822000,UNWTO,NA
25,Thailand,2007,14464000,UNWTO,NA
25,Thailand,2008,14584000,UNWTO,NA
25,Thailand,2009,14150000,UNWTO,NA
25,Thailand,2010,15936000,UNWTO,NA
25,Thailand,2011,19230000,UNWTO,NA
25,Thailand,2012,22354000,UNWTO,NA
25,Thailand,2013,26547000,UNWTO,NA
25,Thailand,2014,24810000,UNWTO,NA
25,Thailand,2015,29923000,UNWTO,NA
25,Thailand,2016,32530000,UNWTO,NA
25,Thailand,2017,35592000,UNWTO,NA
25,Thailand,2018,38178000,UNWTO,NA
25,Thailand,2019,39916000,UNWTO,NA
25,Thailand,2020,6725000,UNWTO,NA
25,Thailand,2021,511000,UNWTO,NA
25,Thailand,2022,NA,NA,NA
28,Comoro Islands,2005,25900,UNWTO,NA
28,Comoro Islands,2006,28500,UNWTO,NA
28,Comoro Islands,2007,15200,UNWTO,NA
28,Comoro Islands,2008,14800,UNWTO,NA
28,Comoro Islands,2009,11300,UNWTO,NA
28,Comoro Islands,2010,15300,UNWTO,NA
28,Comoro Islands,2011,18800,UNWTO,NA
28,Comoro Islands,2012,22800,UNWTO,NA
28,Comoro Islands,2013,21900,UNWTO,NA
28,Comoro Islands,2014,22800,UNWTO,NA
28,Comoro Islands,2015,23600,UNWTO,NA
28,Comoro Islands,2016,26800,UNWTO,NA
28,Comoro Islands,2017,28000,UNWTO,NA
28,Comoro Islands,2018,35900,UNWTO,NA
28,Comoro Islands,2019,45100,UNWTO,NA
28,Comoro Islands,2020,7000,UNWTO,NA
28,Comoro Islands,2021,28800,UNWTO,NA
28,Comoro Islands,2022,NA,NA,NA
31,Seychelles,2005,129000,UNWTO,NA
31,Seychelles,2006,141000,UNWTO,NA
31,Seychelles,2007,161000,UNWTO,NA
31,Seychelles,2008,159000,UNWTO,NA
31,Seychelles,2009,158000,UNWTO,NA
31,Seychelles,2010,175000,UNWTO,NA
31,Seychelles,2011,194000,UNWTO,NA
31,Seychelles,2012,208000,UNWTO,NA
31,Seychelles,2013,230000,UNWTO,NA
31,Seychelles,2014,233000,UNWTO,NA
31,Seychelles,2015,276000,UNWTO,NA
31,Seychelles,2016,303000,UNWTO,NA
31,Seychelles,2017,350000,UNWTO,NA
31,Seychelles,2018,362000,UNWTO,NA
31,Seychelles,2019,384000,UNWTO,NA
31,Seychelles,2020,114900,UNWTO,NA
31,Seychelles,2021,183000,UNWTO,NA
31,Seychelles,2022,332000,UNWTO,NA
32,Reunion,2005,409000,UNWTO,NA
32,Reunion,2006,279000,UNWTO,NA
32,Reunion,2007,381000,UNWTO,NA
32,Reunion,2008,396000,UNWTO,NA
32,Reunion,2009,422000,UNWTO,NA
32,Reunion,2010,420000,UNWTO,NA
32,Reunion,2011,471000,UNWTO,NA
32,Reunion,2012,447000,UNWTO,NA
32,Reunion,2013,416000,UNWTO,NA
32,Reunion,2014,406000,UNWTO,NA
32,Reunion,2015,426000,UNWTO,NA
32,Reunion,2016,458000,UNWTO,NA
32,Reunion,2017,508000,UNWTO,NA
32,Reunion,2018,535000,UNWTO,NA
32,Reunion,2019,533600,UNWTO,NA
32,Reunion,2020,216700,UNWTO,NA
32,Reunion,2021,251000,UNWTO,NA
32,Reunion,2022,495000,UNWTO,NA
37,Mauritius,2005,761000,UNWTO,NA
37,Mauritius,2006,788000,UNWTO,NA
37,Mauritius,2007,907000,UNWTO,NA
37,Mauritius,2008,930000,UNWTO,NA
37,Mauritius,2009,871000,UNWTO,NA
37,Mauritius,2010,935000,UNWTO,NA
37,Mauritius,2011,965000,UNWTO,NA
37,Mauritius,2012,965000,UNWTO,NA
37,Mauritius,2013,993000,UNWTO,NA
37,Mauritius,2014,1038000,UNWTO,NA
37,Mauritius,2015,1151000,UNWTO,NA
37,Mauritius,2016,1275000,UNWTO,NA
37,Mauritius,2017,1342000,UNWTO,NA
37,Mauritius,2018,1399000,UNWTO,NA
37,Mauritius,2019,1383000,UNWTO,NA
37,Mauritius,2020,309000,UNWTO,NA
37,Mauritius,2021,179800,UNWTO,NA
37,Mauritius,2022,997000,UNWTO,NA
39,Maldives,2005,395000,UNWTO,NA
39,Maldives,2006,602000,UNWTO,NA
39,Maldives,2007,676000,UNWTO,NA
39,Maldives,2008,683000,UNWTO,NA
39,Maldives,2009,656000,UNWTO,NA
39,Maldives,2010,792000,UNWTO,NA
39,Maldives,2011,931000,UNWTO,NA
39,Maldives,2012,958000,UNWTO,NA
39,Maldives,2013,1125000,UNWTO,NA
39,Maldives,2014,1205000,UNWTO,NA
39,Maldives,2015,1234000,UNWTO,NA
39,Maldives,2016,1286000,UNWTO,NA
39,Maldives,2017,1390000,UNWTO,NA
39,Maldives,2018,1484000,UNWTO,NA
39,Maldives,2019,1703000,UNWTO,NA
39,Maldives,2020,555000,UNWTO,NA
39,Maldives,2021,1322000,UNWTO,NA
39,Maldives,2022,1675000,UNWTO,NA
40,Sri Lanka,2005,549000,UNWTO,NA
40,Sri Lanka,2006,560000,UNWTO,NA
40,Sri Lanka,2007,494000,UNWTO,NA
40,Sri Lanka,2008,438000,UNWTO,NA
40,Sri Lanka,2009,448000,UNWTO,NA
40,Sri Lanka,2010,654000,UNWTO,NA
40,Sri Lanka,2011,856000,UNWTO,NA
40,Sri Lanka,2012,1006000,UNWTO,NA
40,Sri Lanka,2013,1275000,UNWTO,NA
40,Sri Lanka,2014,1527000,UNWTO,NA
40,Sri Lanka,2015,1798000,UNWTO,NA
40,Sri Lanka,2016,2051000,UNWTO,NA
40,Sri Lanka,2017,2116400,UNWTO,NA
40,Sri Lanka,2018,2334000,UNWTO,NA
40,Sri Lanka,2019,1914000,UNWTO,NA
40,Sri Lanka,2020,508000,UNWTO,NA
40,Sri Lanka,2021,194000,UNWTO,NA
40,Sri Lanka,2022,720000,UNWTO,NA
41,Mozambique,2005,578000,UNWTO,NA
41,Mozambique,2006,664000,UNWTO,NA
41,Mozambique,2007,771000,UNWTO,NA
41,Mozambique,2008,1193000,UNWTO,NA
41,Mozambique,2009,1461000,UNWTO,NA
41,Mozambique,2010,1718000,UNWTO,NA
41,Mozambique,2011,1902000,UNWTO,NA
41,Mozambique,2012,2113000,UNWTO,NA
41,Mozambique,2013,1886000,UNWTO,NA
41,Mozambique,2014,1661000,UNWTO,NA
41,Mozambique,2015,1552000,UNWTO,NA
41,Mozambique,2016,1639000,UNWTO,NA
41,Mozambique,2017,1447000,UNWTO,NA
41,Mozambique,2018,2743000,UNWTO,NA
41,Mozambique,2019,2019000,UNWTO,NA
41,Mozambique,2020,952000,UNWTO,NA
41,Mozambique,2021,492000,UNWTO,NA
41,Mozambique,2022,NA,NA,NA
42,Madagascar,2005,277000,UNWTO,NA
42,Madagascar,2006,312000,UNWTO,NA
42,Madagascar,2007,344000,UNWTO,NA
42,Madagascar,2008,375000,UNWTO,NA
42,Madagascar,2009,163000,UNWTO,NA
42,Madagascar,2010,196000,UNWTO,NA
42,Madagascar,2011,225000,UNWTO,NA
42,Madagascar,2012,256000,UNWTO,NA
42,Madagascar,2013,196000,UNWTO,NA
42,Madagascar,2014,222000,UNWTO,NA
42,Madagascar,2015,244000,UNWTO,NA
42,Madagascar,2016,293000,UNWTO,NA
42,Madagascar,2017,255000,UNWTO,NA
42,Madagascar,2018,291000,UNWTO,NA
42,Madagascar,2019,384000,UNWTO,NA
42,Madagascar,2020,68300,UNWTO,NA
42,Madagascar,2021,7800,UNWTO,NA
42,Madagascar,2022,NA,NA,NA
43,Kenya,2005,1399000,UNWTO,NA
43,Kenya,2006,1464000,UNWTO,NA
43,Kenya,2007,1686000,UNWTO,NA
43,Kenya,2008,1141000,UNWTO,NA
43,Kenya,2009,1392000,UNWTO,NA
43,Kenya,2010,1470000,UNWTO,NA
43,Kenya,2011,1750000,UNWTO,NA
43,Kenya,2012,1619000,UNWTO,NA
43,Kenya,2013,1434000,UNWTO,NA
43,Kenya,2014,1261000,UNWTO,NA
43,Kenya,2015,1114000,UNWTO,NA
43,Kenya,2016,1268000,UNWTO,NA
43,Kenya,2017,1364000,UNWTO,NA
43,Kenya,2018,NA,NA,NA
43,Kenya,2019,NA,NA,NA
43,Kenya,2020,NA,NA,NA
43,Kenya,2021,NA,NA,NA
43,Kenya,2022,NA,NA,NA
46,Djibouti,2005,30200,UNWTO,NA
46,Djibouti,2006,39500,UNWTO,NA
46,Djibouti,2007,40000,UNWTO,NA
46,Djibouti,2008,54000,UNWTO,NA
46,Djibouti,2009,58000,UNWTO,NA
46,Djibouti,2010,51000,UNWTO,NA
46,Djibouti,2011,56000,UNWTO,NA
46,Djibouti,2012,60000,UNWTO,NA
46,Djibouti,2013,63000,UNWTO,NA
46,Djibouti,2014,NA,NA,NA
46,Djibouti,2015,NA,NA,NA
46,Djibouti,2016,NA,NA,NA
46,Djibouti,2017,133000,UNWTO,NA
46,Djibouti,2018,142000,UNWTO,NA
46,Djibouti,2019,167000,UNWTO,NA
46,Djibouti,2020,75000,UNWTO,NA
46,Djibouti,2021,114000,UNWTO,NA
46,Djibouti,2022,145000,UNWTO,NA
47,Yemen,2005,336000,UNWTO,NA
47,Yemen,2006,1061000,UNWTO,NA
47,Yemen,2007,948000,UNWTO,NA
47,Yemen,2008,1023000,UNWTO,NA
47,Yemen,2009,1028000,UNWTO,NA
47,Yemen,2010,1025000,UNWTO,NA
47,Yemen,2011,829000,UNWTO,NA
47,Yemen,2012,874000,UNWTO,NA
47,Yemen,2013,990000,UNWTO,NA
47,Yemen,2014,1017500,UNWTO,NA
47,Yemen,2015,366700,UNWTO,NA
47,Yemen,2016,NA,NA,NA
47,Yemen,2017,NA,NA,NA
47,Yemen,2018,NA,NA,NA
47,Yemen,2019,NA,NA,NA
47,Yemen,2020,NA,NA,NA
47,Yemen,2021,NA,NA,NA
47,Yemen,2022,NA,NA,NA
48,Oman,2005,891000,UNWTO,NA
48,Oman,2006,1066000,UNWTO,NA
48,Oman,2007,1223000,UNWTO,NA
48,Oman,2008,1373000,UNWTO,NA
48,Oman,2009,1521000,UNWTO,NA
48,Oman,2010,1441000,UNWTO,NA
48,Oman,2011,1018000,UNWTO,NA
48,Oman,2012,1241000,UNWTO,NA
48,Oman,2013,1392000,UNWTO,NA
48,Oman,2014,1611000,UNWTO,NA
48,Oman,2015,1909000,UNWTO,NA
48,Oman,2016,2335000,UNWTO,NA
48,Oman,2017,2316000,UNWTO,NA
48,Oman,2018,2301000,UNWTO,NA
48,Oman,2019,2500000,UNWTO,NA
48,Oman,2020,622400,UNWTO,NA
48,Oman,2021,464000,UNWTO,NA
48,Oman,2022,2059000,UNWTO,NA
49,Sudan,2005,246000,UNWTO,NA
49,Sudan,2006,328000,UNWTO,NA
49,Sudan,2007,436000,UNWTO,NA
49,Sudan,2008,440000,UNWTO,NA
49,Sudan,2009,420000,UNWTO,NA
49,Sudan,2010,495000,UNWTO,NA
49,Sudan,2011,536000,UNWTO,NA
49,Sudan,2012,575000,UNWTO,NA
49,Sudan,2013,591000,UNWTO,NA
49,Sudan,2014,684000,UNWTO,NA
49,Sudan,2015,741000,UNWTO,NA
49,Sudan,2016,800000,UNWTO,NA
49,Sudan,2017,813000,UNWTO,NA
49,Sudan,2018,836000,UNWTO,NA
49,Sudan,2019,NA,NA,NA
49,Sudan,2020,NA,NA,NA
49,Sudan,2021,NA,NA,NA
49,Sudan,2022,NA,NA,NA
50,Saudi Arabia,2005,8037000,UNWTO,NA
50,Saudi Arabia,2006,8620000,UNWTO,NA
50,Saudi Arabia,2007,11531000,UNWTO,NA
50,Saudi Arabia,2008,14757000,UNWTO,NA
50,Saudi Arabia,2009,10897000,UNWTO,NA
50,Saudi Arabia,2010,10850000,UNWTO,NA
50,Saudi Arabia,2011,14179000,UNWTO,NA
50,Saudi Arabia,2012,16332000,UNWTO,NA
50,Saudi Arabia,2013,15772000,UNWTO,NA
50,Saudi Arabia,2014,18260000,UNWTO,NA
50,Saudi Arabia,2015,17994000,UNWTO,NA
50,Saudi Arabia,2016,18044000,UNWTO,NA
50,Saudi Arabia,2017,16109000,UNWTO,NA
50,Saudi Arabia,2018,15334000,UNWTO,NA
50,Saudi Arabia,2019,17526000,UNWTO,NA
50,Saudi Arabia,2020,4138000,UNWTO,NA
50,Saudi Arabia,2021,3477000,UNWTO,NA
50,Saudi Arabia,2022,16638000,UNWTO,NA
51,Kuwait,2005,104000,UNWTO,NA
51,Kuwait,2006,185000,UNWTO,NA
51,Kuwait,2007,293000,UNWTO,NA
51,Kuwait,2008,259000,UNWTO,NA
51,Kuwait,2009,297000,UNWTO,NA
51,Kuwait,2010,207000,UNWTO,NA
51,Kuwait,2011,269000,UNWTO,NA
51,Kuwait,2012,300000,UNWTO,NA
51,Kuwait,2013,307000,UNWTO,NA
51,Kuwait,2014,198000,UNWTO,NA
51,Kuwait,2015,182000,UNWTO,NA
51,Kuwait,2016,203000,UNWTO,NA
51,Kuwait,2017,183000,UNWTO,NA
51,Kuwait,2018,200000,UNWTO,NA
51,Kuwait,2019,153000,UNWTO,NA
51,Kuwait,2020,86000,UNWTO,NA
51,Kuwait,2021,85000,UNWTO,NA
51,Kuwait,2022,NA,NA,NA
52,Bahrain,2005,3914000,UNWTO,NA
52,Bahrain,2006,4519000,UNWTO,NA
52,Bahrain,2007,4935000,UNWTO,NA
52,Bahrain,2008,NA,NA,NA
52,Bahrain,2009,NA,NA,NA
52,Bahrain,2010,NA,NA,NA
52,Bahrain,2011,NA,NA,NA
52,Bahrain,2012,NA,NA,NA
52,Bahrain,2013,NA,NA,NA
52,Bahrain,2014,NA,NA,NA
52,Bahrain,2015,3964000,UNWTO,NA
52,Bahrain,2016,3990000,UNWTO,NA
52,Bahrain,2017,4373000,UNWTO,NA
52,Bahrain,2018,4366000,UNWTO,NA
52,Bahrain,2019,3849000,UNWTO,NA
52,Bahrain,2020,827000,UNWTO,NA
52,Bahrain,2021,2182000,UNWTO,NA
52,Bahrain,2022,3712000,UNWTO,NA
53,Pakistan,2005,798000,UNWTO,NA
53,Pakistan,2006,898000,UNWTO,NA
53,Pakistan,2007,840000,UNWTO,NA
53,Pakistan,2008,823000,UNWTO,NA
53,Pakistan,2009,855000,UNWTO,NA
53,Pakistan,2010,907000,UNWTO,NA
53,Pakistan,2011,1161000,UNWTO,NA
53,Pakistan,2012,966000,UNWTO,NA
53,Pakistan,2013,NA,NA,NA
53,Pakistan,2014,NA,NA,NA
53,Pakistan,2015,NA,NA,NA
53,Pakistan,2016,NA,NA,NA
53,Pakistan,2017,NA,NA,NA
53,Pakistan,2018,NA,NA,NA
53,Pakistan,2019,NA,NA,NA
53,Pakistan,2020,NA,NA,NA
53,Pakistan,2021,NA,NA,NA
53,Pakistan,2022,NA,NA,NA
54,United Arab Emirates,2005,7126000,UNWTO,NA
54,United Arab Emirates,2006,NA,NA,NA
54,United Arab Emirates,2007,NA,NA,NA
54,United Arab Emirates,2008,NA,NA,NA
54,United Arab Emirates,2009,NA,NA,NA
54,United Arab Emirates,2010,NA,NA,NA
54,United Arab Emirates,2011,NA,NA,NA
54,United Arab Emirates,2012,NA,NA,NA
54,United Arab Emirates,2013,NA,NA,NA
54,United Arab Emirates,2014,16232000,UNWTO,NA
54,United Arab Emirates,2015,16842000,UNWTO,NA
54,United Arab Emirates,2016,18143000,UNWTO,NA
54,United Arab Emirates,2017,19168000,UNWTO,NA
54,United Arab Emirates,2018,20214000,UNWTO,NA
54,United Arab Emirates,2019,21561000,UNWTO,NA
54,United Arab Emirates,2020,7165000,UNWTO,NA
54,United Arab Emirates,2021,11479000,UNWTO,NA
54,United Arab Emirates,2022,NA,NA,NA
56,Cape Verde,2005,198000,UNWTO,NA
56,Cape Verde,2006,242000,UNWTO,NA
56,Cape Verde,2007,267000,UNWTO,NA
56,Cape Verde,2008,285000,UNWTO,NA
56,Cape Verde,2009,287000,UNWTO,NA
56,Cape Verde,2010,336000,UNWTO,NA
56,Cape Verde,2011,428000,UNWTO,NA
56,Cape Verde,2012,482000,UNWTO,NA
56,Cape Verde,2013,503000,UNWTO,NA
56,Cape Verde,2014,494000,UNWTO,NA
56,Cape Verde,2015,520000,UNWTO,NA
56,Cape Verde,2016,598000,UNWTO,NA
56,Cape Verde,2017,668000,UNWTO,NA
56,Cape Verde,2018,710000,UNWTO,NA
56,Cape Verde,2019,758000,UNWTO,NA
56,Cape Verde,2020,180000,UNWTO,NA
56,Cape Verde,2021,135000,UNWTO,NA
56,Cape Verde,2022,785000,UNWTO,NA
59,Belgium,2005,6747000,UNWTO,NA
59,Belgium,2006,6995000,UNWTO,NA
59,Belgium,2007,7045000,UNWTO,NA
59,Belgium,2008,7165000,UNWTO,NA
59,Belgium,2009,6815000,UNWTO,NA
59,Belgium,2010,7186000,UNWTO,NA
59,Belgium,2011,7494000,UNWTO,NA
59,Belgium,2012,7560000,UNWTO,NA
59,Belgium,2013,7684000,UNWTO,NA
59,Belgium,2014,7887000,UNWTO,NA
59,Belgium,2015,8355000,UNWTO,NA
59,Belgium,2016,7481000,UNWTO,NA
59,Belgium,2017,8385000,UNWTO,NA
59,Belgium,2018,9119000,UNWTO,NA
59,Belgium,2019,9343000,UNWTO,NA
59,Belgium,2020,2584000,UNWTO,NA
59,Belgium,2021,3243000,UNWTO,NA
59,Belgium,2022,8220000,UNWTO,NA
61,Tunisia,2005,6378000,UNWTO,NA
61,Tunisia,2006,6550000,UNWTO,NA
61,Tunisia,2007,6762000,UNWTO,NA
61,Tunisia,2008,7050000,UNWTO,NA
61,Tunisia,2009,7797000,UNWTO,NA
61,Tunisia,2010,7828000,UNWTO,NA
61,Tunisia,2011,5746000,UNWTO,NA
61,Tunisia,2012,6999000,UNWTO,NA
61,Tunisia,2013,7352000,UNWTO,NA
61,Tunisia,2014,7163000,UNWTO,NA
61,Tunisia,2015,5359000,UNWTO,NA
61,Tunisia,2016,5724000,UNWTO,NA
61,Tunisia,2017,7052000,UNWTO,NA
61,Tunisia,2018,8299000,UNWTO,NA
61,Tunisia,2019,9429000,UNWTO,NA
61,Tunisia,2020,2012000,UNWTO,NA
61,Tunisia,2021,2475000,UNWTO,NA
61,Tunisia,2022,6441000,UNWTO,NA
62,Morocco,2005,5843000,UNWTO,NA
62,Morocco,2006,6558000,UNWTO,NA
62,Morocco,2007,7408000,UNWTO,NA
62,Morocco,2008,7879000,UNWTO,NA
62,Morocco,2009,8341000,UNWTO,NA
62,Morocco,2010,9288000,UNWTO,NA
62,Morocco,2011,9342000,UNWTO,NA
62,Morocco,2012,9375000,UNWTO,NA
62,Morocco,2013,10046000,UNWTO,NA
62,Morocco,2014,10283000,UNWTO,NA
62,Morocco,2015,10177000,UNWTO,NA
62,Morocco,2016,10332000,UNWTO,NA
62,Morocco,2017,11349000,UNWTO,NA
62,Morocco,2018,12289000,UNWTO,NA
62,Morocco,2019,12932000,UNWTO,NA
62,Morocco,2020,2778000,UNWTO,NA
62,Morocco,2021,3722000,UNWTO,NA
62,Morocco,2022,10869000,UNWTO,NA
65,Gambia,2005,108000,UNWTO,NA
65,Gambia,2006,125000,UNWTO,NA
65,Gambia,2007,143000,UNWTO,NA
65,Gambia,2008,147000,UNWTO,NA
65,Gambia,2009,142000,UNWTO,NA
65,Gambia,2010,91000,UNWTO,NA
65,Gambia,2011,106000,UNWTO,NA
65,Gambia,2012,157000,UNWTO,NA
65,Gambia,2013,171000,UNWTO,NA
65,Gambia,2014,156000,UNWTO,NA
65,Gambia,2015,449000,UNWTO,NA
65,Gambia,2016,450000,UNWTO,NA
65,Gambia,2017,522000,UNWTO,NA
65,Gambia,2018,552000,UNWTO,NA
65,Gambia,2019,620000,UNWTO,NA
65,Gambia,2020,246000,UNWTO,NA
65,Gambia,2021,332000,UNWTO,NA
65,Gambia,2022,570000,UNWTO,NA
66,Senegal,2005,769000,UNWTO,NA
66,Senegal,2006,866000,UNWTO,NA
66,Senegal,2007,875000,UNWTO,NA
66,Senegal,2008,867000,UNWTO,NA
66,Senegal,2009,810000,UNWTO,NA
66,Senegal,2010,900000,UNWTO,NA
66,Senegal,2011,968000,UNWTO,NA
66,Senegal,2012,962000,UNWTO,NA
66,Senegal,2013,1063000,UNWTO,NA
66,Senegal,2014,963000,UNWTO,NA
66,Senegal,2015,1006600,UNWTO,NA
66,Senegal,2016,1210000,UNWTO,NA
66,Senegal,2017,1365000,UNWTO,NA
66,Senegal,2018,NA,NA,NA
66,Senegal,2019,NA,NA,NA
66,Senegal,2020,NA,NA,NA
66,Senegal,2021,NA,NA,NA
66,Senegal,2022,NA,NA,NA
67,Libya,2005,81000,UNWTO,NA
67,Libya,2006,42000,UNWTO,NA
67,Libya,2007,38000,UNWTO,NA
67,Libya,2008,34000,UNWTO,NA
67,Libya,2009,NA,NA,NA
67,Libya,2010,NA,NA,NA
67,Libya,2011,NA,NA,NA
67,Libya,2012,NA,NA,NA
67,Libya,2013,NA,NA,NA
67,Libya,2014,NA,NA,NA
67,Libya,2015,NA,NA,NA
67,Libya,2016,NA,NA,NA
67,Libya,2017,NA,NA,NA
67,Libya,2018,NA,NA,NA
67,Libya,2019,NA,NA,NA
67,Libya,2020,NA,NA,NA
67,Libya,2021,NA,NA,NA
67,Libya,2022,NA,NA,NA
68,Malta,2005,1171000,UNWTO,NA
68,Malta,2006,1124000,UNWTO,NA
68,Malta,2007,1244000,UNWTO,NA
68,Malta,2008,1291000,UNWTO,NA
68,Malta,2009,1182000,UNWTO,NA
68,Malta,2010,1339000,UNWTO,NA
68,Malta,2011,1415000,UNWTO,NA
68,Malta,2012,1443000,UNWTO,NA
68,Malta,2013,1582000,UNWTO,NA
68,Malta,2014,1690000,UNWTO,NA
68,Malta,2015,1783000,UNWTO,NA
68,Malta,2016,1966000,UNWTO,NA
68,Malta,2017,2274000,UNWTO,NA
68,Malta,2018,2599000,UNWTO,NA
68,Malta,2019,2753000,UNWTO,NA
68,Malta,2020,659000,UNWTO,NA
68,Malta,2021,968000,UNWTO,NA
68,Malta,2022,2286600,UNWTO,NA
69,Latvia,2005,1116000,UNWTO,NA
69,Latvia,2006,1535000,UNWTO,NA
69,Latvia,2007,1653000,UNWTO,NA
69,Latvia,2008,1684000,UNWTO,NA
69,Latvia,2009,1323000,UNWTO,NA
69,Latvia,2010,1373000,UNWTO,NA
69,Latvia,2011,1493000,UNWTO,NA
69,Latvia,2012,1435000,UNWTO,NA
69,Latvia,2013,1536000,UNWTO,NA
69,Latvia,2014,1843000,UNWTO,NA
69,Latvia,2015,2024000,UNWTO,NA
69,Latvia,2016,1793000,UNWTO,NA
69,Latvia,2017,1949000,UNWTO,NA
69,Latvia,2018,1946000,UNWTO,NA
69,Latvia,2019,1935000,UNWTO,NA
69,Latvia,2020,636000,UNWTO,NA
69,Latvia,2021,478000,UNWTO,NA
69,Latvia,2022,NA,NA,NA
70,Estonia,2005,1917000,UNWTO,NA
70,Estonia,2006,1940000,UNWTO,NA
70,Estonia,2007,1900000,UNWTO,NA
70,Estonia,2008,2222000,UNWTO,NA
70,Estonia,2009,2180000,UNWTO,NA
70,Estonia,2010,2511000,UNWTO,NA
70,Estonia,2011,2823000,UNWTO,NA
70,Estonia,2012,2957000,UNWTO,NA
70,Estonia,2013,3111000,UNWTO,NA
70,Estonia,2014,3160000,UNWTO,NA
70,Estonia,2015,2961000,UNWTO,NA
70,Estonia,2016,3131000,UNWTO,NA
70,Estonia,2017,3244000,UNWTO,NA
70,Estonia,2018,3226000,UNWTO,NA
70,Estonia,2019,3336000,UNWTO,NA
70,Estonia,2020,1023000,UNWTO,NA
70,Estonia,2021,808000,UNWTO,NA
70,Estonia,2022,2166000,UNWTO,NA
71,Bulgaria,2005,4837000,UNWTO,NA
71,Bulgaria,2006,5158000,UNWTO,NA
71,Bulgaria,2007,5151000,UNWTO,NA
71,Bulgaria,2008,5780000,UNWTO,NA
71,Bulgaria,2009,5739000,UNWTO,NA
71,Bulgaria,2010,6047000,UNWTO,NA
71,Bulgaria,2011,6328000,UNWTO,NA
71,Bulgaria,2012,6541000,UNWTO,NA
71,Bulgaria,2013,6898000,UNWTO,NA
71,Bulgaria,2014,7311000,UNWTO,NA
71,Bulgaria,2015,7099000,UNWTO,NA
71,Bulgaria,2016,8252000,UNWTO,NA
71,Bulgaria,2017,8883000,UNWTO,NA
71,Bulgaria,2018,9273000,UNWTO,NA
71,Bulgaria,2019,7775000,UNWTO,NA
71,Bulgaria,2020,1290000,UNWTO,NA
71,Bulgaria,2021,2300000,UNWTO,NA
71,Bulgaria,2022,5557000,UNWTO,NA
73,Russia,2005,19940000,UNWTO,NA
73,Russia,2006,21913000,arrivals minus same day,gapfilled
73,Russia,2007,21760000,arrivals minus same day,gapfilled
73,Russia,2008,22424000,arrivals minus same day,gapfilled
73,Russia,2009,20092000,arrivals minus same day,gapfilled
73,Russia,2010,21085000,arrivals minus same day,gapfilled
73,Russia,2011,23663000,arrivals minus same day,gapfilled
73,Russia,2012,26826000,arrivals minus same day,gapfilled
73,Russia,2013,29306000,arrivals minus same day,gapfilled
73,Russia,2014,NA,NA,NA
73,Russia,2015,32059000,arrivals minus same day,gapfilled
73,Russia,2016,NA,NA,NA
73,Russia,2017,NA,NA,NA
73,Russia,2018,NA,NA,NA
73,Russia,2019,NA,NA,NA
73,Russia,2020,NA,NA,NA
73,Russia,2021,NA,NA,NA
73,Russia,2022,NA,NA,NA
74,Georgia,2005,NA,NA,NA
74,Georgia,2006,NA,NA,NA
74,Georgia,2007,NA,NA,NA
74,Georgia,2008,NA,NA,NA
74,Georgia,2009,NA,NA,NA
74,Georgia,2010,1067000,UNWTO,NA
74,Georgia,2011,1833000,UNWTO,NA
74,Georgia,2012,2460000,UNWTO,NA
74,Georgia,2013,2884000,UNWTO,NA
74,Georgia,2014,2939000,UNWTO,NA
74,Georgia,2015,3012000,UNWTO,NA
74,Georgia,2016,3297000,UNWTO,NA
74,Georgia,2017,4069400,UNWTO,NA
74,Georgia,2018,4757000,UNWTO,NA
74,Georgia,2019,5080400,UNWTO,NA
74,Georgia,2020,1087000,UNWTO,NA
74,Georgia,2021,1577000,UNWTO,NA
74,Georgia,2022,3653000,UNWTO,NA
75,Ukraine,2005,17631000,UNWTO,NA
75,Ukraine,2006,18936000,UNWTO,NA
75,Ukraine,2007,23122000,UNWTO,NA
75,Ukraine,2008,25449000,UNWTO,NA
75,Ukraine,2009,20798000,UNWTO,NA
75,Ukraine,2010,21203000,UNWTO,NA
75,Ukraine,2011,21415000,UNWTO,NA
75,Ukraine,2012,23013000,UNWTO,NA
75,Ukraine,2013,24671000,UNWTO,NA
75,Ukraine,2014,12712000,UNWTO,NA
75,Ukraine,2015,12428000,UNWTO,NA
75,Ukraine,2016,13333000,UNWTO,NA
75,Ukraine,2017,14230000,UNWTO,NA
75,Ukraine,2018,14104000,UNWTO,NA
75,Ukraine,2019,13438000,UNWTO,NA
75,Ukraine,2020,3141000,UNWTO,NA
75,Ukraine,2021,3973000,UNWTO,NA
75,Ukraine,2022,2173000,UNWTO,NA
76,Turkey,2005,20273000,UNWTO,NA
76,Turkey,2006,18916000,UNWTO,NA
76,Turkey,2007,26122000,UNWTO,NA
76,Turkey,2008,29792000,UNWTO,NA
76,Turkey,2009,30187000,UNWTO,NA
76,Turkey,2010,31364000,UNWTO,NA
76,Turkey,2011,34654000,UNWTO,NA
76,Turkey,2012,35698000,UNWTO,NA
76,Turkey,2013,37795000,UNWTO,NA
76,Turkey,2014,39811000,UNWTO,NA
76,Turkey,2015,39478000,UNWTO,NA
76,Turkey,2016,30289000,UNWTO,NA
76,Turkey,2017,37601000,UNWTO,NA
76,Turkey,2018,45768000,UNWTO,NA
76,Turkey,2019,51192000,UNWTO,NA
76,Turkey,2020,15894000,UNWTO,NA
76,Turkey,2021,29925000,UNWTO,NA
76,Turkey,2022,50453000,UNWTO,NA
77,Syria,2005,3571000,UNWTO,NA
77,Syria,2006,4231000,UNWTO,NA
77,Syria,2007,4158000,UNWTO,NA
77,Syria,2008,5430000,UNWTO,NA
77,Syria,2009,6092000,UNWTO,NA
77,Syria,2010,8546000,UNWTO,NA
77,Syria,2011,5070000,UNWTO,NA
77,Syria,2012,NA,NA,NA
77,Syria,2013,NA,NA,NA
77,Syria,2014,NA,NA,NA
77,Syria,2015,NA,NA,NA
77,Syria,2016,NA,NA,NA
77,Syria,2017,NA,NA,NA
77,Syria,2018,NA,NA,NA
77,Syria,2019,NA,NA,NA
77,Syria,2020,NA,NA,NA
77,Syria,2021,NA,NA,NA
77,Syria,2022,NA,NA,NA
78,Lebanon,2005,1140000,UNWTO,NA
78,Lebanon,2006,1063000,UNWTO,NA
78,Lebanon,2007,1017000,UNWTO,NA
78,Lebanon,2008,1333000,UNWTO,NA
78,Lebanon,2009,1844000,UNWTO,NA
78,Lebanon,2010,2168000,UNWTO,NA
78,Lebanon,2011,1655000,UNWTO,NA
78,Lebanon,2012,1366000,UNWTO,NA
78,Lebanon,2013,1274000,UNWTO,NA
78,Lebanon,2014,1355000,UNWTO,NA
78,Lebanon,2015,1518000,UNWTO,NA
78,Lebanon,2016,1688000,UNWTO,NA
78,Lebanon,2017,1857000,UNWTO,NA
78,Lebanon,2018,1964000,UNWTO,NA
78,Lebanon,2019,1936000,UNWTO,NA
78,Lebanon,2020,414000,UNWTO,NA
78,Lebanon,2021,890000,UNWTO,NA
78,Lebanon,2022,1466000,UNWTO,NA
79,Israel,2005,1903000,UNWTO,NA
79,Israel,2006,1825000,UNWTO,NA
79,Israel,2007,2067000,UNWTO,NA
79,Israel,2008,2572000,UNWTO,NA
79,Israel,2009,2321000,UNWTO,NA
79,Israel,2010,2803000,UNWTO,NA
79,Israel,2011,2820000,UNWTO,NA
79,Israel,2012,2886000,UNWTO,NA
79,Israel,2013,2962000,UNWTO,NA
79,Israel,2014,2927000,UNWTO,NA
79,Israel,2015,2799000,UNWTO,NA
79,Israel,2016,2900000,UNWTO,NA
79,Israel,2017,3613000,UNWTO,NA
79,Israel,2018,4121000,UNWTO,NA
79,Israel,2019,4552000,UNWTO,NA
79,Israel,2020,831000,UNWTO,NA
79,Israel,2021,397000,UNWTO,NA
79,Israel,2022,2675000,UNWTO,NA
80,Greece,2005,14765000,UNWTO,NA
80,Greece,2006,16039000,UNWTO,NA
80,Greece,2007,16165000,UNWTO,NA
80,Greece,2008,15939000,UNWTO,NA
80,Greece,2009,14915000,UNWTO,NA
80,Greece,2010,15007000,UNWTO,NA
80,Greece,2011,16427000,UNWTO,NA
80,Greece,2012,15518000,UNWTO,NA
80,Greece,2013,17920000,UNWTO,NA
80,Greece,2014,22033000,UNWTO,NA
80,Greece,2015,23599000,UNWTO,NA
80,Greece,2016,24799000,UNWTO,NA
80,Greece,2017,27194000,UNWTO,NA
80,Greece,2018,30123000,UNWTO,NA
80,Greece,2019,31348400,UNWTO,NA
80,Greece,2020,7374400,UNWTO,NA
80,Greece,2021,14705000,UNWTO,NA
80,Greece,2022,27836000,UNWTO,NA
81,Cyprus,2005,2470000,UNWTO,NA
81,Cyprus,2006,2401000,UNWTO,NA
81,Cyprus,2007,2416000,UNWTO,NA
81,Cyprus,2008,2404000,UNWTO,NA
81,Cyprus,2009,2141000,UNWTO,NA
81,Cyprus,2010,2173000,UNWTO,NA
81,Cyprus,2011,2392000,UNWTO,NA
81,Cyprus,2012,2465000,UNWTO,NA
81,Cyprus,2013,2405000,UNWTO,NA
81,Cyprus,2014,2441000,UNWTO,NA
81,Cyprus,2015,2659000,UNWTO,NA
81,Cyprus,2016,3187000,UNWTO,NA
81,Cyprus,2017,3652000,UNWTO,NA
81,Cyprus,2018,3939000,UNWTO,NA
81,Cyprus,2019,3977000,UNWTO,NA
81,Cyprus,2020,632000,UNWTO,NA
81,Cyprus,2021,1937000,UNWTO,NA
81,Cyprus,2022,NA,NA,NA
82,Albania,2005,NA,NA,NA
82,Albania,2006,NA,NA,NA
82,Albania,2007,1062000,UNWTO,NA
82,Albania,2008,1247000,UNWTO,NA
82,Albania,2009,1711000,UNWTO,NA
82,Albania,2010,2191000,UNWTO,NA
82,Albania,2011,2469000,UNWTO,NA
82,Albania,2012,3156000,UNWTO,NA
82,Albania,2013,2857000,UNWTO,NA
82,Albania,2014,3341000,UNWTO,NA
82,Albania,2015,3784000,UNWTO,NA
82,Albania,2016,4070000,UNWTO,NA
82,Albania,2017,4643000,UNWTO,NA
82,Albania,2018,5340000,UNWTO,NA
82,Albania,2019,6128000,UNWTO,NA
82,Albania,2020,2604000,UNWTO,NA
82,Albania,2021,5515000,UNWTO,NA
82,Albania,2022,7104700,UNWTO,NA
96,Sierra Leone,2005,40000,UNWTO,NA
96,Sierra Leone,2006,33700,UNWTO,NA
96,Sierra Leone,2007,32200,UNWTO,NA
96,Sierra Leone,2008,36000,UNWTO,NA
96,Sierra Leone,2009,37000,UNWTO,NA
96,Sierra Leone,2010,39000,UNWTO,NA
96,Sierra Leone,2011,52000,UNWTO,NA
96,Sierra Leone,2012,60000,UNWTO,NA
96,Sierra Leone,2013,81000,UNWTO,NA
96,Sierra Leone,2014,44000,UNWTO,NA
96,Sierra Leone,2015,24000,UNWTO,NA
96,Sierra Leone,2016,55000,UNWTO,NA
96,Sierra Leone,2017,51000,UNWTO,NA
96,Sierra Leone,2018,57000,UNWTO,NA
96,Sierra Leone,2019,63000,UNWTO,NA
96,Sierra Leone,2020,24000,UNWTO,NA
96,Sierra Leone,2021,40000,UNWTO,NA
96,Sierra Leone,2022,NA,NA,NA
98,Togo,2005,81000,UNWTO,NA
98,Togo,2006,94000,UNWTO,NA
98,Togo,2007,86000,UNWTO,NA
98,Togo,2008,74000,UNWTO,NA
98,Togo,2009,150000,UNWTO,NA
98,Togo,2010,202000,UNWTO,NA
98,Togo,2011,300000,UNWTO,NA
98,Togo,2012,235000,UNWTO,NA
98,Togo,2013,327000,UNWTO,NA
98,Togo,2014,282000,UNWTO,NA
98,Togo,2015,273000,UNWTO,NA
98,Togo,2016,338000,UNWTO,NA
98,Togo,2017,514000,UNWTO,NA
98,Togo,2018,573000,UNWTO,NA
98,Togo,2019,876000,UNWTO,NA
98,Togo,2020,482000,UNWTO,NA
98,Togo,2021,NA,NA,NA
98,Togo,2022,NA,NA,NA
99,Benin,2005,176000,UNWTO,NA
99,Benin,2006,180000,UNWTO,NA
99,Benin,2007,186000,UNWTO,NA
99,Benin,2008,188000,UNWTO,NA
99,Benin,2009,190000,UNWTO,NA
99,Benin,2010,199000,UNWTO,NA
99,Benin,2011,209000,UNWTO,NA
99,Benin,2012,220000,UNWTO,NA
99,Benin,2013,231000,UNWTO,NA
99,Benin,2014,242000,UNWTO,NA
99,Benin,2015,255000,UNWTO,NA
99,Benin,2016,267000,UNWTO,NA
99,Benin,2017,281000,UNWTO,NA
99,Benin,2018,295000,UNWTO,NA
99,Benin,2019,309000,UNWTO,NA
99,Benin,2020,325000,UNWTO,NA
99,Benin,2021,NA,NA,NA
99,Benin,2022,NA,NA,NA
100,Republique du Congo,2005,35000,UNWTO,NA
100,Republique du Congo,2006,46000,UNWTO,NA
100,Republique du Congo,2007,55000,UNWTO,NA
100,Republique du Congo,2008,62000,UNWTO,NA
100,Republique du Congo,2009,94000,UNWTO,NA
100,Republique du Congo,2010,194000,UNWTO,NA
100,Republique du Congo,2011,218000,UNWTO,NA
100,Republique du Congo,2012,256000,UNWTO,NA
100,Republique du Congo,2013,343000,UNWTO,NA
100,Republique du Congo,2014,226000,UNWTO,NA
100,Republique du Congo,2015,220000,UNWTO,NA
100,Republique du Congo,2016,211000,UNWTO,NA
100,Republique du Congo,2017,149000,UNWTO,NA
100,Republique du Congo,2018,156000,UNWTO,NA
100,Republique du Congo,2019,NA,NA,NA
100,Republique du Congo,2020,NA,NA,NA
100,Republique du Congo,2021,NA,NA,NA
100,Republique du Congo,2022,NA,NA,NA
101,Namibia,2005,778000,UNWTO,NA
101,Namibia,2006,833000,UNWTO,NA
101,Namibia,2007,929000,UNWTO,NA
101,Namibia,2008,931000,UNWTO,NA
101,Namibia,2009,980000,UNWTO,NA
101,Namibia,2010,984000,UNWTO,NA
101,Namibia,2011,1027000,UNWTO,NA
101,Namibia,2012,1079000,UNWTO,NA
101,Namibia,2013,1176000,UNWTO,NA
101,Namibia,2014,1320000,UNWTO,NA
101,Namibia,2015,1388000,UNWTO,NA
101,Namibia,2016,1469000,UNWTO,NA
101,Namibia,2017,1499000,UNWTO,NA
101,Namibia,2018,1557000,UNWTO,NA
101,Namibia,2019,1596000,UNWTO,NA
101,Namibia,2020,169600,UNWTO,NA
101,Namibia,2021,232800,UNWTO,NA
101,Namibia,2022,461000,UNWTO,NA
102,South Africa,2005,7369000,UNWTO,NA
102,South Africa,2006,8396000,UNWTO,NA
102,South Africa,2007,9091000,UNWTO,NA
102,South Africa,2008,9592000,UNWTO,NA
102,South Africa,2009,7012000,UNWTO,NA
102,South Africa,2010,8074000,UNWTO,NA
102,South Africa,2011,8339000,UNWTO,NA
102,South Africa,2012,9188000,UNWTO,NA
102,South Africa,2013,9537000,UNWTO,NA
102,South Africa,2014,9549000,UNWTO,NA
102,South Africa,2015,8904000,UNWTO,NA
102,South Africa,2016,10044000,UNWTO,NA
102,South Africa,2017,10285000,UNWTO,NA
102,South Africa,2018,10472000,UNWTO,NA
102,South Africa,2019,10227500,UNWTO,NA
102,South Africa,2020,2802000,UNWTO,NA
102,South Africa,2021,2256000,UNWTO,NA
102,South Africa,2022,5698000,UNWTO,NA
103,Sao Tome and Principe,2005,15800,UNWTO,NA
103,Sao Tome and Principe,2006,12300,UNWTO,NA
103,Sao Tome and Principe,2007,11800,UNWTO,NA
103,Sao Tome and Principe,2008,14500,UNWTO,NA
103,Sao Tome and Principe,2009,15200,UNWTO,NA
103,Sao Tome and Principe,2010,8000,UNWTO,NA
103,Sao Tome and Principe,2011,12200,UNWTO,NA
103,Sao Tome and Principe,2012,NA,NA,NA
103,Sao Tome and Principe,2013,NA,NA,NA
103,Sao Tome and Principe,2014,NA,NA,NA
103,Sao Tome and Principe,2015,25600,UNWTO,NA
103,Sao Tome and Principe,2016,28900,UNWTO,NA
103,Sao Tome and Principe,2017,28900,UNWTO,NA
103,Sao Tome and Principe,2018,33400,UNWTO,NA
103,Sao Tome and Principe,2019,34900,UNWTO,NA
103,Sao Tome and Principe,2020,10700,UNWTO,NA
103,Sao Tome and Principe,2021,15100,UNWTO,NA
103,Sao Tome and Principe,2022,NA,NA,NA
106,Ghana,2005,429000,UNWTO,NA
106,Ghana,2006,497000,UNWTO,NA
106,Ghana,2007,587000,UNWTO,NA
106,Ghana,2008,698000,UNWTO,NA
106,Ghana,2009,803000,UNWTO,NA
106,Ghana,2010,931000,UNWTO,NA
106,Ghana,2011,821000,UNWTO,NA
106,Ghana,2012,903000,UNWTO,NA
106,Ghana,2013,994000,UNWTO,NA
106,Ghana,2014,825000,UNWTO,NA
106,Ghana,2015,897000,UNWTO,NA
106,Ghana,2016,933000,UNWTO,NA
106,Ghana,2017,969000,UNWTO,NA
106,Ghana,2018,956000,UNWTO,NA
106,Ghana,2019,1130000,UNWTO,NA
106,Ghana,2020,355000,UNWTO,NA
106,Ghana,2021,624000,UNWTO,NA
106,Ghana,2022,915000,UNWTO,NA
108,Bermuda,2005,270000,UNWTO,NA
108,Bermuda,2006,299000,UNWTO,NA
108,Bermuda,2007,306000,UNWTO,NA
108,Bermuda,2008,264000,UNWTO,NA
108,Bermuda,2009,236000,UNWTO,NA
108,Bermuda,2010,232000,UNWTO,NA
108,Bermuda,2011,236000,UNWTO,NA
108,Bermuda,2012,232000,UNWTO,NA
108,Bermuda,2013,236000,UNWTO,NA
108,Bermuda,2014,224000,UNWTO,NA
108,Bermuda,2015,220000,UNWTO,NA
108,Bermuda,2016,244000,UNWTO,NA
108,Bermuda,2017,270000,UNWTO,NA
108,Bermuda,2018,282000,UNWTO,NA
108,Bermuda,2019,269000,UNWTO,NA
108,Bermuda,2020,42100,UNWTO,NA
108,Bermuda,2021,72200,UNWTO,NA
108,Bermuda,2022,145900,UNWTO,NA
110,Bahamas,2005,1625000,UNWTO,NA
110,Bahamas,2006,1613000,UNWTO,NA
110,Bahamas,2007,1538000,UNWTO,NA
110,Bahamas,2008,1469000,UNWTO,NA
110,Bahamas,2009,1336000,UNWTO,NA
110,Bahamas,2010,1378000,UNWTO,NA
110,Bahamas,2011,1355000,UNWTO,NA
110,Bahamas,2012,1431000,UNWTO,NA
110,Bahamas,2013,1377000,UNWTO,NA
110,Bahamas,2014,1444000,UNWTO,NA
110,Bahamas,2015,1496000,UNWTO,NA
110,Bahamas,2016,1499000,UNWTO,NA
110,Bahamas,2017,1452000,UNWTO,NA
110,Bahamas,2018,1633000,UNWTO,NA
110,Bahamas,2019,1807000,UNWTO,NA
110,Bahamas,2020,441000,UNWTO,NA
110,Bahamas,2021,892000,UNWTO,NA
110,Bahamas,2022,1452400,UNWTO,NA
111,Turks and Caicos Islands,2005,176000,UNWTO,NA
111,Turks and Caicos Islands,2006,248000,UNWTO,NA
111,Turks and Caicos Islands,2007,265000,UNWTO,NA
111,Turks and Caicos Islands,2008,352000,UNWTO,NA
111,Turks and Caicos Islands,2009,351000,UNWTO,NA
111,Turks and Caicos Islands,2010,281000,UNWTO,NA
111,Turks and Caicos Islands,2011,354000,UNWTO,NA
111,Turks and Caicos Islands,2012,291700,UNWTO,NA
111,Turks and Caicos Islands,2013,290600,UNWTO,NA
111,Turks and Caicos Islands,2014,358000,UNWTO,NA
111,Turks and Caicos Islands,2015,386000,UNWTO,NA
111,Turks and Caicos Islands,2016,449000,UNWTO,NA
111,Turks and Caicos Islands,2017,416400,UNWTO,NA
111,Turks and Caicos Islands,2018,441000,UNWTO,NA
111,Turks and Caicos Islands,2019,487000,UNWTO,NA
111,Turks and Caicos Islands,2020,164500,UNWTO,NA
111,Turks and Caicos Islands,2021,405000,UNWTO,NA
111,Turks and Caicos Islands,2022,NA,NA,NA
112,Cuba,2005,2261000,UNWTO,NA
112,Cuba,2006,2150000,UNWTO,NA
112,Cuba,2007,2119000,UNWTO,NA
112,Cuba,2008,2316000,UNWTO,NA
112,Cuba,2009,2405000,UNWTO,NA
112,Cuba,2010,2507000,UNWTO,NA
112,Cuba,2011,2688000,UNWTO,NA
112,Cuba,2012,2823000,UNWTO,NA
112,Cuba,2013,2839000,UNWTO,NA
112,Cuba,2014,2981000,UNWTO,NA
112,Cuba,2015,3506000,UNWTO,NA
112,Cuba,2016,3975000,UNWTO,NA
112,Cuba,2017,4594000,UNWTO,NA
112,Cuba,2018,4684000,UNWTO,NA
112,Cuba,2019,4263000,UNWTO,NA
112,Cuba,2020,1085000,UNWTO,NA
112,Cuba,2021,355500,UNWTO,NA
112,Cuba,2022,1613400,UNWTO,NA
113,Cayman Islands,2005,168000,UNWTO,NA
113,Cayman Islands,2006,267000,UNWTO,NA
113,Cayman Islands,2007,292000,UNWTO,NA
113,Cayman Islands,2008,303000,UNWTO,NA
113,Cayman Islands,2009,272000,UNWTO,NA
113,Cayman Islands,2010,288000,UNWTO,NA
113,Cayman Islands,2011,309000,UNWTO,NA
113,Cayman Islands,2012,322000,UNWTO,NA
113,Cayman Islands,2013,345000,UNWTO,NA
113,Cayman Islands,2014,383000,UNWTO,NA
113,Cayman Islands,2015,385000,UNWTO,NA
113,Cayman Islands,2016,385000,UNWTO,NA
113,Cayman Islands,2017,418000,UNWTO,NA
113,Cayman Islands,2018,463000,UNWTO,NA
113,Cayman Islands,2019,503000,UNWTO,NA
113,Cayman Islands,2020,122000,UNWTO,NA
113,Cayman Islands,2021,17300,UNWTO,NA
113,Cayman Islands,2022,284300,UNWTO,NA
114,Haiti,2005,112000,UNWTO,NA
114,Haiti,2006,108000,UNWTO,NA
114,Haiti,2007,386000,UNWTO,NA
114,Haiti,2008,258000,UNWTO,NA
114,Haiti,2009,387000,UNWTO,NA
114,Haiti,2010,255000,UNWTO,NA
114,Haiti,2011,349000,UNWTO,NA
114,Haiti,2012,349000,UNWTO,NA
114,Haiti,2013,420000,UNWTO,NA
114,Haiti,2014,465200,UNWTO,NA
114,Haiti,2015,516000,UNWTO,NA
114,Haiti,2016,445000,UNWTO,NA
114,Haiti,2017,467000,UNWTO,NA
114,Haiti,2018,447000,UNWTO,NA
114,Haiti,2019,286000,UNWTO,NA
114,Haiti,2020,203000,UNWTO,NA
114,Haiti,2021,148000,UNWTO,NA
114,Haiti,2022,NA,NA,NA
115,Dominican Republic,2005,3691000,UNWTO,NA
115,Dominican Republic,2006,3965000,UNWTO,NA
115,Dominican Republic,2007,3980000,UNWTO,NA
115,Dominican Republic,2008,3980000,UNWTO,NA
115,Dominican Republic,2009,3992000,UNWTO,NA
115,Dominican Republic,2010,4125000,UNWTO,NA
115,Dominican Republic,2011,4306000,UNWTO,NA
115,Dominican Republic,2012,4563000,UNWTO,NA
115,Dominican Republic,2013,4690000,UNWTO,NA
115,Dominican Republic,2014,5141400,UNWTO,NA
115,Dominican Republic,2015,5600000,UNWTO,NA
115,Dominican Republic,2016,5959300,UNWTO,NA
115,Dominican Republic,2017,6188000,UNWTO,NA
115,Dominican Republic,2018,6569000,UNWTO,NA
115,Dominican Republic,2019,6446000,UNWTO,NA
115,Dominican Republic,2020,2405000,UNWTO,NA
115,Dominican Republic,2021,4994000,UNWTO,NA
115,Dominican Republic,2022,7163400,UNWTO,NA
116,Puerto Rico and Virgin Islands of the United States,2005,4280000,UNWTO,NA
116,Puerto Rico and Virgin Islands of the United States,2006,4293000,UNWTO,NA
116,Puerto Rico and Virgin Islands of the United States,2007,4274000,UNWTO,NA
116,Puerto Rico and Virgin Islands of the United States,2008,4290000,UNWTO,NA
116,Puerto Rico and Virgin Islands of the United States,2009,3746000,UNWTO,NA
116,Puerto Rico and Virgin Islands of the United States,2010,3758000,UNWTO,NA
116,Puerto Rico and Virgin Islands of the United States,2011,3615000,UNWTO,NA
116,Puerto Rico and Virgin Islands of the United States,2012,3688000,UNWTO,NA
116,Puerto Rico and Virgin Islands of the United States,2013,3762000,UNWTO,NA
116,Puerto Rico and Virgin Islands of the United States,2014,3861000,UNWTO,NA
116,Puerto Rico and Virgin Islands of the United States,2015,4184000,UNWTO,NA
116,Puerto Rico and Virgin Islands of the United States,2016,4403000,UNWTO,NA
116,Puerto Rico and Virgin Islands of the United States,2017,4048000,UNWTO,NA
116,Puerto Rico and Virgin Islands of the United States,2018,3449000,UNWTO,NA
116,Puerto Rico and Virgin Islands of the United States,2019,3694000,UNWTO,NA
116,Puerto Rico and Virgin Islands of the United States,2020,2920100,UNWTO,NA
116,Puerto Rico and Virgin Islands of the United States,2021,3439500,UNWTO,NA
116,Puerto Rico and Virgin Islands of the United States,2022,3273100,UNWTO,NA
117,British Virgin Islands,2005,337000,UNWTO,NA
117,British Virgin Islands,2006,356000,UNWTO,NA
117,British Virgin Islands,2007,358000,UNWTO,NA
117,British Virgin Islands,2008,346000,UNWTO,NA
117,British Virgin Islands,2009,309000,UNWTO,NA
117,British Virgin Islands,2010,330000,UNWTO,NA
117,British Virgin Islands,2011,338000,UNWTO,NA
117,British Virgin Islands,2012,351000,UNWTO,NA
117,British Virgin Islands,2013,366000,UNWTO,NA
117,British Virgin Islands,2014,386000,UNWTO,NA
117,British Virgin Islands,2015,393000,UNWTO,NA
117,British Virgin Islands,2016,408000,UNWTO,NA
117,British Virgin Islands,2017,335000,UNWTO,NA
117,British Virgin Islands,2018,192000,UNWTO,NA
117,British Virgin Islands,2019,302400,UNWTO,NA
117,British Virgin Islands,2020,83000,UNWTO,NA
117,British Virgin Islands,2021,56000,UNWTO,NA
117,British Virgin Islands,2022,173000,UNWTO,NA
118,Anguilla,2005,62000,UNWTO,NA
118,Anguilla,2006,73000,UNWTO,NA
118,Anguilla,2007,78000,UNWTO,NA
118,Anguilla,2008,68000,UNWTO,NA
118,Anguilla,2009,58000,UNWTO,NA
118,Anguilla,2010,62000,UNWTO,NA
118,Anguilla,2011,66000,UNWTO,NA
118,Anguilla,2012,65000,UNWTO,NA
118,Anguilla,2013,69000,UNWTO,NA
118,Anguilla,2014,71000,UNWTO,NA
118,Anguilla,2015,73000,UNWTO,NA
118,Anguilla,2016,79000,UNWTO,NA
118,Anguilla,2017,68300,UNWTO,NA
118,Anguilla,2018,55000,UNWTO,NA
118,Anguilla,2019,95000,UNWTO,NA
118,Anguilla,2020,25400,UNWTO,NA
118,Anguilla,2021,28400,UNWTO,NA
118,Anguilla,2022,74100,UNWTO,NA
119,Saint Kitts and Nevis,2005,141000,UNWTO,NA
119,Saint Kitts and Nevis,2006,139000,UNWTO,NA
119,Saint Kitts and Nevis,2007,123000,UNWTO,NA
119,Saint Kitts and Nevis,2008,128000,UNWTO,NA
119,Saint Kitts and Nevis,2009,83000,UNWTO,NA
119,Saint Kitts and Nevis,2010,98000,UNWTO,NA
119,Saint Kitts and Nevis,2011,104000,UNWTO,NA
119,Saint Kitts and Nevis,2012,104000,UNWTO,NA
119,Saint Kitts and Nevis,2013,107000,UNWTO,NA
119,Saint Kitts and Nevis,2014,113000,UNWTO,NA
119,Saint Kitts and Nevis,2015,118000,UNWTO,NA
119,Saint Kitts and Nevis,2016,116000,UNWTO,NA
119,Saint Kitts and Nevis,2017,115000,UNWTO,NA
119,Saint Kitts and Nevis,2018,125000,UNWTO,NA
119,Saint Kitts and Nevis,2019,120000,UNWTO,NA
119,Saint Kitts and Nevis,2020,30000,UNWTO,NA
119,Saint Kitts and Nevis,2021,20200,UNWTO,NA
119,Saint Kitts and Nevis,2022,79800,UNWTO,NA
120,Antigua and Barbuda,2005,245000,UNWTO,NA
120,Antigua and Barbuda,2006,254000,UNWTO,NA
120,Antigua and Barbuda,2007,262000,UNWTO,NA
120,Antigua and Barbuda,2008,266000,UNWTO,NA
120,Antigua and Barbuda,2009,234000,UNWTO,NA
120,Antigua and Barbuda,2010,230000,UNWTO,NA
120,Antigua and Barbuda,2011,241000,UNWTO,NA
120,Antigua and Barbuda,2012,247000,UNWTO,NA
120,Antigua and Barbuda,2013,243000,UNWTO,NA
120,Antigua and Barbuda,2014,249000,UNWTO,NA
120,Antigua and Barbuda,2015,250000,UNWTO,NA
120,Antigua and Barbuda,2016,265000,UNWTO,NA
120,Antigua and Barbuda,2017,247000,UNWTO,NA
120,Antigua and Barbuda,2018,269000,UNWTO,NA
120,Antigua and Barbuda,2019,301000,UNWTO,NA
120,Antigua and Barbuda,2020,125000,UNWTO,NA
120,Antigua and Barbuda,2021,169400,UNWTO,NA
120,Antigua and Barbuda,2022,265100,UNWTO,NA
121,Montserrat,2005,9700,UNWTO,NA
121,Montserrat,2006,8000,UNWTO,NA
121,Montserrat,2007,7700,UNWTO,NA
121,Montserrat,2008,7400,UNWTO,NA
121,Montserrat,2009,6300,UNWTO,NA
121,Montserrat,2010,6000,UNWTO,NA
121,Montserrat,2011,5400,UNWTO,NA
121,Montserrat,2012,7310,UNWTO,NA
121,Montserrat,2013,7200,UNWTO,NA
121,Montserrat,2014,8800,UNWTO,NA
121,Montserrat,2015,8900,UNWTO,NA
121,Montserrat,2016,8700,UNWTO,NA
121,Montserrat,2017,9500,UNWTO,NA
121,Montserrat,2018,10200,UNWTO,NA
121,Montserrat,2019,10400,UNWTO,NA
121,Montserrat,2020,4500,UNWTO,NA
121,Montserrat,2021,1600,UNWTO,NA
121,Montserrat,2022,NA,NA,NA
122,Saint Lucia,2005,318000,UNWTO,NA
122,Saint Lucia,2006,303000,UNWTO,NA
122,Saint Lucia,2007,287000,UNWTO,NA
122,Saint Lucia,2008,296000,UNWTO,NA
122,Saint Lucia,2009,278000,UNWTO,NA
122,Saint Lucia,2010,306000,UNWTO,NA
122,Saint Lucia,2011,312000,UNWTO,NA
122,Saint Lucia,2012,307000,UNWTO,NA
122,Saint Lucia,2013,319000,UNWTO,NA
122,Saint Lucia,2014,338000,UNWTO,NA
122,Saint Lucia,2015,345000,UNWTO,NA
122,Saint Lucia,2016,348000,UNWTO,NA
122,Saint Lucia,2017,386000,UNWTO,NA
122,Saint Lucia,2018,395000,UNWTO,NA
122,Saint Lucia,2019,424000,UNWTO,NA
122,Saint Lucia,2020,130700,UNWTO,NA
122,Saint Lucia,2021,199000,UNWTO,NA
122,Saint Lucia,2022,356000,UNWTO,NA
123,Dominica,2005,79000,UNWTO,NA
123,Dominica,2006,84000,UNWTO,NA
123,Dominica,2007,81000,UNWTO,NA
123,Dominica,2008,81000,UNWTO,NA
123,Dominica,2009,75000,UNWTO,NA
123,Dominica,2010,77000,UNWTO,NA
123,Dominica,2011,76000,UNWTO,NA
123,Dominica,2012,79000,UNWTO,NA
123,Dominica,2013,78000,UNWTO,NA
123,Dominica,2014,81500,UNWTO,NA
123,Dominica,2015,75000,UNWTO,NA
123,Dominica,2016,78000,UNWTO,NA
123,Dominica,2017,72000,UNWTO,NA
123,Dominica,2018,63000,UNWTO,NA
123,Dominica,2019,90000,UNWTO,NA
123,Dominica,2020,22000,UNWTO,NA
123,Dominica,2021,15000,UNWTO,NA
123,Dominica,2022,61000,UNWTO,NA
124,Barbados,2005,548000,UNWTO,NA
124,Barbados,2006,563000,UNWTO,NA
124,Barbados,2007,575000,UNWTO,NA
124,Barbados,2008,568000,UNWTO,NA
124,Barbados,2009,519000,UNWTO,NA
124,Barbados,2010,532000,UNWTO,NA
124,Barbados,2011,568000,UNWTO,NA
124,Barbados,2012,536000,UNWTO,NA
124,Barbados,2013,509000,UNWTO,NA
124,Barbados,2014,521000,UNWTO,NA
124,Barbados,2015,592000,UNWTO,NA
124,Barbados,2016,632000,UNWTO,NA
124,Barbados,2017,664000,UNWTO,NA
124,Barbados,2018,680000,UNWTO,NA
124,Barbados,2019,523000,UNWTO,NA
124,Barbados,2020,207400,UNWTO,NA
124,Barbados,2021,144800,UNWTO,NA
124,Barbados,2022,539700,UNWTO,NA
125,Grenada,2005,99000,UNWTO,NA
125,Grenada,2006,119000,UNWTO,NA
125,Grenada,2007,130000,UNWTO,NA
125,Grenada,2008,130000,UNWTO,NA
125,Grenada,2009,114000,UNWTO,NA
125,Grenada,2010,110000,UNWTO,NA
125,Grenada,2011,118000,UNWTO,NA
125,Grenada,2012,125000,UNWTO,NA
125,Grenada,2013,128000,UNWTO,NA
125,Grenada,2014,150000,UNWTO,NA
125,Grenada,2015,155000,UNWTO,NA
125,Grenada,2016,156000,UNWTO,NA
125,Grenada,2017,168000,UNWTO,NA
125,Grenada,2018,186000,UNWTO,NA
125,Grenada,2019,188000,UNWTO,NA
125,Grenada,2020,54200,UNWTO,NA
125,Grenada,2021,47000,UNWTO,NA
125,Grenada,2022,149000,UNWTO,NA
126,Trinidad and Tobago,2005,463000,UNWTO,NA
126,Trinidad and Tobago,2006,461000,UNWTO,NA
126,Trinidad and Tobago,2007,449000,UNWTO,NA
126,Trinidad and Tobago,2008,437000,UNWTO,NA
126,Trinidad and Tobago,2009,419000,UNWTO,NA
126,Trinidad and Tobago,2010,388000,UNWTO,NA
126,Trinidad and Tobago,2011,431000,UNWTO,NA
126,Trinidad and Tobago,2012,455000,UNWTO,NA
126,Trinidad and Tobago,2013,434000,UNWTO,NA
126,Trinidad and Tobago,2014,412800,UNWTO,NA
126,Trinidad and Tobago,2015,439800,UNWTO,NA
126,Trinidad and Tobago,2016,410000,UNWTO,NA
126,Trinidad and Tobago,2017,394700,UNWTO,NA
126,Trinidad and Tobago,2018,375500,UNWTO,NA
126,Trinidad and Tobago,2019,388600,UNWTO,NA
126,Trinidad and Tobago,2020,95300,UNWTO,NA
126,Trinidad and Tobago,2021,40600,UNWTO,NA
126,Trinidad and Tobago,2022,226500,UNWTO,NA
127,Saint Vincent and the Grenadines,2005,96000,UNWTO,NA
127,Saint Vincent and the Grenadines,2006,97000,UNWTO,NA
127,Saint Vincent and the Grenadines,2007,90000,UNWTO,NA
127,Saint Vincent and the Grenadines,2008,84000,UNWTO,NA
127,Saint Vincent and the Grenadines,2009,75000,UNWTO,NA
127,Saint Vincent and the Grenadines,2010,72000,UNWTO,NA
127,Saint Vincent and the Grenadines,2011,74000,UNWTO,NA
127,Saint Vincent and the Grenadines,2012,74000,UNWTO,NA
127,Saint Vincent and the Grenadines,2013,72000,UNWTO,NA
127,Saint Vincent and the Grenadines,2014,71000,UNWTO,NA
127,Saint Vincent and the Grenadines,2015,75000,UNWTO,NA
127,Saint Vincent and the Grenadines,2016,79000,UNWTO,NA
127,Saint Vincent and the Grenadines,2017,76000,UNWTO,NA
127,Saint Vincent and the Grenadines,2018,80000,UNWTO,NA
127,Saint Vincent and the Grenadines,2019,84000,UNWTO,NA
127,Saint Vincent and the Grenadines,2020,27000,UNWTO,NA
127,Saint Vincent and the Grenadines,2021,24200,UNWTO,NA
127,Saint Vincent and the Grenadines,2022,59000,UNWTO,NA
129,Panama,2005,702000,UNWTO,NA
129,Panama,2006,843000,UNWTO,NA
129,Panama,2007,1103000,UNWTO,NA
129,Panama,2008,1247000,UNWTO,NA
129,Panama,2009,1200000,UNWTO,NA
129,Panama,2010,1324000,UNWTO,NA
129,Panama,2011,1473000,UNWTO,NA
129,Panama,2012,1606000,UNWTO,NA
129,Panama,2013,1658000,UNWTO,NA
129,Panama,2014,1745000,UNWTO,NA
129,Panama,2015,2110000,UNWTO,NA
129,Panama,2016,1921000,UNWTO,NA
129,Panama,2017,1843000,UNWTO,NA
129,Panama,2018,1785000,UNWTO,NA
129,Panama,2019,1753000,UNWTO,NA
129,Panama,2020,414000,UNWTO,NA
129,Panama,2021,618000,UNWTO,NA
129,Panama,2022,1488000,UNWTO,NA
130,Costa Rica,2005,1679000,UNWTO,NA
130,Costa Rica,2006,1725000,UNWTO,NA
130,Costa Rica,2007,1980000,UNWTO,NA
130,Costa Rica,2008,2089000,UNWTO,NA
130,Costa Rica,2009,1923000,UNWTO,NA
130,Costa Rica,2010,2100000,UNWTO,NA
130,Costa Rica,2011,2192000,UNWTO,NA
130,Costa Rica,2012,2343000,UNWTO,NA
130,Costa Rica,2013,2428000,UNWTO,NA
130,Costa Rica,2014,2527000,UNWTO,NA
130,Costa Rica,2015,2660000,UNWTO,NA
130,Costa Rica,2016,2925000,UNWTO,NA
130,Costa Rica,2017,2960000,UNWTO,NA
130,Costa Rica,2018,3017000,UNWTO,NA
130,Costa Rica,2019,3139000,UNWTO,NA
130,Costa Rica,2020,1012000,UNWTO,NA
130,Costa Rica,2021,1347000,UNWTO,NA
130,Costa Rica,2022,2349500,UNWTO,NA
131,Nicaragua,2005,712000,UNWTO,NA
131,Nicaragua,2006,749000,UNWTO,NA
131,Nicaragua,2007,800000,UNWTO,NA
131,Nicaragua,2008,858000,UNWTO,NA
131,Nicaragua,2009,932000,UNWTO,NA
131,Nicaragua,2010,1011000,UNWTO,NA
131,Nicaragua,2011,1060000,UNWTO,NA
131,Nicaragua,2012,1180000,UNWTO,NA
131,Nicaragua,2013,1229000,UNWTO,NA
131,Nicaragua,2014,1330000,UNWTO,NA
131,Nicaragua,2015,1386000,UNWTO,NA
131,Nicaragua,2016,1504000,UNWTO,NA
131,Nicaragua,2017,1787000,UNWTO,NA
131,Nicaragua,2018,1256000,UNWTO,NA
131,Nicaragua,2019,1295000,UNWTO,NA
131,Nicaragua,2020,384000,UNWTO,NA
131,Nicaragua,2021,222400,UNWTO,NA
131,Nicaragua,2022,817900,UNWTO,NA
132,Colombia,2005,933000,UNWTO,NA
132,Colombia,2006,2045000,UNWTO,NA
132,Colombia,2007,2254000,UNWTO,NA
132,Colombia,2008,2317000,UNWTO,NA
132,Colombia,2009,2364000,UNWTO,NA
132,Colombia,2010,1405000,UNWTO,NA
132,Colombia,2011,2043000,UNWTO,NA
132,Colombia,2012,2180000,UNWTO,NA
132,Colombia,2013,2288000,UNWTO,NA
132,Colombia,2014,2552000,UNWTO,NA
132,Colombia,2015,3099000,UNWTO,NA
132,Colombia,2016,3370000,UNWTO,NA
132,Colombia,2017,3712000,UNWTO,NA
132,Colombia,2018,4020000,UNWTO,NA
132,Colombia,2019,4169000,UNWTO,NA
132,Colombia,2020,1252000,UNWTO,NA
132,Colombia,2021,2127000,UNWTO,NA
132,Colombia,2022,4519000,UNWTO,NA
133,Honduras,2005,673000,UNWTO,NA
133,Honduras,2006,739000,UNWTO,NA
133,Honduras,2007,804000,UNWTO,NA
133,Honduras,2008,869000,UNWTO,NA
133,Honduras,2009,836000,UNWTO,NA
133,Honduras,2010,863000,UNWTO,NA
133,Honduras,2011,871000,UNWTO,NA
133,Honduras,2012,895000,UNWTO,NA
133,Honduras,2013,863000,UNWTO,NA
133,Honduras,2014,868000,UNWTO,NA
133,Honduras,2015,880000,UNWTO,NA
133,Honduras,2016,838000,UNWTO,NA
133,Honduras,2017,850000,UNWTO,NA
133,Honduras,2018,847000,UNWTO,NA
133,Honduras,2019,724000,UNWTO,NA
133,Honduras,2020,204000,UNWTO,NA
133,Honduras,2021,459000,UNWTO,NA
133,Honduras,2022,844000,UNWTO,NA
134,El Salvador,2005,1127000,UNWTO,NA
134,El Salvador,2006,1279000,UNWTO,NA
134,El Salvador,2007,1339000,UNWTO,NA
134,El Salvador,2008,1385000,UNWTO,NA
134,El Salvador,2009,1091000,UNWTO,NA
134,El Salvador,2010,1150000,UNWTO,NA
134,El Salvador,2011,1184000,UNWTO,NA
134,El Salvador,2012,1255000,UNWTO,NA
134,El Salvador,2013,1283000,UNWTO,NA
134,El Salvador,2014,1345000,UNWTO,NA
134,El Salvador,2015,1402000,UNWTO,NA
134,El Salvador,2016,1434000,UNWTO,NA
134,El Salvador,2017,1556000,UNWTO,NA
134,El Salvador,2018,1677300,UNWTO,NA
134,El Salvador,2019,1766000,UNWTO,NA
134,El Salvador,2020,549000,UNWTO,NA
134,El Salvador,2021,1219000,UNWTO,NA
134,El Salvador,2022,1891000,UNWTO,NA
135,Mexico,2005,21915000,UNWTO,NA
135,Mexico,2006,21353000,UNWTO,NA
135,Mexico,2007,21606000,UNWTO,NA
135,Mexico,2008,22931000,UNWTO,NA
135,Mexico,2009,22346000,UNWTO,NA
135,Mexico,2010,23290000,UNWTO,NA
135,Mexico,2011,23403000,UNWTO,NA
135,Mexico,2012,23403000,UNWTO,NA
135,Mexico,2013,24151000,UNWTO,NA
135,Mexico,2014,29346000,UNWTO,NA
135,Mexico,2015,32093000,UNWTO,NA
135,Mexico,2016,35079000,UNWTO,NA
135,Mexico,2017,39291000,UNWTO,NA
135,Mexico,2018,41313000,UNWTO,NA
135,Mexico,2019,45024000,UNWTO,NA
135,Mexico,2020,24824000,UNWTO,NA
135,Mexico,2021,31860000,UNWTO,NA
135,Mexico,2022,38325600,UNWTO,NA
136,Guatemala,2005,1298000,arrivals minus same day,gapfilled
136,Guatemala,2006,1467000,arrivals minus same day,gapfilled
136,Guatemala,2007,1448000,UNWTO,NA
136,Guatemala,2008,1527000,UNWTO,NA
136,Guatemala,2009,1055000,UNWTO,NA
136,Guatemala,2010,1119000,UNWTO,NA
136,Guatemala,2011,1160000,UNWTO,NA
136,Guatemala,2012,1200000,UNWTO,NA
136,Guatemala,2013,1224000,UNWTO,NA
136,Guatemala,2014,1371000,UNWTO,NA
136,Guatemala,2015,1473000,UNWTO,NA
136,Guatemala,2016,1585000,UNWTO,NA
136,Guatemala,2017,1660000,UNWTO,NA
136,Guatemala,2018,1781000,UNWTO,NA
136,Guatemala,2019,1752400,UNWTO,NA
136,Guatemala,2020,395700,UNWTO,NA
136,Guatemala,2021,602100,UNWTO,NA
136,Guatemala,2022,1494000,UNWTO,NA
138,Peru,2005,1571000,UNWTO,NA
138,Peru,2006,1721000,UNWTO,NA
138,Peru,2007,1916000,UNWTO,NA
138,Peru,2008,2058000,UNWTO,NA
138,Peru,2009,2140000,UNWTO,NA
138,Peru,2010,2299000,UNWTO,NA
138,Peru,2011,2598000,UNWTO,NA
138,Peru,2012,2846000,UNWTO,NA
138,Peru,2013,3164000,UNWTO,NA
138,Peru,2014,3215000,UNWTO,NA
138,Peru,2015,3456000,UNWTO,NA
138,Peru,2016,3744000,UNWTO,NA
138,Peru,2017,4032000,UNWTO,NA
138,Peru,2018,4419000,UNWTO,NA
138,Peru,2019,4372000,UNWTO,NA
138,Peru,2020,897000,UNWTO,NA
138,Peru,2021,444000,UNWTO,NA
138,Peru,2022,2009300,UNWTO,NA
139,Venezuela,2005,706000,UNWTO,NA
139,Venezuela,2006,748000,UNWTO,NA
139,Venezuela,2007,756000,UNWTO,NA
139,Venezuela,2008,699000,UNWTO,NA
139,Venezuela,2009,562000,UNWTO,NA
139,Venezuela,2010,526000,UNWTO,NA
139,Venezuela,2011,595000,UNWTO,NA
139,Venezuela,2012,988000,UNWTO,NA
139,Venezuela,2013,986000,UNWTO,NA
139,Venezuela,2014,857000,UNWTO,NA
139,Venezuela,2015,789000,UNWTO,NA
139,Venezuela,2016,601000,UNWTO,NA
139,Venezuela,2017,427000,UNWTO,NA
139,Venezuela,2018,NA,NA,NA
139,Venezuela,2019,NA,NA,NA
139,Venezuela,2020,NA,NA,NA
139,Venezuela,2021,NA,NA,NA
139,Venezuela,2022,NA,NA,NA
140,Guadeloupe and Martinique,2005,856000,UNWTO,NA
140,Guadeloupe and Martinique,2006,878000,UNWTO,NA
140,Guadeloupe and Martinique,2007,909000,UNWTO,NA
140,Guadeloupe and Martinique,2008,893000,UNWTO,NA
140,Guadeloupe and Martinique,2009,789000,UNWTO,NA
140,Guadeloupe and Martinique,2010,870000,UNWTO,NA
140,Guadeloupe and Martinique,2011,814000,UNWTO,NA
140,Guadeloupe and Martinique,2012,813000,UNWTO,NA
140,Guadeloupe and Martinique,2013,977000,UNWTO,NA
140,Guadeloupe and Martinique,2014,976000,UNWTO,NA
140,Guadeloupe and Martinique,2015,999000,UNWTO,NA
140,Guadeloupe and Martinique,2016,1100000,UNWTO,NA
140,Guadeloupe and Martinique,2017,1186000,UNWTO,NA
140,Guadeloupe and Martinique,2018,1272000,UNWTO,NA
140,Guadeloupe and Martinique,2019,556000,UNWTO,NA
140,Guadeloupe and Martinique,2020,312300,UNWTO,NA
140,Guadeloupe and Martinique,2021,291000,UNWTO,NA
140,Guadeloupe and Martinique,2022,556000,UNWTO,NA
143,Iceland,2005,374000,UNWTO,NA
143,Iceland,2006,422000,UNWTO,NA
143,Iceland,2007,485000,UNWTO,NA
143,Iceland,2008,502000,UNWTO,NA
143,Iceland,2009,494000,UNWTO,NA
143,Iceland,2010,489000,UNWTO,NA
143,Iceland,2011,566000,UNWTO,NA
143,Iceland,2012,673000,UNWTO,NA
143,Iceland,2013,807300,UNWTO,NA
143,Iceland,2014,997000,UNWTO,NA
143,Iceland,2015,1289000,UNWTO,NA
143,Iceland,2016,1792000,UNWTO,NA
143,Iceland,2017,2225000,UNWTO,NA
143,Iceland,2018,2343800,UNWTO,NA
143,Iceland,2019,2013000,UNWTO,NA
143,Iceland,2020,486300,UNWTO,NA
143,Iceland,2021,698000,UNWTO,NA
143,Iceland,2022,NA,NA,NA
147,French Polynesia,2005,208000,UNWTO,NA
147,French Polynesia,2006,222000,UNWTO,NA
147,French Polynesia,2007,218000,UNWTO,NA
147,French Polynesia,2008,196000,UNWTO,NA
147,French Polynesia,2009,160000,UNWTO,NA
147,French Polynesia,2010,154000,UNWTO,NA
147,French Polynesia,2011,163000,UNWTO,NA
147,French Polynesia,2012,169000,UNWTO,NA
147,French Polynesia,2013,164000,UNWTO,NA
147,French Polynesia,2014,181000,UNWTO,NA
147,French Polynesia,2015,184000,UNWTO,NA
147,French Polynesia,2016,192000,UNWTO,NA
147,French Polynesia,2017,199000,UNWTO,NA
147,French Polynesia,2018,216300,UNWTO,NA
147,French Polynesia,2019,237000,UNWTO,NA
147,French Polynesia,2020,77000,UNWTO,NA
147,French Polynesia,2021,83000,UNWTO,NA
147,French Polynesia,2022,218800,UNWTO,NA
151,American Samoa,2005,24500,UNWTO,NA
151,American Samoa,2006,25300,UNWTO,NA
151,American Samoa,2007,24100,UNWTO,NA
151,American Samoa,2008,24300,UNWTO,NA
151,American Samoa,2009,23500,UNWTO,NA
151,American Samoa,2010,23100,UNWTO,NA
151,American Samoa,2011,22600,UNWTO,NA
151,American Samoa,2012,22600,UNWTO,NA
151,American Samoa,2013,20800,UNWTO,NA
151,American Samoa,2014,21600,UNWTO,NA
151,American Samoa,2015,20300,UNWTO,NA
151,American Samoa,2016,20100,UNWTO,NA
151,American Samoa,2017,20000,UNWTO,NA
151,American Samoa,2018,20200,UNWTO,NA
151,American Samoa,2019,19200,UNWTO,NA
151,American Samoa,2020,900,UNWTO,NA
151,American Samoa,2021,NA,NA,NA
151,American Samoa,2022,NA,NA,NA
152,Samoa,2005,102000,UNWTO,NA
152,Samoa,2006,110000,UNWTO,NA
152,Samoa,2007,117000,UNWTO,NA
152,Samoa,2008,118000,UNWTO,NA
152,Samoa,2009,122000,UNWTO,NA
152,Samoa,2010,122000,UNWTO,NA
152,Samoa,2011,121000,UNWTO,NA
152,Samoa,2012,126000,UNWTO,NA
152,Samoa,2013,116000,UNWTO,NA
152,Samoa,2014,120400,UNWTO,NA
152,Samoa,2015,128000,UNWTO,NA
152,Samoa,2016,134000,UNWTO,NA
152,Samoa,2017,146000,UNWTO,NA
152,Samoa,2018,164000,UNWTO,NA
152,Samoa,2019,172000,UNWTO,NA
152,Samoa,2020,23100,UNWTO,NA
152,Samoa,2021,2600,UNWTO,NA
152,Samoa,2022,49400,UNWTO,NA
153,Cook Islands,2005,88000,UNWTO,NA
153,Cook Islands,2006,92000,UNWTO,NA
153,Cook Islands,2007,97000,UNWTO,NA
153,Cook Islands,2008,95000,UNWTO,NA
153,Cook Islands,2009,101000,UNWTO,NA
153,Cook Islands,2010,104000,UNWTO,NA
153,Cook Islands,2011,113000,UNWTO,NA
153,Cook Islands,2012,122000,UNWTO,NA
153,Cook Islands,2013,121000,UNWTO,NA
153,Cook Islands,2014,122000,UNWTO,NA
153,Cook Islands,2015,125000,UNWTO,NA
153,Cook Islands,2016,146000,UNWTO,NA
153,Cook Islands,2017,161000,UNWTO,NA
153,Cook Islands,2018,169000,UNWTO,NA
153,Cook Islands,2019,172000,UNWTO,NA
153,Cook Islands,2020,25200,UNWTO,NA
153,Cook Islands,2021,26300,UNWTO,NA
153,Cook Islands,2022,113600,UNWTO,NA
154,Niue,2005,2800,UNWTO,NA
154,Niue,2006,3000,UNWTO,NA
154,Niue,2007,3500,UNWTO,NA
154,Niue,2008,4700,UNWTO,NA
154,Niue,2009,4700,UNWTO,NA
154,Niue,2010,6200,UNWTO,NA
154,Niue,2011,6100,UNWTO,NA
154,Niue,2012,5000,UNWTO,NA
154,Niue,2013,7000,UNWTO,NA
154,Niue,2014,7400,UNWTO,NA
154,Niue,2015,7700,UNWTO,NA
154,Niue,2016,8900,UNWTO,NA
154,Niue,2017,9800,UNWTO,NA
154,Niue,2018,10500,UNWTO,NA
154,Niue,2019,10200,UNWTO,NA
154,Niue,2020,1300,UNWTO,NA
154,Niue,2021,200,UNWTO,NA
154,Niue,2022,NA,NA,NA
155,Tonga,2005,42000,UNWTO,NA
155,Tonga,2006,39000,UNWTO,NA
155,Tonga,2007,46000,UNWTO,NA
155,Tonga,2008,50000,UNWTO,NA
155,Tonga,2009,45700,UNWTO,NA
155,Tonga,2010,47100,UNWTO,NA
155,Tonga,2011,46000,UNWTO,NA
155,Tonga,2012,47400,UNWTO,NA
155,Tonga,2013,48200,UNWTO,NA
155,Tonga,2014,50400,UNWTO,NA
155,Tonga,2015,53800,UNWTO,NA
155,Tonga,2016,59100,UNWTO,NA
155,Tonga,2017,62500,UNWTO,NA
155,Tonga,2018,54000,UNWTO,NA
155,Tonga,2019,67300,UNWTO,NA
155,Tonga,2020,9000,UNWTO,NA
155,Tonga,2021,200,UNWTO,NA
155,Tonga,2022,18400,UNWTO,NA
162,New Zealand,2005,2353000,UNWTO,NA
162,New Zealand,2006,2390000,UNWTO,NA
162,New Zealand,2007,2434000,UNWTO,NA
162,New Zealand,2008,2371000,UNWTO,NA
162,New Zealand,2009,2373000,UNWTO,NA
162,New Zealand,2010,2435000,UNWTO,NA
162,New Zealand,2011,2511000,UNWTO,NA
162,New Zealand,2012,2473000,UNWTO,NA
162,New Zealand,2013,2629000,UNWTO,NA
162,New Zealand,2014,2772000,UNWTO,NA
162,New Zealand,2015,3039000,UNWTO,NA
162,New Zealand,2016,3370000,UNWTO,NA
162,New Zealand,2017,3555000,UNWTO,NA
162,New Zealand,2018,3686000,UNWTO,NA
162,New Zealand,2019,3702000,UNWTO,NA
162,New Zealand,2020,948000,UNWTO,NA
162,New Zealand,2021,205000,UNWTO,NA
162,New Zealand,2022,1389000,UNWTO,NA
163,United States,2005,49206000,UNWTO,NA
163,United States,2006,50977000,UNWTO,NA
163,United States,2007,56135000,UNWTO,NA
163,United States,2008,58007000,UNWTO,NA
163,United States,2009,55103000,UNWTO,NA
163,United States,2010,60010000,UNWTO,NA
163,United States,2011,63477416,UNWTO,NA
163,United States,2012,66966897,UNWTO,NA
163,United States,2013,71642907,UNWTO,NA
163,United States,2014,75379354,UNWTO,NA
163,United States,2015,77773526,UNWTO,NA
163,United States,2016,76407488,UNWTO,NA
163,United States,2017,77186746,UNWTO,NA
163,United States,2018,79745918,UNWTO,NA
163,United States,2019,79442000,UNWTO,NA
163,United States,2020,19212000,UNWTO,NA
163,United States,2021,22280000,UNWTO,NA
163,United States,2022,50870000,UNWTO,NA
164,Belize,2005,237000,UNWTO,NA
164,Belize,2006,247000,UNWTO,NA
164,Belize,2007,251000,UNWTO,NA
164,Belize,2008,245000,UNWTO,NA
164,Belize,2009,232000,UNWTO,NA
164,Belize,2010,242000,UNWTO,NA
164,Belize,2011,250000,UNWTO,NA
164,Belize,2012,277000,UNWTO,NA
164,Belize,2013,294000,UNWTO,NA
164,Belize,2014,321000,UNWTO,NA
164,Belize,2015,341000,UNWTO,NA
164,Belize,2016,386000,UNWTO,NA
164,Belize,2017,427000,UNWTO,NA
164,Belize,2018,489000,UNWTO,NA
164,Belize,2019,503000,UNWTO,NA
164,Belize,2020,144100,UNWTO,NA
164,Belize,2021,219000,UNWTO,NA
164,Belize,2022,372600,UNWTO,NA
166,Jamaica,2005,1479000,UNWTO,NA
166,Jamaica,2006,1679000,UNWTO,NA
166,Jamaica,2007,1701000,UNWTO,NA
166,Jamaica,2008,1767000,UNWTO,NA
166,Jamaica,2009,1831000,UNWTO,NA
166,Jamaica,2010,1922000,UNWTO,NA
166,Jamaica,2011,1952000,UNWTO,NA
166,Jamaica,2012,1986000,UNWTO,NA
166,Jamaica,2013,2008400,UNWTO,NA
166,Jamaica,2014,2080000,UNWTO,NA
166,Jamaica,2015,2123000,UNWTO,NA
166,Jamaica,2016,2182000,UNWTO,NA
166,Jamaica,2017,2353000,UNWTO,NA
166,Jamaica,2018,2473000,UNWTO,NA
166,Jamaica,2019,2681000,UNWTO,NA
166,Jamaica,2020,880400,UNWTO,NA
166,Jamaica,2021,1464000,UNWTO,NA
166,Jamaica,2022,2478400,UNWTO,NA
167,Guyana,2005,117000,UNWTO,NA
167,Guyana,2006,113000,UNWTO,NA
167,Guyana,2007,134000,UNWTO,NA
167,Guyana,2008,130000,UNWTO,NA
167,Guyana,2009,141000,UNWTO,NA
167,Guyana,2010,152000,UNWTO,NA
167,Guyana,2011,157000,UNWTO,NA
167,Guyana,2012,177000,UNWTO,NA
167,Guyana,2013,200000,UNWTO,NA
167,Guyana,2014,206000,UNWTO,NA
167,Guyana,2015,207000,UNWTO,NA
167,Guyana,2016,235000,UNWTO,NA
167,Guyana,2017,247000,UNWTO,NA
167,Guyana,2018,287000,UNWTO,NA
167,Guyana,2019,315000,UNWTO,NA
167,Guyana,2020,86500,UNWTO,NA
167,Guyana,2021,158300,UNWTO,NA
167,Guyana,2022,288000,UNWTO,NA
168,Suriname,2005,161000,UNWTO,NA
168,Suriname,2006,154000,UNWTO,NA
168,Suriname,2007,167000,UNWTO,NA
168,Suriname,2008,151000,UNWTO,NA
168,Suriname,2009,151000,UNWTO,NA
168,Suriname,2010,205000,UNWTO,NA
168,Suriname,2011,220000,UNWTO,NA
168,Suriname,2012,240000,UNWTO,NA
168,Suriname,2013,249000,UNWTO,NA
168,Suriname,2014,252000,UNWTO,NA
168,Suriname,2015,228000,UNWTO,NA
168,Suriname,2016,256000,UNWTO,NA
168,Suriname,2017,278000,UNWTO,NA
168,Suriname,2018,NA,NA,NA
168,Suriname,2019,NA,NA,NA
168,Suriname,2020,NA,NA,NA
168,Suriname,2021,NA,NA,NA
168,Suriname,2022,NA,NA,NA
169,French Guiana,2005,95000,UNWTO,NA
169,French Guiana,2006,NA,NA,NA
169,French Guiana,2007,109000,UNWTO,NA
169,French Guiana,2008,NA,NA,NA
169,French Guiana,2009,83000,UNWTO,NA
169,French Guiana,2010,NA,NA,NA
169,French Guiana,2011,NA,NA,NA
169,French Guiana,2012,NA,NA,NA
169,French Guiana,2013,NA,NA,NA
169,French Guiana,2014,NA,NA,NA
169,French Guiana,2015,87000,UNWTO,NA
169,French Guiana,2016,96000,UNWTO,NA
169,French Guiana,2017,111000,UNWTO,NA
169,French Guiana,2018,NA,NA,NA
169,French Guiana,2019,NA,NA,NA
169,French Guiana,2020,NA,NA,NA
169,French Guiana,2021,NA,NA,NA
169,French Guiana,2022,NA,NA,NA
171,Brazil,2005,5358000,UNWTO,NA
171,Brazil,2006,5017000,UNWTO,NA
171,Brazil,2007,5026000,UNWTO,NA
171,Brazil,2008,5050000,UNWTO,NA
171,Brazil,2009,4802000,UNWTO,NA
171,Brazil,2010,5161000,UNWTO,NA
171,Brazil,2011,5433000,UNWTO,NA
171,Brazil,2012,5677000,UNWTO,NA
171,Brazil,2013,5813000,UNWTO,NA
171,Brazil,2014,6430000,UNWTO,NA
171,Brazil,2015,6306000,UNWTO,NA
171,Brazil,2016,6547000,UNWTO,NA
171,Brazil,2017,6589000,UNWTO,NA
171,Brazil,2018,6621000,UNWTO,NA
171,Brazil,2019,6353000,UNWTO,NA
171,Brazil,2020,2146000,UNWTO,NA
171,Brazil,2021,746000,UNWTO,NA
171,Brazil,2022,3630000,UNWTO,NA
172,Argentina,2005,3823000,UNWTO,NA
172,Argentina,2006,4173000,UNWTO,NA
172,Argentina,2007,4562000,UNWTO,NA
172,Argentina,2008,4700000,UNWTO,NA
172,Argentina,2009,4308000,UNWTO,NA
172,Argentina,2010,6800000,UNWTO,NA
172,Argentina,2011,6703000,UNWTO,NA
172,Argentina,2012,6497000,UNWTO,NA
172,Argentina,2013,6510000,UNWTO,NA
172,Argentina,2014,7165000,UNWTO,NA
172,Argentina,2015,6816000,UNWTO,NA
172,Argentina,2016,6668000,UNWTO,NA
172,Argentina,2017,6711000,UNWTO,NA
172,Argentina,2018,6942000,UNWTO,NA
172,Argentina,2019,7399000,UNWTO,NA
172,Argentina,2020,2090000,UNWTO,NA
172,Argentina,2021,297000,UNWTO,NA
172,Argentina,2022,3890000,UNWTO,NA
173,Uruguay,2005,1808000,UNWTO,NA
173,Uruguay,2006,1749000,UNWTO,NA
173,Uruguay,2007,1753000,UNWTO,NA
173,Uruguay,2008,1938000,UNWTO,NA
173,Uruguay,2009,2055000,UNWTO,NA
173,Uruguay,2010,2353000,UNWTO,NA
173,Uruguay,2011,2857000,UNWTO,NA
173,Uruguay,2012,2695000,UNWTO,NA
173,Uruguay,2013,2683000,UNWTO,NA
173,Uruguay,2014,2682000,UNWTO,NA
173,Uruguay,2015,2773000,UNWTO,NA
173,Uruguay,2016,3037000,UNWTO,NA
173,Uruguay,2017,3674000,UNWTO,NA
173,Uruguay,2018,3469000,UNWTO,NA
173,Uruguay,2019,3059000,UNWTO,NA
173,Uruguay,2020,NA,NA,NA
173,Uruguay,2021,NA,NA,NA
173,Uruguay,2022,NA,NA,NA
174,Finland,2005,3140000,UNWTO,NA
174,Finland,2006,3375000,UNWTO,NA
174,Finland,2007,3519000,UNWTO,NA
174,Finland,2008,3583000,UNWTO,NA
174,Finland,2009,3423000,UNWTO,NA
174,Finland,2010,3670000,UNWTO,NA
174,Finland,2011,4192000,UNWTO,NA
174,Finland,2012,4226000,UNWTO,NA
174,Finland,2013,2797000,UNWTO,NA
174,Finland,2014,2731000,UNWTO,NA
174,Finland,2015,2622000,UNWTO,NA
174,Finland,2016,2789000,UNWTO,NA
174,Finland,2017,3180000,UNWTO,NA
174,Finland,2018,3224000,UNWTO,NA
174,Finland,2019,3290000,UNWTO,NA
174,Finland,2020,896000,UNWTO,NA
174,Finland,2021,807000,UNWTO,NA
174,Finland,2022,2127000,UNWTO,NA
175,Denmark,2005,9178000,UNWTO,NA
175,Denmark,2006,9256000,UNWTO,NA
175,Denmark,2007,9284000,UNWTO,NA
175,Denmark,2008,9016000,UNWTO,NA
175,Denmark,2009,8547000,UNWTO,NA
175,Denmark,2010,8744000,UNWTO,NA
175,Denmark,2011,7864000,UNWTO,NA
175,Denmark,2012,8443000,UNWTO,NA
175,Denmark,2013,8557000,UNWTO,NA
175,Denmark,2014,10267000,UNWTO,NA
175,Denmark,2015,10424000,UNWTO,NA
175,Denmark,2016,10781000,UNWTO,NA
175,Denmark,2017,12426000,UNWTO,NA
175,Denmark,2018,12749000,UNWTO,NA
175,Denmark,2019,14725000,UNWTO,NA
175,Denmark,2020,6229000,UNWTO,NA
175,Denmark,2021,7555000,UNWTO,NA
175,Denmark,2022,14190000,UNWTO,NA
176,Germany,2005,21500000,UNWTO,NA
176,Germany,2006,23569000,UNWTO,NA
176,Germany,2007,24421000,UNWTO,NA
176,Germany,2008,24884000,UNWTO,NA
176,Germany,2009,24220000,UNWTO,NA
176,Germany,2010,26875000,UNWTO,NA
176,Germany,2011,28374000,UNWTO,NA
176,Germany,2012,30411000,UNWTO,NA
176,Germany,2013,31545000,UNWTO,NA
176,Germany,2014,32999000,UNWTO,NA
176,Germany,2015,34970000,UNWTO,NA
176,Germany,2016,35555000,UNWTO,NA
176,Germany,2017,37452000,UNWTO,NA
176,Germany,2018,38881000,UNWTO,NA
176,Germany,2019,39563000,UNWTO,NA
176,Germany,2020,12449000,UNWTO,NA
176,Germany,2021,11688000,UNWTO,NA
176,Germany,2022,28463000,UNWTO,NA
177,Netherlands,2005,10012000,UNWTO,NA
177,Netherlands,2006,10739000,UNWTO,NA
177,Netherlands,2007,11008000,UNWTO,NA
177,Netherlands,2008,10104000,UNWTO,NA
177,Netherlands,2009,9921000,UNWTO,NA
177,Netherlands,2010,10883000,UNWTO,NA
177,Netherlands,2011,11300000,UNWTO,NA
177,Netherlands,2012,11680000,UNWTO,NA
177,Netherlands,2013,12783000,UNWTO,NA
177,Netherlands,2014,13925000,UNWTO,NA
177,Netherlands,2015,15007000,UNWTO,NA
177,Netherlands,2016,15828000,UNWTO,NA
177,Netherlands,2017,17924000,UNWTO,NA
177,Netherlands,2018,18780000,UNWTO,NA
177,Netherlands,2019,20129000,UNWTO,NA
177,Netherlands,2020,7265000,UNWTO,NA
177,Netherlands,2021,6248000,UNWTO,NA
177,Netherlands,2022,16063000,UNWTO,NA
178,Poland,2005,15200000,UNWTO,NA
178,Poland,2006,15670000,UNWTO,NA
178,Poland,2007,14975000,UNWTO,NA
178,Poland,2008,12960000,UNWTO,NA
178,Poland,2009,11890000,UNWTO,NA
178,Poland,2010,12470000,UNWTO,NA
178,Poland,2011,13350000,UNWTO,NA
178,Poland,2012,14840000,UNWTO,NA
178,Poland,2013,15800000,UNWTO,NA
178,Poland,2014,16000000,UNWTO,NA
178,Poland,2015,16728000,UNWTO,NA
178,Poland,2016,17471000,UNWTO,NA
178,Poland,2017,18258000,UNWTO,NA
178,Poland,2018,19622000,UNWTO,NA
178,Poland,2019,21158000,UNWTO,NA
178,Poland,2020,8418000,UNWTO,NA
178,Poland,2021,9722000,UNWTO,NA
178,Poland,2022,15948000,UNWTO,NA
179,France,2005,74988000,UNWTO,NA
179,France,2006,77916000,UNWTO,NA
179,France,2007,80853000,UNWTO,NA
179,France,2008,79218000,UNWTO,NA
179,France,2009,76764000,UNWTO,NA
179,France,2010,76647000,UNWTO,NA
179,France,2011,80499000,UNWTO,NA
179,France,2012,81980000,UNWTO,NA
179,France,2013,83634000,UNWTO,NA
179,France,2014,83701000,UNWTO,NA
179,France,2015,84452000,UNWTO,NA
179,France,2016,82682000,UNWTO,NA
179,France,2017,86758000,UNWTO,NA
179,France,2018,89322000,UNWTO,NA
179,France,2019,90914000,UNWTO,NA
179,France,2020,41684000,UNWTO,NA
179,France,2021,48395000,UNWTO,NA
179,France,2022,NA,NA,NA
180,United Kingdom,2005,28039000,UNWTO,NA
180,United Kingdom,2006,30654000,UNWTO,NA
180,United Kingdom,2007,30870000,UNWTO,NA
180,United Kingdom,2008,30142000,UNWTO,NA
180,United Kingdom,2009,29357000,UNWTO,NA
180,United Kingdom,2010,28911000,UNWTO,NA
180,United Kingdom,2011,30384000,UNWTO,NA
180,United Kingdom,2012,30411000,UNWTO,NA
180,United Kingdom,2013,31946000,UNWTO,NA
180,United Kingdom,2014,33604000,UNWTO,NA
180,United Kingdom,2015,35149000,UNWTO,NA
180,United Kingdom,2016,37358000,UNWTO,NA
180,United Kingdom,2017,39543000,UNWTO,NA
180,United Kingdom,2018,38664000,UNWTO,NA
180,United Kingdom,2019,39418000,UNWTO,NA
180,United Kingdom,2020,10714000,UNWTO,NA
180,United Kingdom,2021,6287000,UNWTO,NA
180,United Kingdom,2022,30741000,UNWTO,NA
181,Ireland,2005,7333000,UNWTO,NA
181,Ireland,2006,8001000,UNWTO,NA
181,Ireland,2007,8332000,UNWTO,NA
181,Ireland,2008,8026000,UNWTO,NA
181,Ireland,2009,7189000,UNWTO,NA
181,Ireland,2010,7134000,UNWTO,NA
181,Ireland,2011,7630000,UNWTO,NA
181,Ireland,2012,7550000,UNWTO,NA
181,Ireland,2013,8260000,UNWTO,NA
181,Ireland,2014,8813000,UNWTO,NA
181,Ireland,2015,9528000,UNWTO,NA
181,Ireland,2016,10100000,UNWTO,NA
181,Ireland,2017,10338000,UNWTO,NA
181,Ireland,2018,10926000,UNWTO,NA
181,Ireland,2019,10951000,UNWTO,NA
181,Ireland,2020,NA,NA,NA
181,Ireland,2021,NA,NA,NA
181,Ireland,2022,NA,NA,NA
182,Spain,2005,55914000,UNWTO,NA
182,Spain,2006,58004000,UNWTO,NA
182,Spain,2007,58666000,UNWTO,NA
182,Spain,2008,57192000,UNWTO,NA
182,Spain,2009,52178000,UNWTO,NA
182,Spain,2010,52677000,UNWTO,NA
182,Spain,2011,56177000,UNWTO,NA
182,Spain,2012,57464000,UNWTO,NA
182,Spain,2013,60675000,UNWTO,NA
182,Spain,2014,64939000,UNWTO,NA
182,Spain,2015,68175000,UNWTO,NA
182,Spain,2016,75315000,UNWTO,NA
182,Spain,2017,81869000,UNWTO,NA
182,Spain,2018,82808000,UNWTO,NA
182,Spain,2019,83509000,UNWTO,NA
182,Spain,2020,18933000,UNWTO,NA
182,Spain,2021,31181000,UNWTO,NA
182,Spain,2022,71659000,UNWTO,NA
183,Portugal,2005,10612000,UNWTO,NA
183,Portugal,2006,11282000,UNWTO,NA
183,Portugal,2007,6788000,UNWTO,NA
183,Portugal,2008,6962000,UNWTO,NA
183,Portugal,2009,6439000,UNWTO,NA
183,Portugal,2010,6756000,UNWTO,NA
183,Portugal,2011,7264000,UNWTO,NA
183,Portugal,2012,7503000,UNWTO,NA
183,Portugal,2013,9177000,UNWTO,NA
183,Portugal,2014,10497000,UNWTO,NA
183,Portugal,2015,11723000,UNWTO,NA
183,Portugal,2016,13359000,UNWTO,NA
183,Portugal,2017,15432000,UNWTO,NA
183,Portugal,2018,16186000,UNWTO,NA
183,Portugal,2019,17283000,UNWTO,NA
183,Portugal,2020,4208000,UNWTO,NA
183,Portugal,2021,6345000,UNWTO,NA
183,Portugal,2022,16308000,UNWTO,NA
184,Italy,2005,36513000,UNWTO,NA
184,Italy,2006,41058000,UNWTO,NA
184,Italy,2007,43654000,UNWTO,NA
184,Italy,2008,42734000,UNWTO,NA
184,Italy,2009,43239000,UNWTO,NA
184,Italy,2010,43626000,UNWTO,NA
184,Italy,2011,46119000,UNWTO,NA
184,Italy,2012,46360000,UNWTO,NA
184,Italy,2013,47704000,UNWTO,NA
184,Italy,2014,48576000,UNWTO,NA
184,Italy,2015,50732000,UNWTO,NA
184,Italy,2016,52372000,UNWTO,NA
184,Italy,2017,58253000,UNWTO,NA
184,Italy,2018,61567200,UNWTO,NA
184,Italy,2019,64513000,UNWTO,NA
184,Italy,2020,25190000,UNWTO,NA
184,Italy,2021,26888000,UNWTO,NA
184,Italy,2022,49811000,UNWTO,NA
185,Monaco,2005,286000,UNWTO,NA
185,Monaco,2006,313000,UNWTO,NA
185,Monaco,2007,328000,UNWTO,NA
185,Monaco,2008,324000,UNWTO,NA
185,Monaco,2009,265000,UNWTO,NA
185,Monaco,2010,279000,UNWTO,NA
185,Monaco,2011,295000,UNWTO,NA
185,Monaco,2012,292000,UNWTO,NA
185,Monaco,2013,328000,UNWTO,NA
185,Monaco,2014,329000,UNWTO,NA
185,Monaco,2015,331000,UNWTO,NA
185,Monaco,2016,336000,UNWTO,NA
185,Monaco,2017,355000,UNWTO,NA
185,Monaco,2018,347000,UNWTO,NA
185,Monaco,2019,363000,UNWTO,NA
185,Monaco,2020,159000,UNWTO,NA
185,Monaco,2021,218400,UNWTO,NA
185,Monaco,2022,327000,UNWTO,NA
186,Montenegro,2005,272000,UNWTO,NA
186,Montenegro,2006,378000,UNWTO,NA
186,Montenegro,2007,984000,UNWTO,NA
186,Montenegro,2008,1031000,UNWTO,NA
186,Montenegro,2009,1044000,UNWTO,NA
186,Montenegro,2010,1088000,UNWTO,NA
186,Montenegro,2011,1201000,UNWTO,NA
186,Montenegro,2012,1264000,UNWTO,NA
186,Montenegro,2013,1324000,UNWTO,NA
186,Montenegro,2014,1350000,UNWTO,NA
186,Montenegro,2015,1560000,UNWTO,NA
186,Montenegro,2016,1662000,UNWTO,NA
186,Montenegro,2017,1877000,UNWTO,NA
186,Montenegro,2018,2077000,UNWTO,NA
186,Montenegro,2019,2510000,UNWTO,NA
186,Montenegro,2020,351000,UNWTO,NA
186,Montenegro,2021,1554000,UNWTO,NA
186,Montenegro,2022,2036000,UNWTO,NA
187,Croatia,2005,7743000,UNWTO,NA
187,Croatia,2006,7988000,UNWTO,NA
187,Croatia,2007,8559000,UNWTO,NA
187,Croatia,2008,8665000,UNWTO,NA
187,Croatia,2009,8694000,UNWTO,NA
187,Croatia,2010,9111000,UNWTO,NA
187,Croatia,2011,9927000,UNWTO,NA
187,Croatia,2012,10369000,UNWTO,NA
187,Croatia,2013,10948000,UNWTO,NA
187,Croatia,2014,11623000,UNWTO,NA
187,Croatia,2015,12683000,UNWTO,NA
187,Croatia,2016,13809000,UNWTO,NA
187,Croatia,2017,15593000,UNWTO,NA
187,Croatia,2018,16645000,UNWTO,NA
187,Croatia,2019,17353000,UNWTO,NA
187,Croatia,2020,5545000,UNWTO,NA
187,Croatia,2021,10641000,UNWTO,NA
187,Croatia,2022,15324000,UNWTO,NA
188,Slovenia,2005,1555000,UNWTO,NA
188,Slovenia,2006,1617000,UNWTO,NA
188,Slovenia,2007,1751000,UNWTO,NA
188,Slovenia,2008,1958000,UNWTO,NA
188,Slovenia,2009,1824000,UNWTO,NA
188,Slovenia,2010,2049000,UNWTO,NA
188,Slovenia,2011,2236000,UNWTO,NA
188,Slovenia,2012,2377000,UNWTO,NA
188,Slovenia,2013,2502000,UNWTO,NA
188,Slovenia,2014,2675000,UNWTO,NA
188,Slovenia,2015,3022000,UNWTO,NA
188,Slovenia,2016,3397000,UNWTO,NA
188,Slovenia,2017,3991000,UNWTO,NA
188,Slovenia,2018,4425000,UNWTO,NA
188,Slovenia,2019,4702000,UNWTO,NA
188,Slovenia,2020,1216000,UNWTO,NA
188,Slovenia,2021,1832000,UNWTO,NA
188,Slovenia,2022,3936000,UNWTO,NA
189,Lithuania,2005,2000000,UNWTO,NA
189,Lithuania,2006,2180000,UNWTO,NA
189,Lithuania,2007,1486000,UNWTO,NA
189,Lithuania,2008,1611000,UNWTO,NA
189,Lithuania,2009,1341000,UNWTO,NA
189,Lithuania,2010,1507000,UNWTO,NA
189,Lithuania,2011,1775000,UNWTO,NA
189,Lithuania,2012,1900000,UNWTO,NA
189,Lithuania,2013,2012000,UNWTO,NA
189,Lithuania,2014,2063000,UNWTO,NA
189,Lithuania,2015,2071000,UNWTO,NA
189,Lithuania,2016,2296000,UNWTO,NA
189,Lithuania,2017,2523000,UNWTO,NA
189,Lithuania,2018,2825000,UNWTO,NA
189,Lithuania,2019,2875000,UNWTO,NA
189,Lithuania,2020,937000,UNWTO,NA
189,Lithuania,2021,948000,UNWTO,NA
189,Lithuania,2022,2169000,UNWTO,NA
190,Qatar,2005,913000,UNWTO,NA
190,Qatar,2006,946000,UNWTO,NA
190,Qatar,2007,964000,UNWTO,NA
190,Qatar,2008,1405000,UNWTO,NA
190,Qatar,2009,NA,NA,NA
190,Qatar,2010,NA,NA,NA
190,Qatar,2011,NA,NA,NA
190,Qatar,2012,NA,NA,NA
190,Qatar,2013,NA,NA,NA
190,Qatar,2014,NA,NA,NA
190,Qatar,2015,NA,NA,NA
190,Qatar,2016,NA,NA,NA
190,Qatar,2017,NA,NA,NA
190,Qatar,2018,NA,NA,NA
190,Qatar,2019,NA,NA,NA
190,Qatar,2020,NA,NA,NA
190,Qatar,2021,NA,NA,NA
190,Qatar,2022,NA,NA,NA
193,Guinea Bissau,2005,5000,UNWTO,NA
193,Guinea Bissau,2006,11600,UNWTO,NA
193,Guinea Bissau,2007,15600,UNWTO,NA
193,Guinea Bissau,2008,18000,UNWTO,NA
193,Guinea Bissau,2009,16000,UNWTO,NA
193,Guinea Bissau,2010,22300,UNWTO,NA
193,Guinea Bissau,2011,36700,UNWTO,NA
193,Guinea Bissau,2012,35400,UNWTO,NA
193,Guinea Bissau,2013,35500,UNWTO,NA
193,Guinea Bissau,2014,36100,UNWTO,NA
193,Guinea Bissau,2015,43800,UNWTO,NA
193,Guinea Bissau,2016,45200,UNWTO,NA
193,Guinea Bissau,2017,49500,UNWTO,NA
193,Guinea Bissau,2018,55000,UNWTO,NA
193,Guinea Bissau,2019,52400,UNWTO,NA
193,Guinea Bissau,2020,NA,NA,NA
193,Guinea Bissau,2021,NA,NA,NA
193,Guinea Bissau,2022,NA,NA,NA
194,Guinea,2005,45000,UNWTO,NA
194,Guinea,2006,46100,UNWTO,NA
194,Guinea,2007,30000,UNWTO,NA
194,Guinea,2008,24000,UNWTO,NA
194,Guinea,2009,NA,NA,NA
194,Guinea,2010,12400,UNWTO,NA
194,Guinea,2011,131000,UNWTO,NA
194,Guinea,2012,96000,UNWTO,NA
194,Guinea,2013,56000,UNWTO,NA
194,Guinea,2014,33000,UNWTO,NA
194,Guinea,2015,35000,UNWTO,NA
194,Guinea,2016,63000,UNWTO,NA
194,Guinea,2017,99000,UNWTO,NA
194,Guinea,2018,NA,NA,NA
194,Guinea,2019,NA,NA,NA
194,Guinea,2020,NA,NA,NA
194,Guinea,2021,NA,NA,NA
194,Guinea,2022,NA,NA,NA
196,Nigeria,2005,1010000,UNWTO,NA
196,Nigeria,2006,1111000,UNWTO,NA
196,Nigeria,2007,1212000,UNWTO,NA
196,Nigeria,2008,1313000,UNWTO,NA
196,Nigeria,2009,1414000,UNWTO,NA
196,Nigeria,2010,1555000,UNWTO,NA
196,Nigeria,2011,715000,UNWTO,NA
196,Nigeria,2012,486000,UNWTO,NA
196,Nigeria,2013,600000,UNWTO,NA
196,Nigeria,2014,NA,NA,NA
196,Nigeria,2015,1255000,UNWTO,NA
196,Nigeria,2016,1889000,UNWTO,NA
196,Nigeria,2017,1927000,UNWTO,NA
196,Nigeria,2018,1966000,UNWTO,NA
196,Nigeria,2019,2005000,UNWTO,NA
196,Nigeria,2020,502000,UNWTO,NA
196,Nigeria,2021,518000,UNWTO,NA
196,Nigeria,2022,528000,UNWTO,NA
197,Cameroon,2005,176000,UNWTO,NA
197,Cameroon,2006,NA,NA,NA
197,Cameroon,2007,NA,NA,NA
197,Cameroon,2008,480000,UNWTO,NA
197,Cameroon,2009,495000,UNWTO,NA
197,Cameroon,2010,569000,UNWTO,NA
197,Cameroon,2011,600000,UNWTO,NA
197,Cameroon,2012,812000,UNWTO,NA
197,Cameroon,2013,NA,NA,NA
197,Cameroon,2014,NA,NA,NA
197,Cameroon,2015,NA,NA,NA
197,Cameroon,2016,NA,NA,NA
197,Cameroon,2017,NA,NA,NA
197,Cameroon,2018,NA,NA,NA
197,Cameroon,2019,NA,NA,NA
197,Cameroon,2020,NA,NA,NA
197,Cameroon,2021,NA,NA,NA
197,Cameroon,2022,NA,NA,NA
199,Democratic Republic of the Congo,2005,61000,UNWTO,NA
199,Democratic Republic of the Congo,2006,55000,UNWTO,NA
199,Democratic Republic of the Congo,2007,47000,UNWTO,NA
199,Democratic Republic of the Congo,2008,50000,UNWTO,NA
199,Democratic Republic of the Congo,2009,53000,UNWTO,NA
199,Democratic Republic of the Congo,2010,81000,UNWTO,NA
199,Democratic Republic of the Congo,2011,186000,UNWTO,NA
199,Democratic Republic of the Congo,2012,167000,UNWTO,NA
199,Democratic Republic of the Congo,2013,191000,UNWTO,NA
199,Democratic Republic of the Congo,2014,334000,UNWTO,NA
199,Democratic Republic of the Congo,2015,354000,UNWTO,NA
199,Democratic Republic of the Congo,2016,351000,UNWTO,NA
199,Democratic Republic of the Congo,2017,430000,UNWTO,NA
199,Democratic Republic of the Congo,2018,392000,UNWTO,NA
199,Democratic Republic of the Congo,2019,479000,UNWTO,NA
199,Democratic Republic of the Congo,2020,202000,UNWTO,NA
199,Democratic Republic of the Congo,2021,382000,UNWTO,NA
199,Democratic Republic of the Congo,2022,NA,NA,NA
200,Angola,2005,210000,UNWTO,NA
200,Angola,2006,121000,UNWTO,NA
200,Angola,2007,195000,UNWTO,NA
200,Angola,2008,294000,UNWTO,NA
200,Angola,2009,366000,UNWTO,NA
200,Angola,2010,425000,UNWTO,NA
200,Angola,2011,481000,UNWTO,NA
200,Angola,2012,528000,UNWTO,NA
200,Angola,2013,650000,UNWTO,NA
200,Angola,2014,595000,UNWTO,NA
200,Angola,2015,592000,UNWTO,NA
200,Angola,2016,397000,UNWTO,NA
200,Angola,2017,261000,UNWTO,NA
200,Angola,2018,218000,UNWTO,NA
200,Angola,2019,218000,UNWTO,NA
200,Angola,2020,64000,UNWTO,NA
200,Angola,2021,64000,UNWTO,NA
200,Angola,2022,130000,UNWTO,NA
202,Tanzania,2005,590000,UNWTO,NA
202,Tanzania,2006,622000,UNWTO,NA
202,Tanzania,2007,692000,UNWTO,NA
202,Tanzania,2008,750000,UNWTO,NA
202,Tanzania,2009,695000,UNWTO,NA
202,Tanzania,2010,754000,UNWTO,NA
202,Tanzania,2011,843000,UNWTO,NA
202,Tanzania,2012,1043000,UNWTO,NA
202,Tanzania,2013,1063000,UNWTO,NA
202,Tanzania,2014,1113000,UNWTO,NA
202,Tanzania,2015,1104000,UNWTO,NA
202,Tanzania,2016,1233000,UNWTO,NA
202,Tanzania,2017,1275000,UNWTO,NA
202,Tanzania,2018,1378000,UNWTO,NA
202,Tanzania,2019,1443000,UNWTO,NA
202,Tanzania,2020,592000,UNWTO,NA
202,Tanzania,2021,922700,UNWTO,NA
202,Tanzania,2022,1455000,UNWTO,NA
203,India,2005,3919000,UNWTO,NA
203,India,2006,4447000,UNWTO,NA
203,India,2007,5082000,UNWTO,NA
203,India,2008,5283000,UNWTO,NA
203,India,2009,5168000,UNWTO,NA
203,India,2010,5776000,UNWTO,NA
203,India,2011,6309000,UNWTO,NA
203,India,2012,6578000,UNWTO,NA
203,India,2013,6968000,UNWTO,NA
203,India,2014,13107000,UNWTO,NA
203,India,2015,13284000,UNWTO,NA
203,India,2016,14570000,UNWTO,NA
203,India,2017,NA,NA,NA
203,India,2018,NA,NA,NA
203,India,2019,17754000,UNWTO,NA
203,India,2020,6291000,UNWTO,NA
203,India,2021,6989000,UNWTO,NA
203,India,2022,NA,NA,NA
204,Bangladesh,2005,208000,UNWTO,NA
204,Bangladesh,2006,200000,UNWTO,NA
204,Bangladesh,2007,289000,UNWTO,NA
204,Bangladesh,2008,467000,UNWTO,NA
204,Bangladesh,2009,267000,UNWTO,NA
204,Bangladesh,2010,139000,UNWTO,NA
204,Bangladesh,2011,157000,UNWTO,NA
204,Bangladesh,2012,160000,UNWTO,NA
204,Bangladesh,2013,104000,UNWTO,NA
204,Bangladesh,2014,134000,UNWTO,NA
204,Bangladesh,2015,126000,UNWTO,NA
204,Bangladesh,2016,182000,UNWTO,NA
204,Bangladesh,2017,237000,UNWTO,NA
204,Bangladesh,2018,267000,UNWTO,NA
204,Bangladesh,2019,323000,UNWTO,NA
204,Bangladesh,2020,182000,UNWTO,NA
204,Bangladesh,2021,135000,UNWTO,NA
204,Bangladesh,2022,NA,NA,NA
205,Myanmar,2005,660000,UNWTO,NA
205,Myanmar,2006,630000,UNWTO,NA
205,Myanmar,2007,716000,UNWTO,NA
205,Myanmar,2008,731000,UNWTO,NA
205,Myanmar,2009,763000,UNWTO,NA
205,Myanmar,2010,792000,UNWTO,NA
205,Myanmar,2011,816000,UNWTO,NA
205,Myanmar,2012,1059000,UNWTO,NA
205,Myanmar,2013,2044000,UNWTO,NA
205,Myanmar,2014,3081000,UNWTO,NA
205,Myanmar,2015,4681000,UNWTO,NA
205,Myanmar,2016,2907000,UNWTO,NA
205,Myanmar,2017,3443000,UNWTO,NA
205,Myanmar,2018,3551000,UNWTO,NA
205,Myanmar,2019,4364000,UNWTO,NA
205,Myanmar,2020,903000,UNWTO,NA
205,Myanmar,2021,131000,UNWTO,NA
205,Myanmar,2022,233000,UNWTO,NA
206,Malaysia,2005,16431000,UNWTO,NA
206,Malaysia,2006,17547000,UNWTO,NA
206,Malaysia,2007,20973000,UNWTO,NA
206,Malaysia,2008,22052000,UNWTO,NA
206,Malaysia,2009,23646000,UNWTO,NA
206,Malaysia,2010,24577000,UNWTO,NA
206,Malaysia,2011,24714000,UNWTO,NA
206,Malaysia,2012,25033000,UNWTO,NA
206,Malaysia,2013,25715000,UNWTO,NA
206,Malaysia,2014,27437000,UNWTO,NA
206,Malaysia,2015,25721000,UNWTO,NA
206,Malaysia,2016,26757000,UNWTO,NA
206,Malaysia,2017,25948000,UNWTO,NA
206,Malaysia,2018,25832000,UNWTO,NA
206,Malaysia,2019,26101000,UNWTO,NA
206,Malaysia,2020,4333000,UNWTO,NA
206,Malaysia,2021,135000,UNWTO,NA
206,Malaysia,2022,10071000,UNWTO,NA
207,Vietnam,2005,3277000,arrivals minus same day,gapfilled
207,Vietnam,2006,3359000,arrivals minus same day,gapfilled
207,Vietnam,2007,4004000,arrivals minus same day,gapfilled
207,Vietnam,2008,4084000,arrivals minus same day,gapfilled
207,Vietnam,2009,3681000,arrivals minus same day,gapfilled
207,Vietnam,2010,5000000,arrivals minus same day,gapfilled
207,Vietnam,2011,5968000,arrivals minus same day,gapfilled
207,Vietnam,2012,NA,NA,NA
207,Vietnam,2013,7201000,UNWTO,NA
207,Vietnam,2014,7488000,UNWTO,NA
207,Vietnam,2015,7555000,UNWTO,NA
207,Vietnam,2016,NA,NA,NA
207,Vietnam,2017,NA,NA,NA
207,Vietnam,2018,NA,NA,NA
207,Vietnam,2019,NA,NA,NA
207,Vietnam,2020,NA,NA,NA
207,Vietnam,2021,NA,NA,NA
207,Vietnam,2022,NA,NA,NA
208,Singapore,2005,7079000,UNWTO,NA
208,Singapore,2006,7588000,UNWTO,NA
208,Singapore,2007,7957000,UNWTO,NA
208,Singapore,2008,7778000,UNWTO,NA
208,Singapore,2009,7488000,UNWTO,NA
208,Singapore,2010,9161000,UNWTO,NA
208,Singapore,2011,10390000,UNWTO,NA
208,Singapore,2012,11098000,UNWTO,NA
208,Singapore,2013,11899000,UNWTO,NA
208,Singapore,2014,11864000,UNWTO,NA
208,Singapore,2015,12052000,UNWTO,NA
208,Singapore,2016,12913000,UNWTO,NA
208,Singapore,2017,13903000,UNWTO,NA
208,Singapore,2018,14673000,UNWTO,NA
208,Singapore,2019,15119000,UNWTO,NA
208,Singapore,2020,2086000,UNWTO,NA
208,Singapore,2021,325000,UNWTO,NA
208,Singapore,2022,5344000,UNWTO,NA
209,China,2005,70596000,UNWTO,NA
209,China,2006,76417000,UNWTO,NA
209,China,2007,84819000,UNWTO,NA
209,China,2008,80978000,UNWTO,NA
209,China,2009,78203000,UNWTO,NA
209,China,2010,87675000,UNWTO,NA
209,China,2011,92822000,UNWTO,NA
209,China,2012,95072000,UNWTO,NA
209,China,2013,95615000,UNWTO,NA
209,China,2014,97958000,UNWTO,NA
209,China,2015,97880000,UNWTO,NA
209,China,2016,101526600,UNWTO,NA
209,China,2017,105879000,UNWTO,NA
209,China,2018,110656000,UNWTO,NA
209,China,2019,108110000,UNWTO,NA
209,China,2020,12148000,UNWTO,NA
209,China,2021,3786200,UNWTO,NA
209,China,2022,3051800,UNWTO,NA
212,Kiribati,2005,4100,UNWTO,NA
212,Kiribati,2006,4400,UNWTO,NA
212,Kiribati,2007,4700,UNWTO,NA
212,Kiribati,2008,3900,UNWTO,NA
212,Kiribati,2009,3900,UNWTO,NA
212,Kiribati,2010,4700,UNWTO,NA
212,Kiribati,2011,5300,UNWTO,NA
212,Kiribati,2012,4900,UNWTO,NA
212,Kiribati,2013,5900,UNWTO,NA
212,Kiribati,2014,5000,UNWTO,NA
212,Kiribati,2015,3900,UNWTO,NA
212,Kiribati,2016,5700,UNWTO,NA
212,Kiribati,2017,5800,UNWTO,NA
212,Kiribati,2018,7100,UNWTO,NA
212,Kiribati,2019,7900,UNWTO,NA
212,Kiribati,2020,1400,UNWTO,NA
212,Kiribati,2021,70,UNWTO,NA
212,Kiribati,2022,1800,UNWTO,NA
214,Egypt,2005,8244000,UNWTO,NA
214,Egypt,2006,8646000,UNWTO,NA
214,Egypt,2007,10610000,UNWTO,NA
214,Egypt,2008,12296000,UNWTO,NA
214,Egypt,2009,11914000,UNWTO,NA
214,Egypt,2010,14051000,UNWTO,NA
214,Egypt,2011,9497000,UNWTO,NA
214,Egypt,2012,11196000,UNWTO,NA
214,Egypt,2013,9174000,UNWTO,NA
214,Egypt,2014,9628300,UNWTO,NA
214,Egypt,2015,9139000,UNWTO,NA
214,Egypt,2016,5258000,UNWTO,NA
214,Egypt,2017,8157000,UNWTO,NA
214,Egypt,2018,11196000,UNWTO,NA
214,Egypt,2019,12876000,UNWTO,NA
214,Egypt,2020,3619000,UNWTO,NA
214,Egypt,2021,7967000,UNWTO,NA
214,Egypt,2022,11625000,UNWTO,NA
215,Jordan,2005,2987000,UNWTO,NA
215,Jordan,2006,3225000,UNWTO,NA
215,Jordan,2007,3431000,UNWTO,NA
215,Jordan,2008,3729000,UNWTO,NA
215,Jordan,2009,3789000,UNWTO,NA
215,Jordan,2010,4207000,UNWTO,NA
215,Jordan,2011,3960000,UNWTO,NA
215,Jordan,2012,4162000,UNWTO,NA
215,Jordan,2013,3945000,UNWTO,NA
215,Jordan,2014,3990000,UNWTO,NA
215,Jordan,2015,3761000,UNWTO,NA
215,Jordan,2016,3567000,UNWTO,NA
215,Jordan,2017,3843500,UNWTO,NA
215,Jordan,2018,4150000,UNWTO,NA
215,Jordan,2019,4488400,UNWTO,NA
215,Jordan,2020,1067000,UNWTO,NA
215,Jordan,2021,2012000,UNWTO,NA
215,Jordan,2022,4276700,UNWTO,NA
216,Indonesia,2005,NA,NA,NA
216,Indonesia,2006,NA,NA,NA
216,Indonesia,2007,NA,NA,NA
216,Indonesia,2008,NA,NA,NA
216,Indonesia,2009,NA,NA,NA
216,Indonesia,2010,NA,NA,NA
216,Indonesia,2011,NA,NA,NA
216,Indonesia,2012,NA,NA,NA
216,Indonesia,2013,NA,NA,NA
216,Indonesia,2014,NA,NA,NA
216,Indonesia,2015,9963000,UNWTO,NA
216,Indonesia,2016,11072000,UNWTO,NA
216,Indonesia,2017,12948000,UNWTO,NA
216,Indonesia,2018,13396000,UNWTO,NA
216,Indonesia,2019,15455000,UNWTO,NA
216,Indonesia,2020,3915400,UNWTO,NA
216,Indonesia,2021,1546300,UNWTO,NA
216,Indonesia,2022,NA,NA,NA
218,Canada,2005,18771000,UNWTO,NA
218,Canada,2006,18265000,UNWTO,NA
218,Canada,2007,17935000,UNWTO,NA
218,Canada,2008,17142000,UNWTO,NA
218,Canada,2009,15737000,UNWTO,NA
218,Canada,2010,16219000,UNWTO,NA
218,Canada,2011,16016000,UNWTO,NA
218,Canada,2012,16344000,UNWTO,NA
218,Canada,2013,16059000,UNWTO,NA
218,Canada,2014,16537000,UNWTO,NA
218,Canada,2015,17977000,UNWTO,NA
218,Canada,2016,19971000,UNWTO,NA
218,Canada,2017,20883000,UNWTO,NA
218,Canada,2018,21134000,UNWTO,NA
218,Canada,2019,22145000,UNWTO,NA
218,Canada,2020,2960000,UNWTO,NA
218,Canada,2021,3062200,UNWTO,NA
218,Canada,2022,12824000,UNWTO,NA
220,Sint Maarten,2005,468000,UNWTO,NA
220,Sint Maarten,2006,468000,UNWTO,NA
220,Sint Maarten,2007,469000,UNWTO,NA
220,Sint Maarten,2008,475000,UNWTO,NA
220,Sint Maarten,2009,440000,UNWTO,NA
220,Sint Maarten,2010,443000,UNWTO,NA
220,Sint Maarten,2011,424000,UNWTO,NA
220,Sint Maarten,2012,457000,UNWTO,NA
220,Sint Maarten,2013,467000,UNWTO,NA
220,Sint Maarten,2014,500000,UNWTO,NA
220,Sint Maarten,2015,505000,UNWTO,NA
220,Sint Maarten,2016,528000,UNWTO,NA
220,Sint Maarten,2017,402000,UNWTO,NA
220,Sint Maarten,2018,178000,UNWTO,NA
220,Sint Maarten,2019,320000,UNWTO,NA
220,Sint Maarten,2020,106000,UNWTO,NA
220,Sint Maarten,2021,249000,UNWTO,NA
220,Sint Maarten,2022,373000,UNWTO,NA
222,Sweden,2005,4883000,UNWTO,NA
222,Sweden,2006,4729000,UNWTO,NA
222,Sweden,2007,5224000,UNWTO,NA
222,Sweden,2008,4555000,UNWTO,NA
222,Sweden,2009,4899000,UNWTO,NA
222,Sweden,2010,5183000,UNWTO,NA
222,Sweden,2011,11567000,UNWTO,NA
222,Sweden,2012,12372000,UNWTO,NA
222,Sweden,2013,10980000,UNWTO,NA
222,Sweden,2014,10522000,UNWTO,NA
222,Sweden,2015,6482000,UNWTO,NA
222,Sweden,2016,6782000,UNWTO,NA
222,Sweden,2017,7054000,UNWTO,NA
222,Sweden,2018,7440000,UNWTO,NA
222,Sweden,2019,7616000,UNWTO,NA
222,Sweden,2020,1957000,UNWTO,NA
222,Sweden,2021,2990000,UNWTO,NA
222,Sweden,2022,6629000,UNWTO,NA
223,Norway,2005,3824000,UNWTO,NA
223,Norway,2006,4070000,UNWTO,NA
223,Norway,2007,4377000,UNWTO,NA
223,Norway,2008,4347000,UNWTO,NA
223,Norway,2009,4346000,UNWTO,NA
223,Norway,2010,4767000,UNWTO,NA
223,Norway,2011,4963000,UNWTO,NA
223,Norway,2012,4538000,UNWTO,NA
223,Norway,2013,4778000,UNWTO,NA
223,Norway,2014,4855000,UNWTO,NA
223,Norway,2015,5361000,UNWTO,NA
223,Norway,2016,5960000,UNWTO,NA
223,Norway,2017,6252000,UNWTO,NA
223,Norway,2018,5688000,UNWTO,NA
223,Norway,2019,5879000,UNWTO,NA
223,Norway,2020,1397000,UNWTO,NA
223,Norway,2021,1435000,UNWTO,NA
223,Norway,2022,4979400,UNWTO,NA
224,Chile,2005,2027000,UNWTO,NA
224,Chile,2006,2253000,UNWTO,NA
224,Chile,2007,2507000,UNWTO,NA
224,Chile,2008,2710000,UNWTO,NA
224,Chile,2009,2760000,UNWTO,NA
224,Chile,2010,2801000,UNWTO,NA
224,Chile,2011,3137000,UNWTO,NA
224,Chile,2012,3554000,UNWTO,NA
224,Chile,2013,3576000,UNWTO,NA
224,Chile,2014,3674000,UNWTO,NA
224,Chile,2015,4478000,UNWTO,NA
224,Chile,2016,5641000,UNWTO,NA
224,Chile,2017,6450000,UNWTO,NA
224,Chile,2018,5723000,UNWTO,NA
224,Chile,2019,4518000,UNWTO,NA
224,Chile,2020,1119100,UNWTO,NA
224,Chile,2021,190000,UNWTO,NA
224,Chile,2022,2030000,UNWTO,NA
231,East Timor,2005,NA,NA,NA
231,East Timor,2006,14000,UNWTO,NA
231,East Timor,2007,22000,UNWTO,NA
231,East Timor,2008,36000,UNWTO,NA
231,East Timor,2009,44000,UNWTO,NA
231,East Timor,2010,40000,UNWTO,NA
231,East Timor,2011,51000,UNWTO,NA
231,East Timor,2012,58000,UNWTO,NA
231,East Timor,2013,79000,UNWTO,NA
231,East Timor,2014,60000,UNWTO,NA
231,East Timor,2015,61600,UNWTO,NA
231,East Timor,2016,65600,UNWTO,NA
231,East Timor,2017,73900,UNWTO,NA
231,East Timor,2018,74600,UNWTO,NA
231,East Timor,2019,80800,UNWTO,NA
231,East Timor,2020,17900,UNWTO,NA
231,East Timor,2021,5500,UNWTO,NA
231,East Timor,2022,NA,NA,NA
232,Bosnia and Herzegovina,2005,217000,UNWTO,NA
232,Bosnia and Herzegovina,2006,256000,UNWTO,NA
232,Bosnia and Herzegovina,2007,306000,UNWTO,NA
232,Bosnia and Herzegovina,2008,322000,UNWTO,NA
232,Bosnia and Herzegovina,2009,311000,UNWTO,NA
232,Bosnia and Herzegovina,2010,365000,UNWTO,NA
232,Bosnia and Herzegovina,2011,392000,UNWTO,NA
232,Bosnia and Herzegovina,2012,439000,UNWTO,NA
232,Bosnia and Herzegovina,2013,529000,UNWTO,NA
232,Bosnia and Herzegovina,2014,536000,UNWTO,NA
232,Bosnia and Herzegovina,2015,678000,UNWTO,NA
232,Bosnia and Herzegovina,2016,778000,UNWTO,NA
232,Bosnia and Herzegovina,2017,923000,UNWTO,NA
232,Bosnia and Herzegovina,2018,1053000,UNWTO,NA
232,Bosnia and Herzegovina,2019,1198000,UNWTO,NA
232,Bosnia and Herzegovina,2020,197000,UNWTO,NA
232,Bosnia and Herzegovina,2021,502000,UNWTO,NA
232,Bosnia and Herzegovina,2022,915000,UNWTO,NA
244,Curacao,2005,222000,UNWTO,NA
244,Curacao,2006,234000,UNWTO,NA
244,Curacao,2007,300000,UNWTO,NA
244,Curacao,2008,409000,UNWTO,NA
244,Curacao,2009,367000,UNWTO,NA
244,Curacao,2010,342000,UNWTO,NA
244,Curacao,2011,390000,UNWTO,NA
244,Curacao,2012,421000,UNWTO,NA
244,Curacao,2013,441000,UNWTO,NA
244,Curacao,2014,452000,UNWTO,NA
244,Curacao,2015,468000,UNWTO,NA
244,Curacao,2016,441000,UNWTO,NA
244,Curacao,2017,399000,UNWTO,NA
244,Curacao,2018,432000,UNWTO,NA
244,Curacao,2019,464000,UNWTO,NA
244,Curacao,2020,175000,UNWTO,NA
244,Curacao,2021,265000,UNWTO,NA
244,Curacao,2022,489600,UNWTO,NA
245,Bonaire,2005,63000,UNWTO,NA
245,Bonaire,2006,64000,UNWTO,NA
245,Bonaire,2007,74000,UNWTO,NA
245,Bonaire,2008,74000,UNWTO,NA
245,Bonaire,2009,67000,UNWTO,NA
245,Bonaire,2010,71000,UNWTO,NA
245,Bonaire,2011,NA,NA,NA
245,Bonaire,2012,NA,NA,NA
245,Bonaire,2013,NA,NA,NA
245,Bonaire,2014,NA,NA,NA
245,Bonaire,2015,NA,NA,NA
245,Bonaire,2016,NA,NA,NA
245,Bonaire,2017,NA,NA,NA
245,Bonaire,2018,NA,NA,NA
245,Bonaire,2019,NA,NA,NA
245,Bonaire,2020,NA,NA,NA
245,Bonaire,2021,NA,NA,NA
245,Bonaire,2022,NA,NA,NA
247,Brunei,2005,126000,UNWTO,NA
247,Brunei,2006,158000,UNWTO,NA
247,Brunei,2007,179000,UNWTO,NA
247,Brunei,2008,226000,UNWTO,NA
247,Brunei,2009,157000,UNWTO,NA
247,Brunei,2010,214000,UNWTO,NA
247,Brunei,2011,242000,UNWTO,NA
247,Brunei,2012,209000,UNWTO,NA
247,Brunei,2013,225000,UNWTO,NA
247,Brunei,2014,201000,UNWTO,NA
247,Brunei,2015,218000,UNWTO,NA
247,Brunei,2016,219000,UNWTO,NA
247,Brunei,2017,259000,UNWTO,NA
247,Brunei,2018,278000,UNWTO,NA
247,Brunei,2019,333000,UNWTO,NA
247,Brunei,2020,62300,UNWTO,NA
247,Brunei,2021,3500,UNWTO,NA
247,Brunei,2022,NA,NA,NA
248,Saba,2005,11500,UNWTO,NA
248,Saba,2006,11000,UNWTO,NA
248,Saba,2007,11700,UNWTO,NA
248,Saba,2008,12000,UNWTO,NA
248,Saba,2009,12000,UNWTO,NA
248,Saba,2010,12300,UNWTO,NA
248,Saba,2011,NA,NA,NA
248,Saba,2012,NA,NA,NA
248,Saba,2013,NA,NA,NA
248,Saba,2014,NA,NA,NA
248,Saba,2015,NA,NA,NA
248,Saba,2016,NA,NA,NA
248,Saba,2017,NA,NA,NA
248,Saba,2018,NA,NA,NA
248,Saba,2019,NA,NA,NA
248,Saba,2020,NA,NA,NA
248,Saba,2021,NA,NA,NA
248,Saba,2022,NA,NA,NA
249,Sint Eustatius,2005,10400,UNWTO,NA
249,Sint Eustatius,2006,9600,UNWTO,NA
249,Sint Eustatius,2007,11600,UNWTO,NA
249,Sint Eustatius,2008,11800,UNWTO,NA
249,Sint Eustatius,2009,12000,UNWTO,NA
249,Sint Eustatius,2010,11400,UNWTO,NA
249,Sint Eustatius,2011,NA,NA,NA
249,Sint Eustatius,2012,NA,NA,NA
249,Sint Eustatius,2013,NA,NA,NA
249,Sint Eustatius,2014,NA,NA,NA
249,Sint Eustatius,2015,NA,NA,NA
249,Sint Eustatius,2016,NA,NA,NA
249,Sint Eustatius,2017,NA,NA,NA
249,Sint Eustatius,2018,NA,NA,NA
249,Sint Eustatius,2019,NA,NA,NA
249,Sint Eustatius,2020,NA,NA,NA
249,Sint Eustatius,2021,NA,NA,NA
249,Sint Eustatius,2022,NA,NA,NA
250,Aruba,2005,733000,UNWTO,NA
250,Aruba,2006,694000,UNWTO,NA
250,Aruba,2007,772000,UNWTO,NA
250,Aruba,2008,827000,UNWTO,NA
250,Aruba,2009,813000,UNWTO,NA
250,Aruba,2010,824000,UNWTO,NA
250,Aruba,2011,869000,UNWTO,NA
250,Aruba,2012,904000,UNWTO,NA
250,Aruba,2013,979000,UNWTO,NA
250,Aruba,2014,1072000,UNWTO,NA
250,Aruba,2015,1225000,UNWTO,NA
250,Aruba,2016,1102000,UNWTO,NA
250,Aruba,2017,1070500,UNWTO,NA
250,Aruba,2018,1082000,UNWTO,NA
250,Aruba,2019,1119000,UNWTO,NA
250,Aruba,2020,368000,UNWTO,NA
250,Aruba,2021,807000,UNWTO,NA
250,Aruba,2022,1101000,UNWTO,NA
