"rgn_id","year","gapfilled","method"
1,2012,0,NA
1,2013,0,NA
1,2014,0,NA
1,2015,0,NA
1,2016,0,NA
1,2017,0,NA
1,2018,0,NA
1,2019,0,NA
1,2020,0,NA
1,2021,0,NA
1,2022,0,NA
2,2012,0,NA
2,2013,0,NA
2,2014,0,NA
2,2015,0,NA
2,2016,0,NA
2,2017,0,NA
2,2018,0,NA
2,2019,0,NA
2,2020,0,NA
2,2021,0,NA
2,2022,0,NA
3,2012,0,NA
3,2013,0,NA
3,2014,0,NA
3,2015,0,NA
3,2016,0,NA
3,2017,0,NA
3,2018,0,NA
3,2019,0,NA
3,2020,0,NA
3,2021,0,NA
3,2022,0,NA
4,2012,0,NA
4,2013,0,NA
4,2014,0,NA
4,2015,0,NA
4,2016,0,NA
4,2017,0,NA
4,2018,0,NA
4,2019,0,NA
4,2020,0,NA
4,2021,0,NA
4,2022,0,NA
5,2012,0,NA
5,2013,0,NA
5,2014,0,NA
5,2015,0,NA
5,2016,0,NA
5,2017,0,NA
5,2018,0,NA
5,2019,0,NA
5,2020,0,NA
5,2021,0,NA
5,2022,0,NA
6,2012,0,NA
6,2013,0,NA
6,2014,0,NA
6,2015,0,NA
6,2016,0,NA
6,2017,0,NA
6,2018,0,NA
6,2019,0,NA
6,2020,0,NA
6,2021,0,NA
6,2022,0,NA
7,2012,0,NA
7,2013,0,NA
7,2014,0,NA
7,2015,0,NA
7,2016,0,NA
7,2017,0,NA
7,2018,0,NA
7,2019,0,NA
7,2020,0,NA
7,2021,0,NA
7,2022,0,NA
8,2012,0,NA
8,2013,0,NA
8,2014,0,NA
8,2015,0,NA
8,2016,0,NA
8,2017,0,NA
8,2018,0,NA
8,2019,0,NA
8,2020,0,NA
8,2021,0,NA
8,2022,0,NA
9,2012,0,NA
9,2013,0,NA
9,2014,0,NA
9,2015,0,NA
9,2016,0,NA
9,2017,0,NA
9,2018,0,NA
9,2019,0,NA
9,2020,0,NA
9,2021,0,NA
9,2022,0,NA
10,2012,0,NA
10,2013,0,NA
10,2014,0,NA
10,2015,0,NA
10,2016,0,NA
10,2017,0,NA
10,2018,0,NA
10,2019,0,NA
10,2020,0,NA
10,2021,0,NA
10,2022,0,NA
11,2012,0,NA
11,2013,0,NA
11,2014,0,NA
11,2015,0,NA
11,2016,0,NA
11,2017,0,NA
11,2018,0,NA
11,2019,0,NA
11,2020,0,NA
11,2021,0,NA
11,2022,0,NA
12,2012,0,NA
12,2013,0,NA
12,2014,0,NA
12,2015,0,NA
12,2016,0,NA
12,2017,0,NA
12,2018,0,NA
12,2019,0,NA
12,2020,0,NA
12,2021,0,NA
12,2022,0,NA
13,2012,0,NA
13,2013,0,NA
13,2014,0,NA
13,2015,0,NA
13,2016,0,NA
13,2017,0,NA
13,2018,0,NA
13,2019,0,NA
13,2020,0,NA
13,2021,0,NA
13,2022,0,NA
14,2012,0,NA
14,2013,0,NA
14,2014,0,NA
14,2015,0,NA
14,2016,0,NA
14,2017,0,NA
14,2018,0,NA
14,2019,0,NA
14,2020,0,NA
14,2021,0,NA
14,2022,0,NA
15,2012,0,NA
15,2013,0,NA
15,2014,0,NA
15,2015,0,NA
15,2016,0,NA
15,2017,0,NA
15,2018,0,NA
15,2019,0,NA
15,2020,0,NA
15,2021,0,NA
15,2022,0,NA
16,2012,0,NA
16,2013,0,NA
16,2014,0,NA
16,2015,0,NA
16,2016,0,NA
16,2017,0,NA
16,2018,0,NA
16,2019,0,NA
16,2020,0,NA
16,2021,0,NA
16,2022,0,NA
17,2012,0,NA
17,2013,0,NA
17,2014,0,NA
17,2015,0,NA
17,2016,0,NA
17,2017,0,NA
17,2018,0,NA
17,2019,0,NA
17,2020,0,NA
17,2021,0,NA
17,2022,0,NA
18,2012,0,NA
18,2013,0,NA
18,2014,0,NA
18,2015,0,NA
18,2016,0,NA
18,2017,0,NA
18,2018,0,NA
18,2019,0,NA
18,2020,0,NA
18,2021,0,NA
18,2022,0,NA
19,2012,0,NA
19,2013,0,NA
19,2014,0,NA
19,2015,0,NA
19,2016,0,NA
19,2017,0,NA
19,2018,0,NA
19,2019,0,NA
19,2020,0,NA
19,2021,0,NA
19,2022,0,NA
20,2012,0,NA
20,2013,0,NA
20,2014,0,NA
20,2015,0,NA
20,2016,0,NA
20,2017,0,NA
20,2018,0,NA
20,2019,0,NA
20,2020,0,NA
20,2021,0,NA
20,2022,0,NA
21,2012,0,NA
21,2013,0,NA
21,2014,0,NA
21,2015,0,NA
21,2016,0,NA
21,2017,0,NA
21,2018,0,NA
21,2019,0,NA
21,2020,0,NA
21,2021,0,NA
21,2022,0,NA
24,2012,0,NA
24,2013,0,NA
24,2014,0,NA
24,2015,0,NA
24,2016,0,NA
24,2017,0,NA
24,2018,0,NA
24,2019,0,NA
24,2020,0,NA
24,2021,0,NA
24,2022,0,NA
25,2012,0,NA
25,2013,0,NA
25,2014,0,NA
25,2015,0,NA
25,2016,0,NA
25,2017,0,NA
25,2018,0,NA
25,2019,0,NA
25,2020,0,NA
25,2021,0,NA
25,2022,0,NA
26,2012,0,NA
26,2013,0,NA
26,2014,0,NA
26,2015,0,NA
26,2016,0,NA
26,2017,0,NA
26,2018,0,NA
26,2019,0,NA
26,2020,0,NA
26,2021,0,NA
26,2022,0,NA
28,2012,0,NA
28,2013,0,NA
28,2014,0,NA
28,2015,0,NA
28,2016,0,NA
28,2017,0,NA
28,2018,0,NA
28,2019,0,NA
28,2020,0,NA
28,2021,0,NA
28,2022,0,NA
29,2012,0,NA
29,2013,0,NA
29,2014,0,NA
29,2015,0,NA
29,2016,0,NA
29,2017,0,NA
29,2018,0,NA
29,2019,0,NA
29,2020,0,NA
29,2021,0,NA
29,2022,0,NA
30,2012,0,NA
30,2013,0,NA
30,2014,0,NA
30,2015,0,NA
30,2016,0,NA
30,2017,0,NA
30,2018,0,NA
30,2019,0,NA
30,2020,0,NA
30,2021,0,NA
30,2022,0,NA
31,2012,0,NA
31,2013,0,NA
31,2014,0,NA
31,2015,0,NA
31,2016,0,NA
31,2017,0,NA
31,2018,0,NA
31,2019,0,NA
31,2020,0,NA
31,2021,0,NA
31,2022,0,NA
32,2012,0,NA
32,2013,0,NA
32,2014,0,NA
32,2015,0,NA
32,2016,0,NA
32,2017,0,NA
32,2018,0,NA
32,2019,0,NA
32,2020,0,NA
32,2021,0,NA
32,2022,0,NA
33,2012,0,NA
33,2013,0,NA
33,2014,0,NA
33,2015,0,NA
33,2016,0,NA
33,2017,0,NA
33,2018,0,NA
33,2019,0,NA
33,2020,0,NA
33,2021,0,NA
33,2022,0,NA
34,2012,0,NA
34,2013,0,NA
34,2014,0,NA
34,2015,0,NA
34,2016,0,NA
34,2017,0,NA
34,2018,0,NA
34,2019,0,NA
34,2020,0,NA
34,2021,0,NA
34,2022,0,NA
35,2012,0,NA
35,2013,0,NA
35,2014,0,NA
35,2015,0,NA
35,2016,0,NA
35,2017,0,NA
35,2018,0,NA
35,2019,0,NA
35,2020,0,NA
35,2021,0,NA
35,2022,0,NA
36,2012,0,NA
36,2013,0,NA
36,2014,0,NA
36,2015,0,NA
36,2016,0,NA
36,2017,0,NA
36,2018,0,NA
36,2019,0,NA
36,2020,0,NA
36,2021,0,NA
36,2022,0,NA
37,2012,0,NA
37,2013,0,NA
37,2014,0,NA
37,2015,0,NA
37,2016,0,NA
37,2017,0,NA
37,2018,0,NA
37,2019,0,NA
37,2020,0,NA
37,2021,0,NA
37,2022,0,NA
38,2012,0,NA
38,2013,0,NA
38,2014,0,NA
38,2015,0,NA
38,2016,0,NA
38,2017,0,NA
38,2018,0,NA
38,2019,0,NA
38,2020,0,NA
38,2021,0,NA
38,2022,0,NA
39,2012,0,NA
39,2013,0,NA
39,2014,0,NA
39,2015,0,NA
39,2016,0,NA
39,2017,0,NA
39,2018,0,NA
39,2019,0,NA
39,2020,0,NA
39,2021,0,NA
39,2022,0,NA
40,2012,0,NA
40,2013,0,NA
40,2014,0,NA
40,2015,0,NA
40,2016,0,NA
40,2017,0,NA
40,2018,0,NA
40,2019,0,NA
40,2020,0,NA
40,2021,0,NA
40,2022,0,NA
41,2012,0,NA
41,2013,0,NA
41,2014,0,NA
41,2015,0,NA
41,2016,0,NA
41,2017,0,NA
41,2018,0,NA
41,2019,0,NA
41,2020,0,NA
41,2021,0,NA
41,2022,0,NA
42,2012,0,NA
42,2013,0,NA
42,2014,0,NA
42,2015,0,NA
42,2016,0,NA
42,2017,0,NA
42,2018,0,NA
42,2019,0,NA
42,2020,0,NA
42,2021,0,NA
42,2022,0,NA
43,2012,0,NA
43,2013,0,NA
43,2014,0,NA
43,2015,0,NA
43,2016,0,NA
43,2017,0,NA
43,2018,0,NA
43,2019,0,NA
43,2020,0,NA
43,2021,0,NA
43,2022,0,NA
44,2012,0,NA
44,2013,0,NA
44,2014,0,NA
44,2015,0,NA
44,2016,0,NA
44,2017,0,NA
44,2018,0,NA
44,2019,0,NA
44,2020,0,NA
44,2021,0,NA
44,2022,0,NA
45,2012,0,NA
45,2013,0,NA
45,2014,0,NA
45,2015,0,NA
45,2016,0,NA
45,2017,0,NA
45,2018,0,NA
45,2019,0,NA
45,2020,0,NA
45,2021,0,NA
45,2022,0,NA
46,2012,0,NA
46,2013,0,NA
46,2014,0,NA
46,2015,0,NA
46,2016,0,NA
46,2017,0,NA
46,2018,0,NA
46,2019,0,NA
46,2020,0,NA
46,2021,0,NA
46,2022,0,NA
47,2012,0,NA
47,2013,0,NA
47,2014,0,NA
47,2015,0,NA
47,2016,0,NA
47,2017,0,NA
47,2018,0,NA
47,2019,0,NA
47,2020,0,NA
47,2021,0,NA
47,2022,0,NA
48,2012,0,NA
48,2013,0,NA
48,2014,0,NA
48,2015,0,NA
48,2016,0,NA
48,2017,0,NA
48,2018,0,NA
48,2019,0,NA
48,2020,0,NA
48,2021,0,NA
48,2022,0,NA
49,2012,0,NA
49,2013,0,NA
49,2014,0,NA
49,2015,0,NA
49,2016,0,NA
49,2017,0,NA
49,2018,0,NA
49,2019,0,NA
49,2020,0,NA
49,2021,0,NA
49,2022,0,NA
50,2012,0,NA
50,2013,0,NA
50,2014,0,NA
50,2015,0,NA
50,2016,0,NA
50,2017,0,NA
50,2018,0,NA
50,2019,0,NA
50,2020,0,NA
50,2021,0,NA
50,2022,0,NA
51,2012,0,NA
51,2013,0,NA
51,2014,0,NA
51,2015,0,NA
51,2016,0,NA
51,2017,0,NA
51,2018,0,NA
51,2019,0,NA
51,2020,0,NA
51,2021,0,NA
51,2022,0,NA
52,2012,0,NA
52,2013,0,NA
52,2014,0,NA
52,2015,0,NA
52,2016,0,NA
52,2017,0,NA
52,2018,0,NA
52,2019,0,NA
52,2020,0,NA
52,2021,0,NA
52,2022,0,NA
53,2012,0,NA
53,2013,0,NA
53,2014,0,NA
53,2015,0,NA
53,2016,0,NA
53,2017,0,NA
53,2018,0,NA
53,2019,0,NA
53,2020,0,NA
53,2021,0,NA
53,2022,0,NA
54,2012,0,NA
54,2013,0,NA
54,2014,0,NA
54,2015,0,NA
54,2016,0,NA
54,2017,0,NA
54,2018,0,NA
54,2019,0,NA
54,2020,0,NA
54,2021,0,NA
54,2022,0,NA
55,2012,0,NA
55,2013,0,NA
55,2014,0,NA
55,2015,0,NA
55,2016,0,NA
55,2017,0,NA
55,2018,0,NA
55,2019,0,NA
55,2020,0,NA
55,2021,0,NA
55,2022,0,NA
56,2012,0,NA
56,2013,0,NA
56,2014,0,NA
56,2015,0,NA
56,2016,0,NA
56,2017,0,NA
56,2018,0,NA
56,2019,0,NA
56,2020,0,NA
56,2021,0,NA
56,2022,0,NA
57,2012,0,NA
57,2013,0,NA
57,2014,0,NA
57,2015,0,NA
57,2016,0,NA
57,2017,0,NA
57,2018,0,NA
57,2019,0,NA
57,2020,0,NA
57,2021,0,NA
57,2022,0,NA
58,2012,0,NA
58,2013,0,NA
58,2014,0,NA
58,2015,0,NA
58,2016,0,NA
58,2017,0,NA
58,2018,0,NA
58,2019,0,NA
58,2020,0,NA
58,2021,0,NA
58,2022,0,NA
59,2012,0,NA
59,2013,0,NA
59,2014,0,NA
59,2015,0,NA
59,2016,0,NA
59,2017,0,NA
59,2018,0,NA
59,2019,0,NA
59,2020,0,NA
59,2021,0,NA
59,2022,0,NA
60,2012,0,NA
60,2013,0,NA
60,2014,0,NA
60,2015,0,NA
60,2016,0,NA
60,2017,0,NA
60,2018,0,NA
60,2019,0,NA
60,2020,0,NA
60,2021,0,NA
60,2022,0,NA
61,2012,0,NA
61,2013,0,NA
61,2014,0,NA
61,2015,0,NA
61,2016,0,NA
61,2017,0,NA
61,2018,0,NA
61,2019,0,NA
61,2020,0,NA
61,2021,0,NA
61,2022,0,NA
62,2012,0,NA
62,2013,0,NA
62,2014,0,NA
62,2015,0,NA
62,2016,0,NA
62,2017,0,NA
62,2018,0,NA
62,2019,0,NA
62,2020,0,NA
62,2021,0,NA
62,2022,0,NA
63,2012,0,NA
63,2013,0,NA
63,2014,0,NA
63,2015,0,NA
63,2016,0,NA
63,2017,0,NA
63,2018,0,NA
63,2019,0,NA
63,2020,0,NA
63,2021,0,NA
63,2022,0,NA
64,2012,0,NA
64,2013,0,NA
64,2014,0,NA
64,2015,0,NA
64,2016,0,NA
64,2017,0,NA
64,2018,0,NA
64,2019,0,NA
64,2020,0,NA
64,2021,0,NA
64,2022,0,NA
65,2012,0,NA
65,2013,0,NA
65,2014,0,NA
65,2015,0,NA
65,2016,0,NA
65,2017,0,NA
65,2018,0,NA
65,2019,0,NA
65,2020,0,NA
65,2021,0,NA
65,2022,0,NA
66,2012,0,NA
66,2013,0,NA
66,2014,0,NA
66,2015,0,NA
66,2016,0,NA
66,2017,0,NA
66,2018,0,NA
66,2019,0,NA
66,2020,0,NA
66,2021,0,NA
66,2022,0,NA
67,2012,0,NA
67,2013,0,NA
67,2014,0,NA
67,2015,0,NA
67,2016,0,NA
67,2017,0,NA
67,2018,0,NA
67,2019,0,NA
67,2020,0,NA
67,2021,0,NA
67,2022,0,NA
68,2012,0,NA
68,2013,0,NA
68,2014,0,NA
68,2015,0,NA
68,2016,0,NA
68,2017,0,NA
68,2018,0,NA
68,2019,0,NA
68,2020,0,NA
68,2021,0,NA
68,2022,0,NA
69,2012,0,NA
69,2013,0,NA
69,2014,0,NA
69,2015,0,NA
69,2016,0,NA
69,2017,0,NA
69,2018,0,NA
69,2019,0,NA
69,2020,0,NA
69,2021,0,NA
69,2022,0,NA
70,2012,0,NA
70,2013,0,NA
70,2014,0,NA
70,2015,0,NA
70,2016,0,NA
70,2017,0,NA
70,2018,0,NA
70,2019,0,NA
70,2020,0,NA
70,2021,0,NA
70,2022,0,NA
71,2012,0,NA
71,2013,0,NA
71,2014,0,NA
71,2015,0,NA
71,2016,0,NA
71,2017,0,NA
71,2018,0,NA
71,2019,0,NA
71,2020,0,NA
71,2021,0,NA
71,2022,0,NA
72,2012,0,NA
72,2013,0,NA
72,2014,0,NA
72,2015,0,NA
72,2016,0,NA
72,2017,0,NA
72,2018,0,NA
72,2019,0,NA
72,2020,0,NA
72,2021,0,NA
72,2022,0,NA
73,2012,0,NA
73,2013,0,NA
73,2014,0,NA
73,2015,0,NA
73,2016,0,NA
73,2017,0,NA
73,2018,0,NA
73,2019,0,NA
73,2020,0,NA
73,2021,0,NA
73,2022,0,NA
74,2012,0,NA
74,2013,0,NA
74,2014,0,NA
74,2015,0,NA
74,2016,0,NA
74,2017,0,NA
74,2018,0,NA
74,2019,0,NA
74,2020,0,NA
74,2021,0,NA
74,2022,0,NA
75,2012,0,NA
75,2013,0,NA
75,2014,0,NA
75,2015,0,NA
75,2016,0,NA
75,2017,0,NA
75,2018,0,NA
75,2019,0,NA
75,2020,0,NA
75,2021,0,NA
75,2022,0,NA
76,2012,0,NA
76,2013,0,NA
76,2014,0,NA
76,2015,0,NA
76,2016,0,NA
76,2017,0,NA
76,2018,0,NA
76,2019,0,NA
76,2020,0,NA
76,2021,0,NA
76,2022,0,NA
77,2012,0,NA
77,2013,0,NA
77,2014,0,NA
77,2015,0,NA
77,2016,0,NA
77,2017,0,NA
77,2018,0,NA
77,2019,0,NA
77,2020,0,NA
77,2021,0,NA
77,2022,0,NA
78,2012,0,NA
78,2013,0,NA
78,2014,0,NA
78,2015,0,NA
78,2016,0,NA
78,2017,0,NA
78,2018,0,NA
78,2019,0,NA
78,2020,0,NA
78,2021,0,NA
78,2022,0,NA
79,2012,0,NA
79,2013,0,NA
79,2014,0,NA
79,2015,0,NA
79,2016,0,NA
79,2017,0,NA
79,2018,0,NA
79,2019,0,NA
79,2020,0,NA
79,2021,0,NA
79,2022,0,NA
80,2012,0,NA
80,2013,0,NA
80,2014,0,NA
80,2015,0,NA
80,2016,0,NA
80,2017,0,NA
80,2018,0,NA
80,2019,0,NA
80,2020,0,NA
80,2021,0,NA
80,2022,0,NA
81,2012,0,NA
81,2013,0,NA
81,2014,0,NA
81,2015,0,NA
81,2016,0,NA
81,2017,0,NA
81,2018,0,NA
81,2019,0,NA
81,2020,0,NA
81,2021,0,NA
81,2022,0,NA
82,2012,0,NA
82,2013,0,NA
82,2014,0,NA
82,2015,0,NA
82,2016,0,NA
82,2017,0,NA
82,2018,0,NA
82,2019,0,NA
82,2020,0,NA
82,2021,0,NA
82,2022,0,NA
84,2012,0,NA
84,2013,0,NA
84,2014,0,NA
84,2015,0,NA
84,2016,0,NA
84,2017,0,NA
84,2018,0,NA
84,2019,0,NA
84,2020,0,NA
84,2021,0,NA
84,2022,0,NA
85,2012,0,NA
85,2013,0,NA
85,2014,0,NA
85,2015,0,NA
85,2016,0,NA
85,2017,0,NA
85,2018,0,NA
85,2019,0,NA
85,2020,0,NA
85,2021,0,NA
85,2022,0,NA
86,2012,0,NA
86,2013,0,NA
86,2014,0,NA
86,2015,0,NA
86,2016,0,NA
86,2017,0,NA
86,2018,0,NA
86,2019,0,NA
86,2020,0,NA
86,2021,0,NA
86,2022,0,NA
88,2012,0,NA
88,2013,0,NA
88,2014,0,NA
88,2015,0,NA
88,2016,0,NA
88,2017,0,NA
88,2018,0,NA
88,2019,0,NA
88,2020,0,NA
88,2021,0,NA
88,2022,0,NA
89,2012,0,NA
89,2013,0,NA
89,2014,0,NA
89,2015,0,NA
89,2016,0,NA
89,2017,0,NA
89,2018,0,NA
89,2019,0,NA
89,2020,0,NA
89,2021,0,NA
89,2022,0,NA
90,2012,0,NA
90,2013,0,NA
90,2014,0,NA
90,2015,0,NA
90,2016,0,NA
90,2017,0,NA
90,2018,0,NA
90,2019,0,NA
90,2020,0,NA
90,2021,0,NA
90,2022,0,NA
91,2012,0,NA
91,2013,0,NA
91,2014,0,NA
91,2015,0,NA
91,2016,0,NA
91,2017,0,NA
91,2018,0,NA
91,2019,0,NA
91,2020,0,NA
91,2021,0,NA
91,2022,0,NA
92,2012,0,NA
92,2013,0,NA
92,2014,0,NA
92,2015,0,NA
92,2016,0,NA
92,2017,0,NA
92,2018,0,NA
92,2019,0,NA
92,2020,0,NA
92,2021,0,NA
92,2022,0,NA
93,2012,0,NA
93,2013,0,NA
93,2014,0,NA
93,2015,0,NA
93,2016,0,NA
93,2017,0,NA
93,2018,0,NA
93,2019,0,NA
93,2020,0,NA
93,2021,0,NA
93,2022,0,NA
94,2012,0,NA
94,2013,0,NA
94,2014,0,NA
94,2015,0,NA
94,2016,0,NA
94,2017,0,NA
94,2018,0,NA
94,2019,0,NA
94,2020,0,NA
94,2021,0,NA
94,2022,0,NA
95,2012,0,NA
95,2013,0,NA
95,2014,0,NA
95,2015,0,NA
95,2016,0,NA
95,2017,0,NA
95,2018,0,NA
95,2019,0,NA
95,2020,0,NA
95,2021,0,NA
95,2022,0,NA
96,2012,0,NA
96,2013,0,NA
96,2014,0,NA
96,2015,0,NA
96,2016,0,NA
96,2017,0,NA
96,2018,0,NA
96,2019,0,NA
96,2020,0,NA
96,2021,0,NA
96,2022,0,NA
97,2012,0,NA
97,2013,0,NA
97,2014,0,NA
97,2015,0,NA
97,2016,0,NA
97,2017,0,NA
97,2018,0,NA
97,2019,0,NA
97,2020,0,NA
97,2021,0,NA
97,2022,0,NA
98,2012,0,NA
98,2013,0,NA
98,2014,0,NA
98,2015,0,NA
98,2016,0,NA
98,2017,0,NA
98,2018,0,NA
98,2019,0,NA
98,2020,0,NA
98,2021,0,NA
98,2022,0,NA
99,2012,0,NA
99,2013,0,NA
99,2014,0,NA
99,2015,0,NA
99,2016,0,NA
99,2017,0,NA
99,2018,0,NA
99,2019,0,NA
99,2020,0,NA
99,2021,0,NA
99,2022,0,NA
100,2012,0,NA
100,2013,0,NA
100,2014,0,NA
100,2015,0,NA
100,2016,0,NA
100,2017,0,NA
100,2018,0,NA
100,2019,0,NA
100,2020,0,NA
100,2021,0,NA
100,2022,0,NA
101,2012,0,NA
101,2013,0,NA
101,2014,0,NA
101,2015,0,NA
101,2016,0,NA
101,2017,0,NA
101,2018,0,NA
101,2019,0,NA
101,2020,0,NA
101,2021,0,NA
101,2022,0,NA
102,2012,0,NA
102,2013,0,NA
102,2014,0,NA
102,2015,0,NA
102,2016,0,NA
102,2017,0,NA
102,2018,0,NA
102,2019,0,NA
102,2020,0,NA
102,2021,0,NA
102,2022,0,NA
103,2012,0,NA
103,2013,0,NA
103,2014,0,NA
103,2015,0,NA
103,2016,0,NA
103,2017,0,NA
103,2018,0,NA
103,2019,0,NA
103,2020,0,NA
103,2021,0,NA
103,2022,0,NA
104,2012,0,NA
104,2013,0,NA
104,2014,0,NA
104,2015,0,NA
104,2016,0,NA
104,2017,0,NA
104,2018,0,NA
104,2019,0,NA
104,2020,0,NA
104,2021,0,NA
104,2022,0,NA
105,2012,0,NA
105,2013,0,NA
105,2014,0,NA
105,2015,0,NA
105,2016,0,NA
105,2017,0,NA
105,2018,0,NA
105,2019,0,NA
105,2020,0,NA
105,2021,0,NA
105,2022,0,NA
106,2012,0,NA
106,2013,0,NA
106,2014,0,NA
106,2015,0,NA
106,2016,0,NA
106,2017,0,NA
106,2018,0,NA
106,2019,0,NA
106,2020,0,NA
106,2021,0,NA
106,2022,0,NA
107,2012,0,NA
107,2013,0,NA
107,2014,0,NA
107,2015,0,NA
107,2016,0,NA
107,2017,0,NA
107,2018,0,NA
107,2019,0,NA
107,2020,0,NA
107,2021,0,NA
107,2022,0,NA
108,2012,0,NA
108,2013,0,NA
108,2014,0,NA
108,2015,0,NA
108,2016,0,NA
108,2017,0,NA
108,2018,0,NA
108,2019,0,NA
108,2020,0,NA
108,2021,0,NA
108,2022,0,NA
110,2012,0,NA
110,2013,0,NA
110,2014,0,NA
110,2015,0,NA
110,2016,0,NA
110,2017,0,NA
110,2018,0,NA
110,2019,0,NA
110,2020,0,NA
110,2021,0,NA
110,2022,0,NA
111,2012,0,NA
111,2013,0,NA
111,2014,0,NA
111,2015,0,NA
111,2016,0,NA
111,2017,0,NA
111,2018,0,NA
111,2019,0,NA
111,2020,0,NA
111,2021,0,NA
111,2022,0,NA
112,2012,0,NA
112,2013,0,NA
112,2014,0,NA
112,2015,0,NA
112,2016,0,NA
112,2017,0,NA
112,2018,0,NA
112,2019,0,NA
112,2020,0,NA
112,2021,0,NA
112,2022,0,NA
113,2012,0,NA
113,2013,0,NA
113,2014,0,NA
113,2015,0,NA
113,2016,0,NA
113,2017,0,NA
113,2018,0,NA
113,2019,0,NA
113,2020,0,NA
113,2021,0,NA
113,2022,0,NA
114,2012,0,NA
114,2013,0,NA
114,2014,0,NA
114,2015,0,NA
114,2016,0,NA
114,2017,0,NA
114,2018,0,NA
114,2019,0,NA
114,2020,0,NA
114,2021,0,NA
114,2022,0,NA
115,2012,0,NA
115,2013,0,NA
115,2014,0,NA
115,2015,0,NA
115,2016,0,NA
115,2017,0,NA
115,2018,0,NA
115,2019,0,NA
115,2020,0,NA
115,2021,0,NA
115,2022,0,NA
116,2012,0,NA
116,2013,0,NA
116,2014,0,NA
116,2015,0,NA
116,2016,0,NA
116,2017,0,NA
116,2018,0,NA
116,2019,0,NA
116,2020,0,NA
116,2021,0,NA
116,2022,0,NA
117,2012,0,NA
117,2013,0,NA
117,2014,0,NA
117,2015,0,NA
117,2016,0,NA
117,2017,0,NA
117,2018,0,NA
117,2019,0,NA
117,2020,0,NA
117,2021,0,NA
117,2022,0,NA
118,2012,0,NA
118,2013,0,NA
118,2014,0,NA
118,2015,0,NA
118,2016,0,NA
118,2017,0,NA
118,2018,0,NA
118,2019,0,NA
118,2020,0,NA
118,2021,0,NA
118,2022,0,NA
119,2012,0,NA
119,2013,0,NA
119,2014,0,NA
119,2015,0,NA
119,2016,0,NA
119,2017,0,NA
119,2018,0,NA
119,2019,0,NA
119,2020,0,NA
119,2021,0,NA
119,2022,0,NA
120,2012,0,NA
120,2013,0,NA
120,2014,0,NA
120,2015,0,NA
120,2016,0,NA
120,2017,0,NA
120,2018,0,NA
120,2019,0,NA
120,2020,0,NA
120,2021,0,NA
120,2022,0,NA
121,2012,0,NA
121,2013,0,NA
121,2014,0,NA
121,2015,0,NA
121,2016,0,NA
121,2017,0,NA
121,2018,0,NA
121,2019,0,NA
121,2020,0,NA
121,2021,0,NA
121,2022,0,NA
122,2012,0,NA
122,2013,0,NA
122,2014,0,NA
122,2015,0,NA
122,2016,0,NA
122,2017,0,NA
122,2018,0,NA
122,2019,0,NA
122,2020,0,NA
122,2021,0,NA
122,2022,0,NA
123,2012,0,NA
123,2013,0,NA
123,2014,0,NA
123,2015,0,NA
123,2016,0,NA
123,2017,0,NA
123,2018,0,NA
123,2019,0,NA
123,2020,0,NA
123,2021,0,NA
123,2022,0,NA
124,2012,0,NA
124,2013,0,NA
124,2014,0,NA
124,2015,0,NA
124,2016,0,NA
124,2017,0,NA
124,2018,0,NA
124,2019,0,NA
124,2020,0,NA
124,2021,0,NA
124,2022,0,NA
125,2012,0,NA
125,2013,0,NA
125,2014,0,NA
125,2015,0,NA
125,2016,0,NA
125,2017,0,NA
125,2018,0,NA
125,2019,0,NA
125,2020,0,NA
125,2021,0,NA
125,2022,0,NA
126,2012,0,NA
126,2013,0,NA
126,2014,0,NA
126,2015,0,NA
126,2016,0,NA
126,2017,0,NA
126,2018,0,NA
126,2019,0,NA
126,2020,0,NA
126,2021,0,NA
126,2022,0,NA
127,2012,0,NA
127,2013,0,NA
127,2014,0,NA
127,2015,0,NA
127,2016,0,NA
127,2017,0,NA
127,2018,0,NA
127,2019,0,NA
127,2020,0,NA
127,2021,0,NA
127,2022,0,NA
129,2012,0,NA
129,2013,0,NA
129,2014,0,NA
129,2015,0,NA
129,2016,0,NA
129,2017,0,NA
129,2018,0,NA
129,2019,0,NA
129,2020,0,NA
129,2021,0,NA
129,2022,0,NA
130,2012,0,NA
130,2013,0,NA
130,2014,0,NA
130,2015,0,NA
130,2016,0,NA
130,2017,0,NA
130,2018,0,NA
130,2019,0,NA
130,2020,0,NA
130,2021,0,NA
130,2022,0,NA
131,2012,0,NA
131,2013,0,NA
131,2014,0,NA
131,2015,0,NA
131,2016,0,NA
131,2017,0,NA
131,2018,0,NA
131,2019,0,NA
131,2020,0,NA
131,2021,0,NA
131,2022,0,NA
132,2012,0,NA
132,2013,0,NA
132,2014,0,NA
132,2015,0,NA
132,2016,0,NA
132,2017,0,NA
132,2018,0,NA
132,2019,0,NA
132,2020,0,NA
132,2021,0,NA
132,2022,0,NA
133,2012,0,NA
133,2013,0,NA
133,2014,0,NA
133,2015,0,NA
133,2016,0,NA
133,2017,0,NA
133,2018,0,NA
133,2019,0,NA
133,2020,0,NA
133,2021,0,NA
133,2022,0,NA
134,2012,0,NA
134,2013,0,NA
134,2014,0,NA
134,2015,0,NA
134,2016,0,NA
134,2017,0,NA
134,2018,0,NA
134,2019,0,NA
134,2020,0,NA
134,2021,0,NA
134,2022,0,NA
135,2012,0,NA
135,2013,0,NA
135,2014,0,NA
135,2015,0,NA
135,2016,0,NA
135,2017,0,NA
135,2018,0,NA
135,2019,0,NA
135,2020,0,NA
135,2021,0,NA
135,2022,0,NA
136,2012,0,NA
136,2013,0,NA
136,2014,0,NA
136,2015,0,NA
136,2016,0,NA
136,2017,0,NA
136,2018,0,NA
136,2019,0,NA
136,2020,0,NA
136,2021,0,NA
136,2022,0,NA
137,2012,0,NA
137,2013,0,NA
137,2014,0,NA
137,2015,0,NA
137,2016,0,NA
137,2017,0,NA
137,2018,0,NA
137,2019,0,NA
137,2020,0,NA
137,2021,0,NA
137,2022,0,NA
138,2012,0,NA
138,2013,0,NA
138,2014,0,NA
138,2015,0,NA
138,2016,0,NA
138,2017,0,NA
138,2018,0,NA
138,2019,0,NA
138,2020,0,NA
138,2021,0,NA
138,2022,0,NA
139,2012,0,NA
139,2013,0,NA
139,2014,0,NA
139,2015,0,NA
139,2016,0,NA
139,2017,0,NA
139,2018,0,NA
139,2019,0,NA
139,2020,0,NA
139,2021,0,NA
139,2022,0,NA
140,2012,0,NA
140,2013,0,NA
140,2014,0,NA
140,2015,0,NA
140,2016,0,NA
140,2017,0,NA
140,2018,0,NA
140,2019,0,NA
140,2020,0,NA
140,2021,0,NA
140,2022,0,NA
141,2012,0,NA
141,2013,0,NA
141,2014,0,NA
141,2015,0,NA
141,2016,0,NA
141,2017,0,NA
141,2018,0,NA
141,2019,0,NA
141,2020,0,NA
141,2021,0,NA
141,2022,0,NA
143,2012,0,NA
143,2013,0,NA
143,2014,0,NA
143,2015,0,NA
143,2016,0,NA
143,2017,0,NA
143,2018,0,NA
143,2019,0,NA
143,2020,0,NA
143,2021,0,NA
143,2022,0,NA
144,2012,0,NA
144,2013,0,NA
144,2014,0,NA
144,2015,0,NA
144,2016,0,NA
144,2017,0,NA
144,2018,0,NA
144,2019,0,NA
144,2020,0,NA
144,2021,0,NA
144,2022,0,NA
145,2012,0,NA
145,2013,0,NA
145,2014,0,NA
145,2015,0,NA
145,2016,0,NA
145,2017,0,NA
145,2018,0,NA
145,2019,0,NA
145,2020,0,NA
145,2021,0,NA
145,2022,0,NA
146,2012,0,NA
146,2013,0,NA
146,2014,0,NA
146,2015,0,NA
146,2016,0,NA
146,2017,0,NA
146,2018,0,NA
146,2019,0,NA
146,2020,0,NA
146,2021,0,NA
146,2022,0,NA
147,2012,0,NA
147,2013,0,NA
147,2014,0,NA
147,2015,0,NA
147,2016,0,NA
147,2017,0,NA
147,2018,0,NA
147,2019,0,NA
147,2020,0,NA
147,2021,0,NA
147,2022,0,NA
148,2012,0,NA
148,2013,0,NA
148,2014,0,NA
148,2015,0,NA
148,2016,0,NA
148,2017,0,NA
148,2018,0,NA
148,2019,0,NA
148,2020,0,NA
148,2021,0,NA
148,2022,0,NA
149,2012,0,NA
149,2013,0,NA
149,2014,0,NA
149,2015,0,NA
149,2016,0,NA
149,2017,0,NA
149,2018,0,NA
149,2019,0,NA
149,2020,0,NA
149,2021,0,NA
149,2022,0,NA
150,2012,0,NA
150,2013,0,NA
150,2014,0,NA
150,2015,0,NA
150,2016,0,NA
150,2017,0,NA
150,2018,0,NA
150,2019,0,NA
150,2020,0,NA
150,2021,0,NA
150,2022,0,NA
151,2012,0,NA
151,2013,0,NA
151,2014,0,NA
151,2015,0,NA
151,2016,0,NA
151,2017,0,NA
151,2018,0,NA
151,2019,0,NA
151,2020,0,NA
151,2021,0,NA
151,2022,0,NA
152,2012,0,NA
152,2013,0,NA
152,2014,0,NA
152,2015,0,NA
152,2016,0,NA
152,2017,0,NA
152,2018,0,NA
152,2019,0,NA
152,2020,0,NA
152,2021,0,NA
152,2022,0,NA
153,2012,0,NA
153,2013,0,NA
153,2014,0,NA
153,2015,0,NA
153,2016,0,NA
153,2017,0,NA
153,2018,0,NA
153,2019,0,NA
153,2020,0,NA
153,2021,0,NA
153,2022,0,NA
154,2012,0,NA
154,2013,0,NA
154,2014,0,NA
154,2015,0,NA
154,2016,0,NA
154,2017,0,NA
154,2018,0,NA
154,2019,0,NA
154,2020,0,NA
154,2021,0,NA
154,2022,0,NA
155,2012,0,NA
155,2013,0,NA
155,2014,0,NA
155,2015,0,NA
155,2016,0,NA
155,2017,0,NA
155,2018,0,NA
155,2019,0,NA
155,2020,0,NA
155,2021,0,NA
155,2022,0,NA
156,2012,0,NA
156,2013,0,NA
156,2014,0,NA
156,2015,0,NA
156,2016,0,NA
156,2017,0,NA
156,2018,0,NA
156,2019,0,NA
156,2020,0,NA
156,2021,0,NA
156,2022,0,NA
157,2012,0,NA
157,2013,0,NA
157,2014,0,NA
157,2015,0,NA
157,2016,0,NA
157,2017,0,NA
157,2018,0,NA
157,2019,0,NA
157,2020,0,NA
157,2021,0,NA
157,2022,0,NA
158,2012,0,NA
158,2013,0,NA
158,2014,0,NA
158,2015,0,NA
158,2016,0,NA
158,2017,0,NA
158,2018,0,NA
158,2019,0,NA
158,2020,0,NA
158,2021,0,NA
158,2022,0,NA
159,2012,0,NA
159,2013,0,NA
159,2014,0,NA
159,2015,0,NA
159,2016,0,NA
159,2017,0,NA
159,2018,0,NA
159,2019,0,NA
159,2020,0,NA
159,2021,0,NA
159,2022,0,NA
161,2012,0,NA
161,2013,0,NA
161,2014,0,NA
161,2015,0,NA
161,2016,0,NA
161,2017,0,NA
161,2018,0,NA
161,2019,0,NA
161,2020,0,NA
161,2021,0,NA
161,2022,0,NA
162,2012,0,NA
162,2013,0,NA
162,2014,0,NA
162,2015,0,NA
162,2016,0,NA
162,2017,0,NA
162,2018,0,NA
162,2019,0,NA
162,2020,0,NA
162,2021,0,NA
162,2022,0,NA
163,2012,0,NA
163,2013,0,NA
163,2014,0,NA
163,2015,0,NA
163,2016,0,NA
163,2017,0,NA
163,2018,0,NA
163,2019,0,NA
163,2020,0,NA
163,2021,0,NA
163,2022,0,NA
164,2012,0,NA
164,2013,0,NA
164,2014,0,NA
164,2015,0,NA
164,2016,0,NA
164,2017,0,NA
164,2018,0,NA
164,2019,0,NA
164,2020,0,NA
164,2021,0,NA
164,2022,0,NA
166,2012,0,NA
166,2013,0,NA
166,2014,0,NA
166,2015,0,NA
166,2016,0,NA
166,2017,0,NA
166,2018,0,NA
166,2019,0,NA
166,2020,0,NA
166,2021,0,NA
166,2022,0,NA
167,2012,0,NA
167,2013,0,NA
167,2014,0,NA
167,2015,0,NA
167,2016,0,NA
167,2017,0,NA
167,2018,0,NA
167,2019,0,NA
167,2020,0,NA
167,2021,0,NA
167,2022,0,NA
168,2012,0,NA
168,2013,0,NA
168,2014,0,NA
168,2015,0,NA
168,2016,0,NA
168,2017,0,NA
168,2018,0,NA
168,2019,0,NA
168,2020,0,NA
168,2021,0,NA
168,2022,0,NA
169,2012,0,NA
169,2013,0,NA
169,2014,0,NA
169,2015,0,NA
169,2016,0,NA
169,2017,0,NA
169,2018,0,NA
169,2019,0,NA
169,2020,0,NA
169,2021,0,NA
169,2022,0,NA
171,2012,0,NA
171,2013,0,NA
171,2014,0,NA
171,2015,0,NA
171,2016,0,NA
171,2017,0,NA
171,2018,0,NA
171,2019,0,NA
171,2020,0,NA
171,2021,0,NA
171,2022,0,NA
172,2012,0,NA
172,2013,0,NA
172,2014,0,NA
172,2015,0,NA
172,2016,0,NA
172,2017,0,NA
172,2018,0,NA
172,2019,0,NA
172,2020,0,NA
172,2021,0,NA
172,2022,0,NA
173,2012,0,NA
173,2013,0,NA
173,2014,0,NA
173,2015,0,NA
173,2016,0,NA
173,2017,0,NA
173,2018,0,NA
173,2019,0,NA
173,2020,0,NA
173,2021,0,NA
173,2022,0,NA
174,2012,0,NA
174,2013,0,NA
174,2014,0,NA
174,2015,0,NA
174,2016,0,NA
174,2017,0,NA
174,2018,0,NA
174,2019,0,NA
174,2020,0,NA
174,2021,0,NA
174,2022,0,NA
175,2012,0,NA
175,2013,0,NA
175,2014,0,NA
175,2015,0,NA
175,2016,0,NA
175,2017,0,NA
175,2018,0,NA
175,2019,0,NA
175,2020,0,NA
175,2021,0,NA
175,2022,0,NA
176,2012,0,NA
176,2013,0,NA
176,2014,0,NA
176,2015,0,NA
176,2016,0,NA
176,2017,0,NA
176,2018,0,NA
176,2019,0,NA
176,2020,0,NA
176,2021,0,NA
176,2022,0,NA
177,2012,0,NA
177,2013,0,NA
177,2014,0,NA
177,2015,0,NA
177,2016,0,NA
177,2017,0,NA
177,2018,0,NA
177,2019,0,NA
177,2020,0,NA
177,2021,0,NA
177,2022,0,NA
178,2012,0,NA
178,2013,0,NA
178,2014,0,NA
178,2015,0,NA
178,2016,0,NA
178,2017,0,NA
178,2018,0,NA
178,2019,0,NA
178,2020,0,NA
178,2021,0,NA
178,2022,0,NA
179,2012,0,NA
179,2013,0,NA
179,2014,0,NA
179,2015,0,NA
179,2016,0,NA
179,2017,0,NA
179,2018,0,NA
179,2019,0,NA
179,2020,0,NA
179,2021,0,NA
179,2022,0,NA
180,2012,0,NA
180,2013,0,NA
180,2014,0,NA
180,2015,0,NA
180,2016,0,NA
180,2017,0,NA
180,2018,0,NA
180,2019,0,NA
180,2020,0,NA
180,2021,0,NA
180,2022,0,NA
181,2012,0,NA
181,2013,0,NA
181,2014,0,NA
181,2015,0,NA
181,2016,0,NA
181,2017,0,NA
181,2018,0,NA
181,2019,0,NA
181,2020,0,NA
181,2021,0,NA
181,2022,0,NA
182,2012,0,NA
182,2013,0,NA
182,2014,0,NA
182,2015,0,NA
182,2016,0,NA
182,2017,0,NA
182,2018,0,NA
182,2019,0,NA
182,2020,0,NA
182,2021,0,NA
182,2022,0,NA
183,2012,0,NA
183,2013,0,NA
183,2014,0,NA
183,2015,0,NA
183,2016,0,NA
183,2017,0,NA
183,2018,0,NA
183,2019,0,NA
183,2020,0,NA
183,2021,0,NA
183,2022,0,NA
184,2012,0,NA
184,2013,0,NA
184,2014,0,NA
184,2015,0,NA
184,2016,0,NA
184,2017,0,NA
184,2018,0,NA
184,2019,0,NA
184,2020,0,NA
184,2021,0,NA
184,2022,0,NA
185,2012,0,NA
185,2013,0,NA
185,2014,0,NA
185,2015,0,NA
185,2016,0,NA
185,2017,0,NA
185,2018,0,NA
185,2019,0,NA
185,2020,0,NA
185,2021,0,NA
185,2022,0,NA
186,2012,0,NA
186,2013,0,NA
186,2014,0,NA
186,2015,0,NA
186,2016,0,NA
186,2017,0,NA
186,2018,0,NA
186,2019,0,NA
186,2020,0,NA
186,2021,0,NA
186,2022,0,NA
187,2012,0,NA
187,2013,0,NA
187,2014,0,NA
187,2015,0,NA
187,2016,0,NA
187,2017,0,NA
187,2018,0,NA
187,2019,0,NA
187,2020,0,NA
187,2021,0,NA
187,2022,0,NA
188,2012,0,NA
188,2013,0,NA
188,2014,0,NA
188,2015,0,NA
188,2016,0,NA
188,2017,0,NA
188,2018,0,NA
188,2019,0,NA
188,2020,0,NA
188,2021,0,NA
188,2022,0,NA
189,2012,0,NA
189,2013,0,NA
189,2014,0,NA
189,2015,0,NA
189,2016,0,NA
189,2017,0,NA
189,2018,0,NA
189,2019,0,NA
189,2020,0,NA
189,2021,0,NA
189,2022,0,NA
190,2012,0,NA
190,2013,0,NA
190,2014,0,NA
190,2015,0,NA
190,2016,0,NA
190,2017,0,NA
190,2018,0,NA
190,2019,0,NA
190,2020,0,NA
190,2021,0,NA
190,2022,0,NA
191,2012,0,NA
191,2013,0,NA
191,2014,0,NA
191,2015,0,NA
191,2016,0,NA
191,2017,0,NA
191,2018,0,NA
191,2019,0,NA
191,2020,0,NA
191,2021,0,NA
191,2022,0,NA
192,2012,0,NA
192,2013,0,NA
192,2014,0,NA
192,2015,0,NA
192,2016,0,NA
192,2017,0,NA
192,2018,0,NA
192,2019,0,NA
192,2020,0,NA
192,2021,0,NA
192,2022,0,NA
193,2012,0,NA
193,2013,0,NA
193,2014,0,NA
193,2015,0,NA
193,2016,0,NA
193,2017,0,NA
193,2018,0,NA
193,2019,0,NA
193,2020,0,NA
193,2021,0,NA
193,2022,0,NA
194,2012,0,NA
194,2013,0,NA
194,2014,0,NA
194,2015,0,NA
194,2016,0,NA
194,2017,0,NA
194,2018,0,NA
194,2019,0,NA
194,2020,0,NA
194,2021,0,NA
194,2022,0,NA
195,2012,0,NA
195,2013,0,NA
195,2014,0,NA
195,2015,0,NA
195,2016,0,NA
195,2017,0,NA
195,2018,0,NA
195,2019,0,NA
195,2020,0,NA
195,2021,0,NA
195,2022,0,NA
196,2012,0,NA
196,2013,0,NA
196,2014,0,NA
196,2015,0,NA
196,2016,0,NA
196,2017,0,NA
196,2018,0,NA
196,2019,0,NA
196,2020,0,NA
196,2021,0,NA
196,2022,0,NA
197,2012,0,NA
197,2013,0,NA
197,2014,0,NA
197,2015,0,NA
197,2016,0,NA
197,2017,0,NA
197,2018,0,NA
197,2019,0,NA
197,2020,0,NA
197,2021,0,NA
197,2022,0,NA
198,2012,0,NA
198,2013,0,NA
198,2014,0,NA
198,2015,0,NA
198,2016,0,NA
198,2017,0,NA
198,2018,0,NA
198,2019,0,NA
198,2020,0,NA
198,2021,0,NA
198,2022,0,NA
199,2012,0,NA
199,2013,0,NA
199,2014,0,NA
199,2015,0,NA
199,2016,0,NA
199,2017,0,NA
199,2018,0,NA
199,2019,0,NA
199,2020,0,NA
199,2021,0,NA
199,2022,0,NA
200,2012,0,NA
200,2013,0,NA
200,2014,0,NA
200,2015,0,NA
200,2016,0,NA
200,2017,0,NA
200,2018,0,NA
200,2019,0,NA
200,2020,0,NA
200,2021,0,NA
200,2022,0,NA
202,2012,0,NA
202,2013,0,NA
202,2014,0,NA
202,2015,0,NA
202,2016,0,NA
202,2017,0,NA
202,2018,0,NA
202,2019,0,NA
202,2020,0,NA
202,2021,0,NA
202,2022,0,NA
203,2012,0,NA
203,2013,0,NA
203,2014,0,NA
203,2015,0,NA
203,2016,0,NA
203,2017,0,NA
203,2018,0,NA
203,2019,0,NA
203,2020,0,NA
203,2021,0,NA
203,2022,0,NA
204,2012,0,NA
204,2013,0,NA
204,2014,0,NA
204,2015,0,NA
204,2016,0,NA
204,2017,0,NA
204,2018,0,NA
204,2019,0,NA
204,2020,0,NA
204,2021,0,NA
204,2022,0,NA
205,2012,0,NA
205,2013,0,NA
205,2014,0,NA
205,2015,0,NA
205,2016,0,NA
205,2017,0,NA
205,2018,0,NA
205,2019,0,NA
205,2020,0,NA
205,2021,0,NA
205,2022,0,NA
206,2012,0,NA
206,2013,0,NA
206,2014,0,NA
206,2015,0,NA
206,2016,0,NA
206,2017,0,NA
206,2018,0,NA
206,2019,0,NA
206,2020,0,NA
206,2021,0,NA
206,2022,0,NA
207,2012,0,NA
207,2013,0,NA
207,2014,0,NA
207,2015,0,NA
207,2016,0,NA
207,2017,0,NA
207,2018,0,NA
207,2019,0,NA
207,2020,0,NA
207,2021,0,NA
207,2022,0,NA
208,2012,0,NA
208,2013,0,NA
208,2014,0,NA
208,2015,0,NA
208,2016,0,NA
208,2017,0,NA
208,2018,0,NA
208,2019,0,NA
208,2020,0,NA
208,2021,0,NA
208,2022,0,NA
209,2012,0,NA
209,2013,0,NA
209,2014,0,NA
209,2015,0,NA
209,2016,0,NA
209,2017,0,NA
209,2018,0,NA
209,2019,0,NA
209,2020,0,NA
209,2021,0,NA
209,2022,0,NA
210,2012,0,NA
210,2013,0,NA
210,2014,0,NA
210,2015,0,NA
210,2016,0,NA
210,2017,0,NA
210,2018,0,NA
210,2019,0,NA
210,2020,0,NA
210,2021,0,NA
210,2022,0,NA
212,2012,0,NA
212,2013,0,NA
212,2014,0,NA
212,2015,0,NA
212,2016,0,NA
212,2017,0,NA
212,2018,0,NA
212,2019,0,NA
212,2020,0,NA
212,2021,0,NA
212,2022,0,NA
214,2012,0,NA
214,2013,0,NA
214,2014,0,NA
214,2015,0,NA
214,2016,0,NA
214,2017,0,NA
214,2018,0,NA
214,2019,0,NA
214,2020,0,NA
214,2021,0,NA
214,2022,0,NA
215,2012,0,NA
215,2013,0,NA
215,2014,0,NA
215,2015,0,NA
215,2016,0,NA
215,2017,0,NA
215,2018,0,NA
215,2019,0,NA
215,2020,0,NA
215,2021,0,NA
215,2022,0,NA
216,2012,0,NA
216,2013,0,NA
216,2014,0,NA
216,2015,0,NA
216,2016,0,NA
216,2017,0,NA
216,2018,0,NA
216,2019,0,NA
216,2020,0,NA
216,2021,0,NA
216,2022,0,NA
218,2012,0,NA
218,2013,0,NA
218,2014,0,NA
218,2015,0,NA
218,2016,0,NA
218,2017,0,NA
218,2018,0,NA
218,2019,0,NA
218,2020,0,NA
218,2021,0,NA
218,2022,0,NA
219,2012,0,NA
219,2013,0,NA
219,2014,0,NA
219,2015,0,NA
219,2016,0,NA
219,2017,0,NA
219,2018,0,NA
219,2019,0,NA
219,2020,0,NA
219,2021,0,NA
219,2022,0,NA
220,2012,0,NA
220,2013,0,NA
220,2014,0,NA
220,2015,0,NA
220,2016,0,NA
220,2017,0,NA
220,2018,0,NA
220,2019,0,NA
220,2020,0,NA
220,2021,0,NA
220,2022,0,NA
221,2012,0,NA
221,2013,0,NA
221,2014,0,NA
221,2015,0,NA
221,2016,0,NA
221,2017,0,NA
221,2018,0,NA
221,2019,0,NA
221,2020,0,NA
221,2021,0,NA
221,2022,0,NA
222,2012,0,NA
222,2013,0,NA
222,2014,0,NA
222,2015,0,NA
222,2016,0,NA
222,2017,0,NA
222,2018,0,NA
222,2019,0,NA
222,2020,0,NA
222,2021,0,NA
222,2022,0,NA
223,2012,0,NA
223,2013,0,NA
223,2014,0,NA
223,2015,0,NA
223,2016,0,NA
223,2017,0,NA
223,2018,0,NA
223,2019,0,NA
223,2020,0,NA
223,2021,0,NA
223,2022,0,NA
224,2012,0,NA
224,2013,0,NA
224,2014,0,NA
224,2015,0,NA
224,2016,0,NA
224,2017,0,NA
224,2018,0,NA
224,2019,0,NA
224,2020,0,NA
224,2021,0,NA
224,2022,0,NA
227,2012,0,NA
227,2013,0,NA
227,2014,0,NA
227,2015,0,NA
227,2016,0,NA
227,2017,0,NA
227,2018,0,NA
227,2019,0,NA
227,2020,0,NA
227,2021,0,NA
227,2022,0,NA
228,2012,0,NA
228,2013,0,NA
228,2014,0,NA
228,2015,0,NA
228,2016,0,NA
228,2017,0,NA
228,2018,0,NA
228,2019,0,NA
228,2020,0,NA
228,2021,0,NA
228,2022,0,NA
231,2012,0,NA
231,2013,0,NA
231,2014,0,NA
231,2015,0,NA
231,2016,0,NA
231,2017,0,NA
231,2018,0,NA
231,2019,0,NA
231,2020,0,NA
231,2021,0,NA
231,2022,0,NA
237,2012,0,NA
237,2013,0,NA
237,2014,0,NA
237,2015,0,NA
237,2016,0,NA
237,2017,0,NA
237,2018,0,NA
237,2019,0,NA
237,2020,0,NA
237,2021,0,NA
237,2022,0,NA
244,2012,0,NA
244,2013,0,NA
244,2014,0,NA
244,2015,0,NA
244,2016,0,NA
244,2017,0,NA
244,2018,0,NA
244,2019,0,NA
244,2020,0,NA
244,2021,0,NA
244,2022,0,NA
245,2012,0,NA
245,2013,0,NA
245,2014,0,NA
245,2015,0,NA
245,2016,0,NA
245,2017,0,NA
245,2018,0,NA
245,2019,0,NA
245,2020,0,NA
245,2021,0,NA
245,2022,0,NA
247,2012,0,NA
247,2013,0,NA
247,2014,0,NA
247,2015,0,NA
247,2016,0,NA
247,2017,0,NA
247,2018,0,NA
247,2019,0,NA
247,2020,0,NA
247,2021,0,NA
247,2022,0,NA
248,2012,0,NA
248,2013,0,NA
248,2014,0,NA
248,2015,0,NA
248,2016,0,NA
248,2017,0,NA
248,2018,0,NA
248,2019,0,NA
248,2020,0,NA
248,2021,0,NA
248,2022,0,NA
249,2012,0,NA
249,2013,0,NA
249,2014,0,NA
249,2015,0,NA
249,2016,0,NA
249,2017,0,NA
249,2018,0,NA
249,2019,0,NA
249,2020,0,NA
249,2021,0,NA
249,2022,0,NA
250,2012,0,NA
250,2013,0,NA
250,2014,0,NA
250,2015,0,NA
250,2016,0,NA
250,2017,0,NA
250,2018,0,NA
250,2019,0,NA
250,2020,0,NA
250,2021,0,NA
250,2022,0,NA
232,2012,1,"mean of neighbors"
232,2013,1,"mean of neighbors"
232,2014,1,"mean of neighbors"
232,2015,1,"mean of neighbors"
232,2016,1,"mean of neighbors"
232,2017,1,"mean of neighbors"
232,2018,1,"mean of neighbors"
232,2019,1,"mean of neighbors"
232,2020,1,"mean of neighbors"
232,2021,1,"mean of neighbors"
232,2022,1,"mean of neighbors"
