iucn_sid,sciname,sis_id,scientific_name,kingdom_name,phylum_name,class_name,order_name,family_name,genus_name,species_name,subpopulation_name,infra_name,authority,ssc_groups,common_names,synonyms
11200,Lamna nasus,61420,Lamna nasus Mediterranean subpopulation,ANIMALIA,CHORDATA,CHONDRICHTHYES,LAMNIFORMES,LAMNIDAE,Lamna,nasus,Mediterranean subpopulation,NA,"(Bonnaterre, 1788)",,,
11200,Lamna nasus,39343,Lamna nasus Northeast Atlantic subpopulation,ANIMALIA,CHORDATA,CHONDRICHTHYES,LAMNIFORMES,LAMNIDAE,Lamna,nasus,Northeast Atlantic subpopulation,NA,"(Bonnaterre, 1788)",,,
11200,Lamna nasus,39344,Lamna nasus Northwest Atlantic subpopulation,ANIMALIA,CHORDATA,CHONDRICHTHYES,LAMNIFORMES,LAMNIDAE,Lamna,nasus,Northwest Atlantic subpopulation,NA,"(Bonnaterre, 1788)",,,
11200,Lamna nasus,71847689,Lamna nasus Southern Hemisphere subpopulation,ANIMALIA,CHORDATA,CHONDRICHTHYES,LAMNIFORMES,LAMNIDAE,Lamna,nasus,Southern Hemisphere subpopulation,NA,"(Bonnaterre, 1788)",,,
19488,Rhincodon typus,126671962,Rhincodon typus Atlantic Subpopulation,ANIMALIA,CHORDATA,CHONDRICHTHYES,ORECTOLOBIFORMES,RHINCODONTIDAE,Rhincodon,typus,Atlantic Subpopulation,NA,"Smith, 1828",,,
19488,Rhincodon typus,126671910,Rhincodon typus Indo-Pacific Subpopulation,ANIMALIA,CHORDATA,CHONDRICHTHYES,ORECTOLOBIFORMES,RHINCODONTIDAE,Rhincodon,typus,Indo-Pacific Subpopulation,NA,"Smith, 1828",,,
19855,Salmo salar,229537556,Salmo salar Allier subpopulation,ANIMALIA,CHORDATA,ACTINOPTERYGII,SALMONIFORMES,SALMONIDAE,Salmo,salar,Allier subpopulation,NA,NA,,,
19855,Salmo salar,196580086,Salmo salar Anticosti Island subpopulation,ANIMALIA,CHORDATA,ACTINOPTERYGII,SALMONIFORMES,SALMONIDAE,Salmo,salar,Anticosti Island subpopulation,NA,NA,,,
19855,Salmo salar,196579269,Salmo salar Baltic subpopulation,ANIMALIA,CHORDATA,ACTINOPTERYGII,SALMONIFORMES,SALMONIDAE,Salmo,salar,Baltic subpopulation,NA,NA,,,
19855,Salmo salar,196579366,Salmo salar Bann subpopulation,ANIMALIA,CHORDATA,ACTINOPTERYGII,SALMONIFORMES,SALMONIDAE,Salmo,salar,Bann subpopulation,NA,NA,,,
19855,Salmo salar,196580049,Salmo salar Central New England subpopulation,ANIMALIA,CHORDATA,ACTINOPTERYGII,SALMONIFORMES,SALMONIDAE,Salmo,salar,Central New England subpopulation,NA,NA,,,
19855,Salmo salar,196579550,Salmo salar Denmark subpopulation,ANIMALIA,CHORDATA,ACTINOPTERYGII,SALMONIFORMES,SALMONIDAE,Salmo,salar,Denmark subpopulation,NA,NA,,,
19855,Salmo salar,196580090,Salmo salar Eastern Cape Breton subpopulation,ANIMALIA,CHORDATA,ACTINOPTERYGII,SALMONIFORMES,SALMONIDAE,Salmo,salar,Eastern Cape Breton subpopulation,NA,NA,,,
19855,Salmo salar,196579553,Salmo salar English Chalkstream subpopulation,ANIMALIA,CHORDATA,ACTINOPTERYGII,SALMONIFORMES,SALMONIDAE,Salmo,salar,English Chalkstream subpopulation,NA,NA,,,
19855,Salmo salar,196579578,Salmo salar Finnmark subpopulation,ANIMALIA,CHORDATA,ACTINOPTERYGII,SALMONIFORMES,SALMONIDAE,Salmo,salar,Finnmark subpopulation,NA,NA,,,
19855,Salmo salar,196579750,Salmo salar France/Spain subpopulation,ANIMALIA,CHORDATA,ACTINOPTERYGII,SALMONIFORMES,SALMONIDAE,Salmo,salar,France/Spain subpopulation,NA,NA,,,
19855,Salmo salar,196580094,Salmo salar Gaspe-Southern Gulf of St. Lawrence subpopulation,ANIMALIA,CHORDATA,ACTINOPTERYGII,SALMONIFORMES,SALMONIDAE,Salmo,salar,Gaspe-Southern Gulf of St. Lawrence subpopulation,NA,NA,,,
19855,Salmo salar,213546282,Salmo salar Great Britain subpopulation,ANIMALIA,CHORDATA,ACTINOPTERYGII,SALMONIFORMES,SALMONIDAE,Salmo,salar,Great Britain subpopulation,NA,NA,,,
19855,Salmo salar,196580052,Salmo salar Gulf of Maine subpopulation,ANIMALIA,CHORDATA,ACTINOPTERYGII,SALMONIFORMES,SALMONIDAE,Salmo,salar,Gulf of Maine subpopulation,NA,NA,,,
19855,Salmo salar,196580166,Salmo salar Inner Bay of Fundy subpopulation,ANIMALIA,CHORDATA,ACTINOPTERYGII,SALMONIFORMES,SALMONIDAE,Salmo,salar,Inner Bay of Fundy subpopulation,NA,NA,,,
19855,Salmo salar,196580170,Salmo salar Inner St. Lawrence subpopulation,ANIMALIA,CHORDATA,ACTINOPTERYGII,SALMONIFORMES,SALMONIDAE,Salmo,salar,Inner St. Lawrence subpopulation,NA,NA,,,
19855,Salmo salar,214416825,Salmo salar Ireland subpopulation,ANIMALIA,CHORDATA,ACTINOPTERYGII,SALMONIFORMES,SALMONIDAE,Salmo,salar,Ireland subpopulation,NA,NA,,,
19855,Salmo salar,196579964,Salmo salar Kola subpopulation,ANIMALIA,CHORDATA,ACTINOPTERYGII,SALMONIFORMES,SALMONIDAE,Salmo,salar,Kola subpopulation,NA,NA,,,
19855,Salmo salar,196579990,Salmo salar Kola (Tuloma basin) subpopulation,ANIMALIA,CHORDATA,ACTINOPTERYGII,SALMONIFORMES,SALMONIDAE,Salmo,salar,Kola (Tuloma basin) subpopulation,NA,NA,,,
19855,Salmo salar,196580181,Salmo salar Labrador subpopulation,ANIMALIA,CHORDATA,ACTINOPTERYGII,SALMONIFORMES,SALMONIDAE,Salmo,salar,Labrador subpopulation,NA,NA,,,
19855,Salmo salar,196580263,Salmo salar Lake Ontario subpopulation,ANIMALIA,CHORDATA,ACTINOPTERYGII,SALMONIFORMES,SALMONIDAE,Salmo,salar,Lake Ontario subpopulation,NA,NA,,,
19855,Salmo salar,196579685,Salmo salar Leven subpopulation,ANIMALIA,CHORDATA,ACTINOPTERYGII,SALMONIFORMES,SALMONIDAE,Salmo,salar,Leven subpopulation,NA,NA,,,
19855,Salmo salar,196580041,Salmo salar Long Island Sound subpopulation,ANIMALIA,CHORDATA,ACTINOPTERYGII,SALMONIFORMES,SALMONIDAE,Salmo,salar,Long Island Sound subpopulation,NA,NA,,,
19855,Salmo salar,196579697,Salmo salar Mid and Southwest Norway subpopulation,ANIMALIA,CHORDATA,ACTINOPTERYGII,SALMONIFORMES,SALMONIDAE,Salmo,salar,Mid and Southwest Norway subpopulation,NA,NA,,,
19855,Salmo salar,196580272,Salmo salar Northeast Newfoundland subpopulation,ANIMALIA,CHORDATA,ACTINOPTERYGII,SALMONIFORMES,SALMONIDAE,Salmo,salar,Northeast Newfoundland subpopulation,NA,NA,,,
19855,Salmo salar,196579726,Salmo salar North Iceland subpopulation,ANIMALIA,CHORDATA,ACTINOPTERYGII,SALMONIFORMES,SALMONIDAE,Salmo,salar,North Iceland subpopulation,NA,NA,,,
19855,Salmo salar,196580326,Salmo salar Northwest Newfoundland subpopulation,ANIMALIA,CHORDATA,ACTINOPTERYGII,SALMONIFORMES,SALMONIDAE,Salmo,salar,Northwest Newfoundland subpopulation,NA,NA,,,
19855,Salmo salar,196580379,Salmo salar Nova Scotia Southern Upland subpopulation,ANIMALIA,CHORDATA,ACTINOPTERYGII,SALMONIFORMES,SALMONIDAE,Salmo,salar,Nova Scotia Southern Upland subpopulation,NA,NA,,,
19855,Salmo salar,196580055,Salmo salar Nunavik subpopulation,ANIMALIA,CHORDATA,ACTINOPTERYGII,SALMONIFORMES,SALMONIDAE,Salmo,salar,Nunavik subpopulation,NA,NA,,,
19855,Salmo salar,196580388,Salmo salar Outer Bay of Fundy subpopulation,ANIMALIA,CHORDATA,ACTINOPTERYGII,SALMONIFORMES,SALMONIDAE,Salmo,salar,Outer Bay of Fundy subpopulation,NA,NA,,,
19855,Salmo salar,196580391,Salmo salar Quebec Eastern North Shore subpopulation,ANIMALIA,CHORDATA,ACTINOPTERYGII,SALMONIFORMES,SALMONIDAE,Salmo,salar,Quebec Eastern North Shore subpopulation,NA,NA,,,
19855,Salmo salar,196580426,Salmo salar Quebec Western North Shore subpopulation,ANIMALIA,CHORDATA,ACTINOPTERYGII,SALMONIFORMES,SALMONIDAE,Salmo,salar,Quebec Western North Shore subpopulation,NA,NA,,,
19855,Salmo salar,218709807,Salmo salar Southeastern Barents Sea subpopulation,ANIMALIA,CHORDATA,ACTINOPTERYGII,SALMONIFORMES,SALMONIDAE,Salmo,salar,Southeastern Barents Sea subpopulation,NA,NA,,,
19855,Salmo salar,196580441,Salmo salar South Newfoundland subpopulation,ANIMALIA,CHORDATA,ACTINOPTERYGII,SALMONIFORMES,SALMONIDAE,Salmo,salar,South Newfoundland subpopulation,NA,NA,,,
19855,Salmo salar,196579767,Salmo salar South Norway subpopulation,ANIMALIA,CHORDATA,ACTINOPTERYGII,SALMONIFORMES,SALMONIDAE,Salmo,salar,South Norway subpopulation,NA,NA,,,
19855,Salmo salar,196580462,Salmo salar Southwest Newfoundland subpopulation,ANIMALIA,CHORDATA,ACTINOPTERYGII,SALMONIFORMES,SALMONIDAE,Salmo,salar,Southwest Newfoundland subpopulation,NA,NA,,,
19855,Salmo salar,196579912,Salmo salar Teno/Tana subpopulation,ANIMALIA,CHORDATA,ACTINOPTERYGII,SALMONIFORMES,SALMONIDAE,Salmo,salar,Teno/Tana subpopulation,NA,NA,,,
19855,Salmo salar,196579892,Salmo salar West coast Sweden and Enningdalselva subpopulation,ANIMALIA,CHORDATA,ACTINOPTERYGII,SALMONIFORMES,SALMONIDAE,Salmo,salar,West coast Sweden and Enningdalselva subpopulation,NA,NA,,,
19855,Salmo salar,216299894,Salmo salar West Greenland subpopulation,ANIMALIA,CHORDATA,ACTINOPTERYGII,SALMONIFORMES,SALMONIDAE,Salmo,salar,West Greenland subpopulation,NA,NA,,,
19855,Salmo salar,196579957,Salmo salar West Iceland subpopulation,ANIMALIA,CHORDATA,ACTINOPTERYGII,SALMONIFORMES,SALMONIDAE,Salmo,salar,West Iceland subpopulation,NA,NA,,,
19855,Salmo salar,196580032,Salmo salar White Sea subpopulation,ANIMALIA,CHORDATA,ACTINOPTERYGII,SALMONIFORMES,SALMONIDAE,Salmo,salar,White Sea subpopulation,NA,NA,,,
20731,Stenella coeruleoalba,210188066,Stenella coeruleoalba Gulf of Corinth subpopulation,ANIMALIA,CHORDATA,MAMMALIA,ARTIODACTYLA,DELPHINIDAE,Stenella,coeruleoalba,Gulf of Corinth subpopulation,NA,"(Meyen, 1833)",,,
20731,Stenella coeruleoalba,16674437,Stenella coeruleoalba Mediterranean subpopulation,ANIMALIA,CHORDATA,MAMMALIA,ARTIODACTYLA,DELPHINIDAE,Stenella,coeruleoalba,Mediterranean subpopulation,NA,"(Meyen, 1833)",,,
22563,Tursiops truncatus,194300,Tursiops truncatus Fiordland subpopulation,ANIMALIA,CHORDATA,MAMMALIA,ARTIODACTYLA,DELPHINIDAE,Tursiops,truncatus,Fiordland subpopulation,NA,"(Montagu, 1821)",,,
22563,Tursiops truncatus,181208820,Tursiops truncatus Gulf of Ambracia subpopulation,ANIMALIA,CHORDATA,MAMMALIA,ARTIODACTYLA,DELPHINIDAE,Tursiops,truncatus,Gulf of Ambracia subpopulation,NA,"(Montagu, 1821)",,,
22563,Tursiops truncatus,16369383,Tursiops truncatus Mediterranean subpopulation,ANIMALIA,CHORDATA,MAMMALIA,ARTIODACTYLA,DELPHINIDAE,Tursiops,truncatus,Mediterranean subpopulation,NA,"(Montagu, 1821)",,,
23211,Ziphius cavirostris,16381144,Ziphius cavirostris Mediterranean subpopulation,ANIMALIA,CHORDATA,MAMMALIA,ARTIODACTYLA,ZIPHIIDAE,Ziphius,cavirostris,Mediterranean subpopulation,NA,"G. Cuvier, 1823",,,
245,Acipenser oxyrinchus,182572773,Acipenser oxyrinchus Baltic Sea subpopulation,ANIMALIA,CHORDATA,ACTINOPTERYGII,ACIPENSERIFORMES,ACIPENSERIDAE,Acipenser,oxyrinchus,Baltic Sea subpopulation,NA,"Mitchill, 1815",,,
245,Acipenser oxyrinchus,216648039,Acipenser oxyrinchus Canadian Maritime subpopulation,ANIMALIA,CHORDATA,ACTINOPTERYGII,ACIPENSERIFORMES,ACIPENSERIDAE,Acipenser,oxyrinchus,Canadian Maritime subpopulation,NA,"Mitchill, 1815",,,
245,Acipenser oxyrinchus,216648226,Acipenser oxyrinchus Carolina subpopulation,ANIMALIA,CHORDATA,ACTINOPTERYGII,ACIPENSERIFORMES,ACIPENSERIDAE,Acipenser,oxyrinchus,Carolina subpopulation,NA,"Mitchill, 1815",,,
245,Acipenser oxyrinchus,216648271,Acipenser oxyrinchus Chesapeake Bay subpopulation,ANIMALIA,CHORDATA,ACTINOPTERYGII,ACIPENSERIFORMES,ACIPENSERIDAE,Acipenser,oxyrinchus,Chesapeake Bay subpopulation,NA,"Mitchill, 1815",,,
245,Acipenser oxyrinchus,216648437,Acipenser oxyrinchus Gulf of Maine subpopulation,ANIMALIA,CHORDATA,ACTINOPTERYGII,ACIPENSERIFORMES,ACIPENSERIDAE,Acipenser,oxyrinchus,Gulf of Maine subpopulation,NA,"Mitchill, 1815",,,
245,Acipenser oxyrinchus,216648499,Acipenser oxyrinchus New York Bight subpopulation,ANIMALIA,CHORDATA,ACTINOPTERYGII,ACIPENSERIFORMES,ACIPENSERIDAE,Acipenser,oxyrinchus,New York Bight subpopulation,NA,"Mitchill, 1815",,,
245,Acipenser oxyrinchus,216648545,Acipenser oxyrinchus South Atlantic subpopulation,ANIMALIA,CHORDATA,ACTINOPTERYGII,ACIPENSERIFORMES,ACIPENSERIDAE,Acipenser,oxyrinchus,South Atlantic subpopulation,NA,"Mitchill, 1815",,,
3851,Carcharhinus limbatus,71769326,Carcharhinus limbatus Australia-New Guinea subpopulation,ANIMALIA,CHORDATA,CHONDRICHTHYES,CARCHARHINIFORMES,CARCHARHINIDAE,Carcharhinus,limbatus,Australia-New Guinea subpopulation,NA,"(Müller &amp; Henle, 1839)",,,
3851,Carcharhinus limbatus,39373,Carcharhinus limbatus Northwest Atlantic subpopulation,ANIMALIA,CHORDATA,CHONDRICHTHYES,CARCHARHINIFORMES,CARCHARHINIDAE,Carcharhinus,limbatus,Northwest Atlantic subpopulation,NA,"(Müller &amp; Henle, 1839)",,,
3852,Carcharhinus obscurus,203229,Carcharhinus obscurus Australia subpopulation,ANIMALIA,CHORDATA,CHONDRICHTHYES,CARCHARHINIFORMES,CARCHARHINIDAE,Carcharhinus,obscurus,Australia subpopulation,NA,"(Lesueur, 1818)",,,
3852,Carcharhinus obscurus,203225,Carcharhinus obscurus Mediterranean Sea subpopulation,ANIMALIA,CHORDATA,CHONDRICHTHYES,CARCHARHINIFORMES,CARCHARHINIDAE,Carcharhinus,obscurus,Mediterranean Sea subpopulation,NA,"(Lesueur, 1818)",,,
3852,Carcharhinus obscurus,39376,Carcharhinus obscurus Northwest and Western Central Atlantic subpopulation,ANIMALIA,CHORDATA,CHONDRICHTHYES,CARCHARHINIFORMES,CARCHARHINIDAE,Carcharhinus,obscurus,Northwest and Western Central Atlantic subpopulation,NA,"(Lesueur, 1818)",,,
3852,Carcharhinus obscurus,203227,Carcharhinus obscurus Southwest Atlantic subpopulation,ANIMALIA,CHORDATA,CHONDRICHTHYES,CARCHARHINIFORMES,CARCHARHINIDAE,Carcharhinus,obscurus,Southwest Atlantic subpopulation,NA,"(Lesueur, 1818)",,,
3853,Carcharhinus plumbeus,39377,Carcharhinus plumbeus Northwest Atlantic subpopulation,ANIMALIA,CHORDATA,CHONDRICHTHYES,CARCHARHINIFORMES,CARCHARHINIDAE,Carcharhinus,plumbeus,Northwest Atlantic subpopulation,NA,"(Nardo, 1827)",,,
3854,Carcharias taurus,44070,Carcharias taurus East coast of Australia subpopulation,ANIMALIA,CHORDATA,CHONDRICHTHYES,LAMNIFORMES,ODONTASPIDIDAE,Carcharias,taurus,East coast of Australia subpopulation,NA,"Rafinesque, 1810",,,
3854,Carcharias taurus,63163,Carcharias taurus Southwest Atlantic subpopulation,ANIMALIA,CHORDATA,CHONDRICHTHYES,LAMNIFORMES,ODONTASPIDIDAE,Carcharias,taurus,Southwest Atlantic subpopulation,NA,"Rafinesque, 1810",,,
3854,Carcharias taurus,44071,Carcharias taurus Western Australia subpopulation,ANIMALIA,CHORDATA,CHONDRICHTHYES,LAMNIFORMES,ODONTASPIDIDAE,Carcharias,taurus,Western Australia subpopulation,NA,"Rafinesque, 1810",,,
91209505,Squalus acanthias,61409,Squalus acanthias Australasia subpopulation,ANIMALIA,CHORDATA,CHONDRICHTHYES,SQUALIFORMES,SQUALIDAE,Squalus,acanthias,Australasia subpopulation,NA,"Linnaeus, 1758",,,
91209505,Squalus acanthias,61410,Squalus acanthias Black Sea subpopulation,ANIMALIA,CHORDATA,CHONDRICHTHYES,SQUALIFORMES,SQUALIDAE,Squalus,acanthias,Black Sea subpopulation,NA,"Linnaeus, 1758",,,
91209505,Squalus acanthias,61411,Squalus acanthias Mediterranean subpopulation,ANIMALIA,CHORDATA,CHONDRICHTHYES,SQUALIFORMES,SQUALIDAE,Squalus,acanthias,Mediterranean subpopulation,NA,"Linnaeus, 1758",,,
91209505,Squalus acanthias,44168,Squalus acanthias Northeast Atlantic subpopulation,ANIMALIA,CHORDATA,CHONDRICHTHYES,SQUALIFORMES,SQUALIDAE,Squalus,acanthias,Northeast Atlantic subpopulation,NA,"Linnaeus, 1758",,,
91209505,Squalus acanthias,44169,Squalus acanthias Northwest Atlantic subpopulation,ANIMALIA,CHORDATA,CHONDRICHTHYES,SQUALIFORMES,SQUALIDAE,Squalus,acanthias,Northwest Atlantic subpopulation,NA,"Linnaeus, 1758",,,
91209505,Squalus acanthias,61414,Squalus acanthias South America subpopulation,ANIMALIA,CHORDATA,CHONDRICHTHYES,SQUALIFORMES,SQUALIDAE,Squalus,acanthias,South America subpopulation,NA,"Linnaeus, 1758",,,
91209505,Squalus acanthias,61415,Squalus acanthias Southern Africa subpopulation,ANIMALIA,CHORDATA,CHONDRICHTHYES,SQUALIFORMES,SQUALIDAE,Squalus,acanthias,Southern Africa subpopulation,NA,"Linnaeus, 1758",,,
39341,Isurus oxyrinchus,161749,Isurus oxyrinchus Atlantic subpopulation,ANIMALIA,CHORDATA,CHONDRICHTHYES,LAMNIFORMES,LAMNIDAE,Isurus,oxyrinchus,Atlantic subpopulation,NA,"Rafinesque, 1810",,,
39341,Isurus oxyrinchus,161751,Isurus oxyrinchus Eastern North Pacific subpopulation,ANIMALIA,CHORDATA,CHONDRICHTHYES,LAMNIFORMES,LAMNIDAE,Isurus,oxyrinchus,Eastern North Pacific subpopulation,NA,"Rafinesque, 1810",,,
39341,Isurus oxyrinchus,161750,Isurus oxyrinchus Indo-west Pacific subpopulation,ANIMALIA,CHORDATA,CHONDRICHTHYES,LAMNIFORMES,LAMNIDAE,Isurus,oxyrinchus,Indo-west Pacific subpopulation,NA,"Rafinesque, 1810",,,
39368,Carcharhinus brevipinna,39544,Carcharhinus brevipinna Northwest Atlantic subpopulation,ANIMALIA,CHORDATA,CHONDRICHTHYES,CARCHARHINIFORMES,CARCHARHINIDAE,Carcharhinus,brevipinna,Northwest Atlantic subpopulation,NA,"(Müller &amp; Henle, 1839)",,,
39385,Sphyrna lewini,165291,Sphyrna lewini Eastern Central and Southeast Pacific subpopulation,ANIMALIA,CHORDATA,CHONDRICHTHYES,CARCHARHINIFORMES,SPHYRNIDAE,Sphyrna,lewini,Eastern Central and Southeast Pacific subpopulation,NA,"(Griffith &amp; Smith, 1834)",,,
39385,Sphyrna lewini,165297,Sphyrna lewini Eastern Central Atlantic subpopulation,ANIMALIA,CHORDATA,CHONDRICHTHYES,CARCHARHINIFORMES,SPHYRNIDAE,Sphyrna,lewini,Eastern Central Atlantic subpopulation,NA,"(Griffith &amp; Smith, 1834)",,,
39385,Sphyrna lewini,165293,Sphyrna lewini Northwest and Western Central Atlantic subpopulation,ANIMALIA,CHORDATA,CHONDRICHTHYES,CARCHARHINIFORMES,SPHYRNIDAE,Sphyrna,lewini,Northwest and Western Central Atlantic subpopulation,NA,"(Griffith &amp; Smith, 1834)",,,
39385,Sphyrna lewini,165296,Sphyrna lewini Southwest Atlantic subpopulation,ANIMALIA,CHORDATA,CHONDRICHTHYES,CARCHARHINIFORMES,SPHYRNIDAE,Sphyrna,lewini,Southwest Atlantic subpopulation,NA,"(Griffith &amp; Smith, 1834)",,,
39385,Sphyrna lewini,165294,Sphyrna lewini Western Indian Ocean subpopulation,ANIMALIA,CHORDATA,CHONDRICHTHYES,CARCHARHINIFORMES,SPHYRNIDAE,Sphyrna,lewini,Western Indian Ocean subpopulation,NA,"(Griffith &amp; Smith, 1834)",,,
41736,Carcharhinus galapagensis,71770440,Carcharhinus galapagensis Oceania subpopulation,ANIMALIA,CHORDATA,CHONDRICHTHYES,CARCHARHINIFORMES,CARCHARHINIDAE,Carcharhinus,galapagensis,Oceania subpopulation,NA,"(Snodgrass &amp; Heller, 1905)",,,
41741,Carcharhinus brachyurus,41742,Carcharhinus brachyurus East Asia subpopulation,ANIMALIA,CHORDATA,CHONDRICHTHYES,CARCHARHINIFORMES,CARCHARHINIDAE,Carcharhinus,brachyurus,East Asia subpopulation,NA,"(Günther, 1870)",,,
41755,Physeter macrocephalus,16370739,Physeter macrocephalus Mediterranean subpopulation,ANIMALIA,CHORDATA,MAMMALIA,ARTIODACTYLA,PHYSETERIDAE,Physeter,macrocephalus,Mediterranean subpopulation,NA,"Linnaeus, 1758",,,
44993,Discopyge tschudii,44995,Discopyge tschudii Southeast Pacific subpopulation,ANIMALIA,CHORDATA,CHONDRICHTHYES,TORPEDINIFORMES,NARCINIDAE,Discopyge,tschudii,Southeast Pacific subpopulation,NA,"Heckel in Tschudi, 1844",,,
44993,Discopyge tschudii,44994,Discopyge tschudii Southwest Atlantic subpopulation,ANIMALIA,CHORDATA,CHONDRICHTHYES,TORPEDINIFORMES,NARCINIDAE,Discopyge,tschudii,Southwest Atlantic subpopulation,NA,"Heckel in Tschudi, 1844",,,
60219,Carcharhinus signatus,60221,Carcharhinus signatus Eastern Atlantic subpopulation,ANIMALIA,CHORDATA,CHONDRICHTHYES,CARCHARHINIFORMES,CARCHARHINIDAE,Carcharhinus,signatus,Eastern Atlantic subpopulation,NA,"(Poey, 1868)",,,
144141186,Ginglymostoma cirratum,60224,Ginglymostoma cirratum Western Atlantic subpopulation,ANIMALIA,CHORDATA,CHONDRICHTHYES,ORECTOLOBIFORMES,GINGLYMOSTOMATIDAE,Ginglymostoma,cirratum,Western Atlantic subpopulation,NA,"(Bonnaterre, 1788)",,,
10269,Huso huso,10273,Huso huso Adriatic Sea subpopulation,ANIMALIA,CHORDATA,ACTINOPTERYGII,ACIPENSERIFORMES,ACIPENSERIDAE,Huso,huso,Adriatic Sea subpopulation,NA,"(Linnaeus, 1758)",,,
10269,Huso huso,182586509,Huso huso Black Sea and Sea of Azov subpopulation,ANIMALIA,CHORDATA,ACTINOPTERYGII,ACIPENSERIFORMES,ACIPENSERIDAE,Huso,huso,Black Sea and Sea of Azov subpopulation,NA,NA,,,
10269,Huso huso,10272,Huso huso Caspian Sea subpopulation,ANIMALIA,CHORDATA,ACTINOPTERYGII,ACIPENSERIFORMES,ACIPENSERIDAE,Huso,huso,Caspian Sea subpopulation,NA,"(Linnaeus, 1758)",,,
13006,Megaptera novaeangliae,132835,Megaptera novaeangliae Arabian Sea subpopulation,ANIMALIA,CHORDATA,MAMMALIA,ARTIODACTYLA,BALAENOPTERIDAE,Megaptera,novaeangliae,Arabian Sea subpopulation,NA,"(Borowski, 1781)",,,
13006,Megaptera novaeangliae,132832,Megaptera novaeangliae Oceania subpopulation,ANIMALIA,CHORDATA,MAMMALIA,ARTIODACTYLA,BALAENOPTERIDAE,Megaptera,novaeangliae,Oceania subpopulation,NA,"(Borowski, 1781)",,,
135301,Oncorhynchus nerka,135322,"Oncorhynchus nerka ALASKA COASTAL DOWNWELLING, EASTERN GULF OF ALASKA",ANIMALIA,CHORDATA,ACTINOPTERYGII,SALMONIFORMES,SALMONIDAE,Oncorhynchus,nerka,"ALASKA COASTAL DOWNWELLING, EASTERN GULF OF ALASKA",NA,"(Walbaum, 1792)",,,
135301,Oncorhynchus nerka,135361,"Oncorhynchus nerka ALASKA COASTAL DOWNWELLING, WESTERN GULF OF ALASKA",ANIMALIA,CHORDATA,ACTINOPTERYGII,SALMONIFORMES,SALMONIDAE,Oncorhynchus,nerka,"ALASKA COASTAL DOWNWELLING, WESTERN GULF OF ALASKA",NA,"(Walbaum, 1792)",,,
135301,Oncorhynchus nerka,135374,Oncorhynchus nerka ALSEK RIVER,ANIMALIA,CHORDATA,ACTINOPTERYGII,SALMONIFORMES,SALMONIDAE,Oncorhynchus,nerka,ALSEK RIVER,NA,"(Walbaum, 1792)",,,
135301,Oncorhynchus nerka,135318,Oncorhynchus nerka ANADYR CURRENT,ANIMALIA,CHORDATA,ACTINOPTERYGII,SALMONIFORMES,SALMONIDAE,Oncorhynchus,nerka,ANADYR CURRENT,NA,"(Walbaum, 1792)",,,
135301,Oncorhynchus nerka,135377,Oncorhynchus nerka ANADYR RIVER,ANIMALIA,CHORDATA,ACTINOPTERYGII,SALMONIFORMES,SALMONIDAE,Oncorhynchus,nerka,ANADYR RIVER,NA,NA,,,
135301,Oncorhynchus nerka,135320,Oncorhynchus nerka BERING-ALASKAN MIXING,ANIMALIA,CHORDATA,ACTINOPTERYGII,SALMONIFORMES,SALMONIDAE,Oncorhynchus,nerka,BERING-ALASKAN MIXING,NA,"(Walbaum, 1792)",,,
135301,Oncorhynchus nerka,135331,Oncorhynchus nerka BERING SLOPE/KAMCHATKA CURRENTS,ANIMALIA,CHORDATA,ACTINOPTERYGII,SALMONIFORMES,SALMONIDAE,Oncorhynchus,nerka,BERING SLOPE/KAMCHATKA CURRENTS,NA,"(Walbaum, 1792)",,,
135301,Oncorhynchus nerka,135317,Oncorhynchus nerka COLUMBIA RIVER: Okanogan R/Osoyoos Lk,ANIMALIA,CHORDATA,ACTINOPTERYGII,SALMONIFORMES,SALMONIDAE,Oncorhynchus,nerka,COLUMBIA RIVER: Okanogan R/Osoyoos Lk,NA,"(Walbaum, 1792)",,,
135301,Oncorhynchus nerka,135339,Oncorhynchus nerka COLUMBIA RIVER: Payette R,ANIMALIA,CHORDATA,ACTINOPTERYGII,SALMONIFORMES,SALMONIDAE,Oncorhynchus,nerka,COLUMBIA RIVER: Payette R,NA,"(Walbaum, 1792)",,,
135301,Oncorhynchus nerka,135309,Oncorhynchus nerka COLUMBIA RIVER: Redfish Lk,ANIMALIA,CHORDATA,ACTINOPTERYGII,SALMONIFORMES,SALMONIDAE,Oncorhynchus,nerka,COLUMBIA RIVER: Redfish Lk,NA,"(Walbaum, 1792)",,,
135301,Oncorhynchus nerka,135341,Oncorhynchus nerka COLUMBIA RIVER: Suttle Lk/Deschutes R,ANIMALIA,CHORDATA,ACTINOPTERYGII,SALMONIFORMES,SALMONIDAE,Oncorhynchus,nerka,COLUMBIA RIVER: Suttle Lk/Deschutes R,NA,"(Walbaum, 1792)",,,
135301,Oncorhynchus nerka,135368,"Oncorhynchus nerka COLUMBIA RIVER: Upper, Headwater/Arrow, Whatsan Lk",ANIMALIA,CHORDATA,ACTINOPTERYGII,SALMONIFORMES,SALMONIDAE,Oncorhynchus,nerka,"COLUMBIA RIVER: Upper, Headwater/Arrow, Whatsan Lk",NA,"(Walbaum, 1792)",,,
135301,Oncorhynchus nerka,135326,Oncorhynchus nerka COLUMBIA RIVER: Wallowa Lk,ANIMALIA,CHORDATA,ACTINOPTERYGII,SALMONIFORMES,SALMONIDAE,Oncorhynchus,nerka,COLUMBIA RIVER: Wallowa Lk,NA,"(Walbaum, 1792)",,,
135301,Oncorhynchus nerka,135363,Oncorhynchus nerka COLUMBIA RIVER: Wenatchee,ANIMALIA,CHORDATA,ACTINOPTERYGII,SALMONIFORMES,SALMONIDAE,Oncorhynchus,nerka,COLUMBIA RIVER: Wenatchee,NA,"(Walbaum, 1792)",,,
135301,Oncorhynchus nerka,135316,Oncorhynchus nerka COLUMBIA RIVER: Yakima R,ANIMALIA,CHORDATA,ACTINOPTERYGII,SALMONIFORMES,SALMONIDAE,Oncorhynchus,nerka,COLUMBIA RIVER: Yakima R,NA,"(Walbaum, 1792)",,,
135301,Oncorhynchus nerka,135348,Oncorhynchus nerka COOK INLET,ANIMALIA,CHORDATA,ACTINOPTERYGII,SALMONIFORMES,SALMONIDAE,Oncorhynchus,nerka,COOK INLET,NA,"(Walbaum, 1792)",,,
135301,Oncorhynchus nerka,135347,Oncorhynchus nerka COPPER RIVER,ANIMALIA,CHORDATA,ACTINOPTERYGII,SALMONIFORMES,SALMONIDAE,Oncorhynchus,nerka,COPPER RIVER,NA,"(Walbaum, 1792)",,,
135301,Oncorhynchus nerka,135379,Oncorhynchus nerka EASTERN ARCTIC (COLD),ANIMALIA,CHORDATA,ACTINOPTERYGII,SALMONIFORMES,SALMONIDAE,Oncorhynchus,nerka,EASTERN ARCTIC (COLD),NA,"(Walbaum, 1792)",,,
135301,Oncorhynchus nerka,135306,Oncorhynchus nerka EASTERN ARCTIC CURRENT (WARM),ANIMALIA,CHORDATA,ACTINOPTERYGII,SALMONIFORMES,SALMONIDAE,Oncorhynchus,nerka,EASTERN ARCTIC CURRENT (WARM),NA,"(Walbaum, 1792)",,,
135301,Oncorhynchus nerka,135310,"Oncorhynchus nerka FRASER RIVER, LILLOOET: Birkenhead (late)",ANIMALIA,CHORDATA,ACTINOPTERYGII,SALMONIFORMES,SALMONIDAE,Oncorhynchus,nerka,"FRASER RIVER, LILLOOET: Birkenhead (late)",NA,"(Walbaum, 1792)",,,
135301,Oncorhynchus nerka,201444,"Oncorhynchus nerka FRASER RIVER, LOWER: Big Silver (late)",ANIMALIA,CHORDATA,ACTINOPTERYGII,SALMONIFORMES,SALMONIDAE,Oncorhynchus,nerka,"FRASER RIVER, LOWER: Big Silver (late)",NA,"(Walbaum, 1792)",,,
135301,Oncorhynchus nerka,201439,"Oncorhynchus nerka FRASER RIVER, LOWER: Chilliwack Lk (early summer)",ANIMALIA,CHORDATA,ACTINOPTERYGII,SALMONIFORMES,SALMONIDAE,Oncorhynchus,nerka,"FRASER RIVER, LOWER: Chilliwack Lk (early summer)",NA,"(Walbaum, 1792)",,,
135301,Oncorhynchus nerka,201440,"Oncorhynchus nerka FRASER RIVER, LOWER: Cultus Lk (late)",ANIMALIA,CHORDATA,ACTINOPTERYGII,SALMONIFORMES,SALMONIDAE,Oncorhynchus,nerka,"FRASER RIVER, LOWER: Cultus Lk (late)",NA,"(Walbaum, 1792)",,,
135301,Oncorhynchus nerka,201441,"Oncorhynchus nerka FRASER RIVER, LOWER: Harrison River (late)",ANIMALIA,CHORDATA,ACTINOPTERYGII,SALMONIFORMES,SALMONIDAE,Oncorhynchus,nerka,"FRASER RIVER, LOWER: Harrison River (late)",NA,"(Walbaum, 1792)",,,
135301,Oncorhynchus nerka,135369,"Oncorhynchus nerka FRASER RIVER, LOWER: Upper Pitt R (early summer)",ANIMALIA,CHORDATA,ACTINOPTERYGII,SALMONIFORMES,SALMONIDAE,Oncorhynchus,nerka,"FRASER RIVER, LOWER: Upper Pitt R (early summer)",NA,"(Walbaum, 1792)",,,
135301,Oncorhynchus nerka,201442,"Oncorhynchus nerka FRASER RIVER, LOWER: Weaver (late)",ANIMALIA,CHORDATA,ACTINOPTERYGII,SALMONIFORMES,SALMONIDAE,Oncorhynchus,nerka,"FRASER RIVER, LOWER: Weaver (late)",NA,"(Walbaum, 1792)",,,
135301,Oncorhynchus nerka,135372,"Oncorhynchus nerka FRASER RIVER, LOWER: Widgeon Creek (late)",ANIMALIA,CHORDATA,ACTINOPTERYGII,SALMONIFORMES,SALMONIDAE,Oncorhynchus,nerka,"FRASER RIVER, LOWER: Widgeon Creek (late)",NA,"(Walbaum, 1792)",,,
135301,Oncorhynchus nerka,201449,"Oncorhynchus nerka FRASER RIVER, MIDDLE: Chilko (early summer)",ANIMALIA,CHORDATA,ACTINOPTERYGII,SALMONIFORMES,SALMONIDAE,Oncorhynchus,nerka,"FRASER RIVER, MIDDLE: Chilko (early summer)",NA,"(Walbaum, 1792)",,,
135301,Oncorhynchus nerka,201450,"Oncorhynchus nerka FRASER RIVER, MIDDLE: Chilko (summer)",ANIMALIA,CHORDATA,ACTINOPTERYGII,SALMONIFORMES,SALMONIDAE,Oncorhynchus,nerka,"FRASER RIVER, MIDDLE: Chilko (summer)",NA,"(Walbaum, 1792)",,,
135301,Oncorhynchus nerka,135315,"Oncorhynchus nerka FRASER RIVER, MIDDLE: Gates Ck and Channel (early summer)",ANIMALIA,CHORDATA,ACTINOPTERYGII,SALMONIFORMES,SALMONIDAE,Oncorhynchus,nerka,"FRASER RIVER, MIDDLE: Gates Ck and Channel (early summer)",NA,"(Walbaum, 1792)",,,
135301,Oncorhynchus nerka,135303,"Oncorhynchus nerka FRASER RIVER, MIDDLE: Nadina, Nechako (early summer)",ANIMALIA,CHORDATA,ACTINOPTERYGII,SALMONIFORMES,SALMONIDAE,Oncorhynchus,nerka,"FRASER RIVER, MIDDLE: Nadina, Nechako (early summer)",NA,"(Walbaum, 1792)",,,
135301,Oncorhynchus nerka,201447,"Oncorhynchus nerka FRASER RIVER, MIDDLE: Nahatlatch (early summer)",ANIMALIA,CHORDATA,ACTINOPTERYGII,SALMONIFORMES,SALMONIDAE,Oncorhynchus,nerka,"FRASER RIVER, MIDDLE: Nahatlatch (early summer)",NA,"(Walbaum, 1792)",,,
135301,Oncorhynchus nerka,201452,"Oncorhynchus nerka FRASER RIVER, MIDDLE: Nechako (summer)",ANIMALIA,CHORDATA,ACTINOPTERYGII,SALMONIFORMES,SALMONIDAE,Oncorhynchus,nerka,"FRASER RIVER, MIDDLE: Nechako (summer)",NA,"(Walbaum, 1792)",,,
135301,Oncorhynchus nerka,201451,"Oncorhynchus nerka FRASER RIVER, MIDDLE: Quesnel (summer)",ANIMALIA,CHORDATA,ACTINOPTERYGII,SALMONIFORMES,SALMONIDAE,Oncorhynchus,nerka,"FRASER RIVER, MIDDLE: Quesnel (summer)",NA,"(Walbaum, 1792)",,,
135301,Oncorhynchus nerka,201453,"Oncorhynchus nerka FRASER RIVER, MIDDLE: Stuart (early Stuart)",ANIMALIA,CHORDATA,ACTINOPTERYGII,SALMONIFORMES,SALMONIDAE,Oncorhynchus,nerka,"FRASER RIVER, MIDDLE: Stuart (early Stuart)",NA,"(Walbaum, 1792)",,,
135301,Oncorhynchus nerka,201454,"Oncorhynchus nerka FRASER RIVER, MIDDLE: Stuart (summer)",ANIMALIA,CHORDATA,ACTINOPTERYGII,SALMONIFORMES,SALMONIDAE,Oncorhynchus,nerka,"FRASER RIVER, MIDDLE: Stuart (summer)",NA,"(Walbaum, 1792)",,,
135301,Oncorhynchus nerka,201448,"Oncorhynchus nerka FRASER RIVER, MIDDLE: Taseko (early summer)",ANIMALIA,CHORDATA,ACTINOPTERYGII,SALMONIFORMES,SALMONIDAE,Oncorhynchus,nerka,"FRASER RIVER, MIDDLE: Taseko (early summer)",NA,"(Walbaum, 1792)",,,
135301,Oncorhynchus nerka,135332,"Oncorhynchus nerka FRASER RIVER, N THOMPSON: Kamloops (early summer)",ANIMALIA,CHORDATA,ACTINOPTERYGII,SALMONIFORMES,SALMONIDAE,Oncorhynchus,nerka,"FRASER RIVER, N THOMPSON: Kamloops (early summer)",NA,"(Walbaum, 1792)",,,
135301,Oncorhynchus nerka,201445,"Oncorhynchus nerka FRASER RIVER, S THOMPSON: Shuswap (early summer)",ANIMALIA,CHORDATA,ACTINOPTERYGII,SALMONIFORMES,SALMONIDAE,Oncorhynchus,nerka,"FRASER RIVER, S THOMPSON: Shuswap (early summer)",NA,"(Walbaum, 1792)",,,
135301,Oncorhynchus nerka,201446,"Oncorhynchus nerka FRASER RIVER, S THOMPSON: Shuswap, Kamloops (late)",ANIMALIA,CHORDATA,ACTINOPTERYGII,SALMONIFORMES,SALMONIDAE,Oncorhynchus,nerka,"FRASER RIVER, S THOMPSON: Shuswap, Kamloops (late)",NA,"(Walbaum, 1792)",,,
135301,Oncorhynchus nerka,135336,"Oncorhynchus nerka FRASER RIVER, UPPER: Bowron (early summer)",ANIMALIA,CHORDATA,ACTINOPTERYGII,SALMONIFORMES,SALMONIDAE,Oncorhynchus,nerka,"FRASER RIVER, UPPER: Bowron (early summer)",NA,"(Walbaum, 1792)",,,
135301,Oncorhynchus nerka,135354,Oncorhynchus nerka HECATE STRAIT-Q.C. SOUND: Atnarko R,ANIMALIA,CHORDATA,ACTINOPTERYGII,SALMONIFORMES,SALMONIDAE,Oncorhynchus,nerka,HECATE STRAIT-Q.C. SOUND: Atnarko R,NA,"(Walbaum, 1792)",,,
135301,Oncorhynchus nerka,135360,Oncorhynchus nerka HECATE STRAIT-Q.C. SOUND: Bella Coola R,ANIMALIA,CHORDATA,ACTINOPTERYGII,SALMONIFORMES,SALMONIDAE,Oncorhynchus,nerka,HECATE STRAIT-Q.C. SOUND: Bella Coola R,NA,"(Walbaum, 1792)",,,
135301,Oncorhynchus nerka,201438,Oncorhynchus nerka HECATE STRAIT-Q.C. SOUND: E Hadai Gwaii,ANIMALIA,CHORDATA,ACTINOPTERYGII,SALMONIFORMES,SALMONIDAE,Oncorhynchus,nerka,HECATE STRAIT-Q.C. SOUND: E Hadai Gwaii,NA,"(Walbaum, 1792)",,,
135301,Oncorhynchus nerka,201437,Oncorhynchus nerka HECATE STRAIT-Q.C. SOUND: Hecate Strait,ANIMALIA,CHORDATA,ACTINOPTERYGII,SALMONIFORMES,SALMONIDAE,Oncorhynchus,nerka,HECATE STRAIT-Q.C. SOUND: Hecate Strait,NA,"(Walbaum, 1792)",,,
135301,Oncorhynchus nerka,135376,Oncorhynchus nerka HECATE STRAIT-Q.C. SOUND: Kitimat to Kitlope R,ANIMALIA,CHORDATA,ACTINOPTERYGII,SALMONIFORMES,SALMONIDAE,Oncorhynchus,nerka,HECATE STRAIT-Q.C. SOUND: Kitimat to Kitlope R,NA,"(Walbaum, 1792)",,,
135301,Oncorhynchus nerka,135338,Oncorhynchus nerka HECATE STRAIT-Q.C. SOUND: Lowe Lk/Granville Ch,ANIMALIA,CHORDATA,ACTINOPTERYGII,SALMONIFORMES,SALMONIDAE,Oncorhynchus,nerka,HECATE STRAIT-Q.C. SOUND: Lowe Lk/Granville Ch,NA,"(Walbaum, 1792)",,,
135301,Oncorhynchus nerka,135381,Oncorhynchus nerka HECATE STRAIT-Q.C. SOUND: Queen Charlotte Sound,ANIMALIA,CHORDATA,ACTINOPTERYGII,SALMONIFORMES,SALMONIDAE,Oncorhynchus,nerka,HECATE STRAIT-Q.C. SOUND: Queen Charlotte Sound,NA,"(Walbaum, 1792)",,,
135301,Oncorhynchus nerka,135351,Oncorhynchus nerka KAMCHATKA RIVER,ANIMALIA,CHORDATA,ACTINOPTERYGII,SALMONIFORMES,SALMONIDAE,Oncorhynchus,nerka,KAMCHATKA RIVER,NA,"(Walbaum, 1792)",,,
135301,Oncorhynchus nerka,135375,Oncorhynchus nerka KANCHALAN RIVER,ANIMALIA,CHORDATA,ACTINOPTERYGII,SALMONIFORMES,SALMONIDAE,Oncorhynchus,nerka,KANCHALAN RIVER,NA,"(Walbaum, 1792)",,,
135301,Oncorhynchus nerka,135355,Oncorhynchus nerka KOBUK RIVER,ANIMALIA,CHORDATA,ACTINOPTERYGII,SALMONIFORMES,SALMONIDAE,Oncorhynchus,nerka,KOBUK RIVER,NA,"(Walbaum, 1792)",,,
135301,Oncorhynchus nerka,135365,Oncorhynchus nerka KODIAK ISLAND,ANIMALIA,CHORDATA,ACTINOPTERYGII,SALMONIFORMES,SALMONIDAE,Oncorhynchus,nerka,KODIAK ISLAND,NA,"(Walbaum, 1792)",,,
135301,Oncorhynchus nerka,135343,Oncorhynchus nerka KUSKOKWIM RIVER,ANIMALIA,CHORDATA,ACTINOPTERYGII,SALMONIFORMES,SALMONIDAE,Oncorhynchus,nerka,KUSKOKWIM RIVER,NA,"(Walbaum, 1792)",,,
135301,Oncorhynchus nerka,201431,Oncorhynchus nerka NASS RIVER: Coastal,ANIMALIA,CHORDATA,ACTINOPTERYGII,SALMONIFORMES,SALMONIDAE,Oncorhynchus,nerka,NASS RIVER: Coastal,NA,"(Walbaum, 1792)",,,
135301,Oncorhynchus nerka,201430,Oncorhynchus nerka NASS RIVER: Gingit,ANIMALIA,CHORDATA,ACTINOPTERYGII,SALMONIFORMES,SALMONIDAE,Oncorhynchus,nerka,NASS RIVER: Gingit,NA,"(Walbaum, 1792)",,,
135301,Oncorhynchus nerka,201429,Oncorhynchus nerka NASS RIVER: Upper Nass,ANIMALIA,CHORDATA,ACTINOPTERYGII,SALMONIFORMES,SALMONIDAE,Oncorhynchus,nerka,NASS RIVER: Upper Nass,NA,"(Walbaum, 1792)",,,
135301,Oncorhynchus nerka,135328,Oncorhynchus nerka NASS-SKEENA ESTUARY: Hugh Smith Lk/Boca de Quadra,ANIMALIA,CHORDATA,ACTINOPTERYGII,SALMONIFORMES,SALMONIDAE,Oncorhynchus,nerka,NASS-SKEENA ESTUARY: Hugh Smith Lk/Boca de Quadra,NA,"(Walbaum, 1792)",,,
135301,Oncorhynchus nerka,135333,Oncorhynchus nerka NASS-SKEENA ESTUARY: N Hadai Gwaii,ANIMALIA,CHORDATA,ACTINOPTERYGII,SALMONIFORMES,SALMONIDAE,Oncorhynchus,nerka,NASS-SKEENA ESTUARY: N Hadai Gwaii,NA,"(Walbaum, 1792)",,,
135301,Oncorhynchus nerka,135352,Oncorhynchus nerka NASS-SKEENA ESTUARY: North of Nass,ANIMALIA,CHORDATA,ACTINOPTERYGII,SALMONIFORMES,SALMONIDAE,Oncorhynchus,nerka,NASS-SKEENA ESTUARY: North of Nass,NA,"(Walbaum, 1792)",,,
135301,Oncorhynchus nerka,135324,Oncorhynchus nerka NOATAK RIVER,ANIMALIA,CHORDATA,ACTINOPTERYGII,SALMONIFORMES,SALMONIDAE,Oncorhynchus,nerka,NOATAK RIVER,NA,"(Walbaum, 1792)",,,
135301,Oncorhynchus nerka,135327,Oncorhynchus nerka OKHOTSK-OYASHIO MIXING,ANIMALIA,CHORDATA,ACTINOPTERYGII,SALMONIFORMES,SALMONIDAE,Oncorhynchus,nerka,OKHOTSK-OYASHIO MIXING,NA,"(Walbaum, 1792)",,,
135301,Oncorhynchus nerka,201499,Oncorhynchus nerka OUTER ISLANDS: NW Vancouver Island,ANIMALIA,CHORDATA,ACTINOPTERYGII,SALMONIFORMES,SALMONIDAE,Oncorhynchus,nerka,OUTER ISLANDS: NW Vancouver Island,NA,"(Walbaum, 1792)",,,
135301,Oncorhynchus nerka,201500,Oncorhynchus nerka OUTER ISLANDS: W Hadai Gwaii,ANIMALIA,CHORDATA,ACTINOPTERYGII,SALMONIFORMES,SALMONIDAE,Oncorhynchus,nerka,OUTER ISLANDS: W Hadai Gwaii,NA,"(Walbaum, 1792)",,,
135301,Oncorhynchus nerka,135345,Oncorhynchus nerka PENZHINA INTRACOASTAL,ANIMALIA,CHORDATA,ACTINOPTERYGII,SALMONIFORMES,SALMONIDAE,Oncorhynchus,nerka,PENZHINA INTRACOASTAL,NA,"(Walbaum, 1792)",,,
135301,Oncorhynchus nerka,135334,Oncorhynchus nerka PRINCE WILLIAM SOUND,ANIMALIA,CHORDATA,ACTINOPTERYGII,SALMONIFORMES,SALMONIDAE,Oncorhynchus,nerka,PRINCE WILLIAM SOUND,NA,"(Walbaum, 1792)",,,
135301,Oncorhynchus nerka,135319,Oncorhynchus nerka PUGET SOUND-GEORGIA BASIN: Baker Lk/Puget Sound,ANIMALIA,CHORDATA,ACTINOPTERYGII,SALMONIFORMES,SALMONIDAE,Oncorhynchus,nerka,PUGET SOUND-GEORGIA BASIN: Baker Lk/Puget Sound,NA,"(Walbaum, 1792)",,,
135301,Oncorhynchus nerka,135344,Oncorhynchus nerka PUGET SOUND-GEORGIA BASIN: Glendale Ck/Knight Inl,ANIMALIA,CHORDATA,ACTINOPTERYGII,SALMONIFORMES,SALMONIDAE,Oncorhynchus,nerka,PUGET SOUND-GEORGIA BASIN: Glendale Ck/Knight Inl,NA,"(Walbaum, 1792)",,,
135301,Oncorhynchus nerka,135366,Oncorhynchus nerka PUGET SOUND-GEORGIA BASIN: Klinaklini River,ANIMALIA,CHORDATA,ACTINOPTERYGII,SALMONIFORMES,SALMONIDAE,Oncorhynchus,nerka,PUGET SOUND-GEORGIA BASIN: Klinaklini River,NA,"(Walbaum, 1792)",,,
135301,Oncorhynchus nerka,135337,"Oncorhynchus nerka PUGET SOUND-GEORGIA BASIN: Nimpkish, Mackenzie R",ANIMALIA,CHORDATA,ACTINOPTERYGII,SALMONIFORMES,SALMONIDAE,Oncorhynchus,nerka,"PUGET SOUND-GEORGIA BASIN: Nimpkish, Mackenzie R",NA,"(Walbaum, 1792)",,,
135301,Oncorhynchus nerka,135356,"Oncorhynchus nerka PUGET SOUND-GEORGIA BASIN: Phillips R, Heydon Ck",ANIMALIA,CHORDATA,ACTINOPTERYGII,SALMONIFORMES,SALMONIDAE,Oncorhynchus,nerka,"PUGET SOUND-GEORGIA BASIN: Phillips R, Heydon Ck",NA,(Walbaum 1792),,,
135301,Oncorhynchus nerka,135380,Oncorhynchus nerka PUGET SOUND-GEORGIA BASIN: Quatse R/N Vancouver I,ANIMALIA,CHORDATA,ACTINOPTERYGII,SALMONIFORMES,SALMONIDAE,Oncorhynchus,nerka,PUGET SOUND-GEORGIA BASIN: Quatse R/N Vancouver I,NA,"(Walbaum, 1792)",,,
135301,Oncorhynchus nerka,135323,Oncorhynchus nerka PUGET SOUND-GEORGIA BASIN: Schoen Ck/Davie R,ANIMALIA,CHORDATA,ACTINOPTERYGII,SALMONIFORMES,SALMONIDAE,Oncorhynchus,nerka,PUGET SOUND-GEORGIA BASIN: Schoen Ck/Davie R,NA,"(Walbaum, 1792)",,,
135301,Oncorhynchus nerka,135330,"Oncorhynchus nerka PUGET SOUND-GEORGIA BASIN: Village Bay Ck, Sakinaw",ANIMALIA,CHORDATA,ACTINOPTERYGII,SALMONIFORMES,SALMONIDAE,Oncorhynchus,nerka,"PUGET SOUND-GEORGIA BASIN: Village Bay Ck, Sakinaw",NA,"(Walbaum, 1792)",,,
135301,Oncorhynchus nerka,135302,Oncorhynchus nerka SEA OF OKHOTSK CURRENT (COLD),ANIMALIA,CHORDATA,ACTINOPTERYGII,SALMONIFORMES,SALMONIDAE,Oncorhynchus,nerka,SEA OF OKHOTSK CURRENT (COLD),NA,"Walbaum, 1792",,,
135301,Oncorhynchus nerka,135311,Oncorhynchus nerka SEASONAL UPWELLING CLINE,ANIMALIA,CHORDATA,ACTINOPTERYGII,SALMONIFORMES,SALMONIDAE,Oncorhynchus,nerka,SEASONAL UPWELLING CLINE,NA,"(Walbaum, 1792)",,,
135301,Oncorhynchus nerka,135359,Oncorhynchus nerka SHELIKHOV GULF (COLD),ANIMALIA,CHORDATA,ACTINOPTERYGII,SALMONIFORMES,SALMONIDAE,Oncorhynchus,nerka,SHELIKHOV GULF (COLD),NA,"(Walbaum, 1792)",,,
135301,Oncorhynchus nerka,201432,"Oncorhynchus nerka SKEENA R, LOWER: Alastair",ANIMALIA,CHORDATA,ACTINOPTERYGII,SALMONIFORMES,SALMONIDAE,Oncorhynchus,nerka,"SKEENA R, LOWER: Alastair",NA,"(Walbaum, 1792)",,,
135301,Oncorhynchus nerka,201434,"Oncorhynchus nerka SKEENA R, LOWER: Kitsumkalum",ANIMALIA,CHORDATA,ACTINOPTERYGII,SALMONIFORMES,SALMONIDAE,Oncorhynchus,nerka,"SKEENA R, LOWER: Kitsumkalum",NA,"(Walbaum, 1792)",,,
135301,Oncorhynchus nerka,135353,"Oncorhynchus nerka SKEENA R, LOWER: McDonnel Lk/Zymoetz R",ANIMALIA,CHORDATA,ACTINOPTERYGII,SALMONIFORMES,SALMONIDAE,Oncorhynchus,nerka,"SKEENA R, LOWER: McDonnel Lk/Zymoetz R",NA,"(Walbaum, 1792)",,,
135301,Oncorhynchus nerka,201433,"Oncorhynchus nerka SKEENA R, LOWER: Schulbuckhand",ANIMALIA,CHORDATA,ACTINOPTERYGII,SALMONIFORMES,SALMONIDAE,Oncorhynchus,nerka,"SKEENA R, LOWER: Schulbuckhand",NA,"(Walbaum, 1792)",,,
135301,Oncorhynchus nerka,201436,"Oncorhynchus nerka SKEENA R, MIDDLE: Babine",ANIMALIA,CHORDATA,ACTINOPTERYGII,SALMONIFORMES,SALMONIDAE,Oncorhynchus,nerka,"SKEENA R, MIDDLE: Babine",NA,"(Walbaum, 1792)",,,
135301,Oncorhynchus nerka,201435,"Oncorhynchus nerka SKEENA R, MIDDLE: Kispiox R, Club",ANIMALIA,CHORDATA,ACTINOPTERYGII,SALMONIFORMES,SALMONIDAE,Oncorhynchus,nerka,"SKEENA R, MIDDLE: Kispiox R, Club",NA,"(Walbaum, 1792)",,,
135301,Oncorhynchus nerka,135373,"Oncorhynchus nerka SKEENA R, MIDDLE: Nanika Lk/Morice R",ANIMALIA,CHORDATA,ACTINOPTERYGII,SALMONIFORMES,SALMONIDAE,Oncorhynchus,nerka,"SKEENA R, MIDDLE: Nanika Lk/Morice R",NA,"(Walbaum, 1792)",,,
135301,Oncorhynchus nerka,135321,"Oncorhynchus nerka SKEENA R, UPPER",ANIMALIA,CHORDATA,ACTINOPTERYGII,SALMONIFORMES,SALMONIDAE,Oncorhynchus,nerka,"SKEENA R, UPPER",NA,"(Walbaum, 1792)",,,
135301,Oncorhynchus nerka,135340,Oncorhynchus nerka SOUTHEAST BERING SEA INNER SHELF,ANIMALIA,CHORDATA,ACTINOPTERYGII,SALMONIFORMES,SALMONIDAE,Oncorhynchus,nerka,SOUTHEAST BERING SEA INNER SHELF,NA,"(Walbaum, 1792)",,,
135301,Oncorhynchus nerka,135325,"Oncorhynchus nerka STIKINE RIVER, LOWER",ANIMALIA,CHORDATA,ACTINOPTERYGII,SALMONIFORMES,SALMONIDAE,Oncorhynchus,nerka,"STIKINE RIVER, LOWER",NA,"(Walbaum, 1792)",,,
135301,Oncorhynchus nerka,135357,Oncorhynchus nerka TRANSBOUNDARY FJORDS: Kah Sheets Lk/S Kupreanof Is,ANIMALIA,CHORDATA,ACTINOPTERYGII,SALMONIFORMES,SALMONIDAE,Oncorhynchus,nerka,TRANSBOUNDARY FJORDS: Kah Sheets Lk/S Kupreanof Is,NA,"(Walbaum, 1792)",,,
135301,Oncorhynchus nerka,135362,Oncorhynchus nerka TRANSBOUNDARY FJORDS: Kunk Lk/E Etolin Is,ANIMALIA,CHORDATA,ACTINOPTERYGII,SALMONIFORMES,SALMONIDAE,Oncorhynchus,nerka,TRANSBOUNDARY FJORDS: Kunk Lk/E Etolin Is,NA,"(Walbaum, 1792)",,,
135301,Oncorhynchus nerka,135312,Oncorhynchus nerka TRANSBOUNDARY FJORDS: North,ANIMALIA,CHORDATA,ACTINOPTERYGII,SALMONIFORMES,SALMONIDAE,Oncorhynchus,nerka,TRANSBOUNDARY FJORDS: North,NA,"(Walbaum, 1792)",,,
135301,Oncorhynchus nerka,135308,Oncorhynchus nerka TRANSBOUNDARY FJORDS: Petersburg Lk/N Kupreanof Is,ANIMALIA,CHORDATA,ACTINOPTERYGII,SALMONIFORMES,SALMONIDAE,Oncorhynchus,nerka,TRANSBOUNDARY FJORDS: Petersburg Lk/N Kupreanof Is,NA,"(Walbaum, 1792)",,,
135301,Oncorhynchus nerka,135358,Oncorhynchus nerka TRANSBOUNDARY FJORDS: Shipley Lk/N Kosciusko Is,ANIMALIA,CHORDATA,ACTINOPTERYGII,SALMONIFORMES,SALMONIDAE,Oncorhynchus,nerka,TRANSBOUNDARY FJORDS: Shipley Lk/N Kosciusko Is,NA,"(Walbaum, 1792)",,,
135301,Oncorhynchus nerka,135342,Oncorhynchus nerka TRANSBOUNDARY FJORDS: South,ANIMALIA,CHORDATA,ACTINOPTERYGII,SALMONIFORMES,SALMONIDAE,Oncorhynchus,nerka,TRANSBOUNDARY FJORDS: South,NA,"(Walbaum, 1792)",,,
135301,Oncorhynchus nerka,135371,Oncorhynchus nerka VANCOUVER ISLAND COASTAL CURRENT,ANIMALIA,CHORDATA,ACTINOPTERYGII,SALMONIFORMES,SALMONIDAE,Oncorhynchus,nerka,VANCOUVER ISLAND COASTAL CURRENT,NA,"(Walbaum, 1792)",,,
135301,Oncorhynchus nerka,135346,Oncorhynchus nerka VELIKAYA RIVER,ANIMALIA,CHORDATA,ACTINOPTERYGII,SALMONIFORMES,SALMONIDAE,Oncorhynchus,nerka,VELIKAYA RIVER,NA,"(Walbaum, 1792)",,,
135301,Oncorhynchus nerka,135313,Oncorhynchus nerka WESTERN ARCTIC CURRENT (COLD),ANIMALIA,CHORDATA,ACTINOPTERYGII,SALMONIFORMES,SALMONIDAE,Oncorhynchus,nerka,WESTERN ARCTIC CURRENT (COLD),NA,"(Walbaum, 1792)",,,
135301,Oncorhynchus nerka,135370,Oncorhynchus nerka WESTERN KAMCHATKA CURRENT (WARM),ANIMALIA,CHORDATA,ACTINOPTERYGII,SALMONIFORMES,SALMONIDAE,Oncorhynchus,nerka,WESTERN KAMCHATKA CURRENT (WARM),NA,"(Walbaum, 1792)",,,
135301,Oncorhynchus nerka,135335,Oncorhynchus nerka YUKON RIVER,ANIMALIA,CHORDATA,ACTINOPTERYGII,SALMONIFORMES,SALMONIDAE,Oncorhynchus,nerka,YUKON RIVER,NA,"(Walbaum, 1792)",,,
135301,Oncorhynchus nerka,135329,Oncorhynchus nerka YUKON RIVER INFLUENCE,ANIMALIA,CHORDATA,ACTINOPTERYGII,SALMONIFORMES,SALMONIDAE,Oncorhynchus,nerka,YUKON RIVER INFLUENCE,NA,"(Walbaum, 1792)",,,
13653,Monachus monachus,120868933,Monachus monachus Cabo Blanco subpopulation,ANIMALIA,CHORDATA,MAMMALIA,CARNIVORA,PHOCIDAE,Monachus,monachus,Cabo Blanco subpopulation,NA,"(Hermann, 1779)",,,
13653,Monachus monachus,120868935,Monachus monachus Eastern Mediterranean subpopulation,ANIMALIA,CHORDATA,MAMMALIA,CARNIVORA,PHOCIDAE,Monachus,monachus,Eastern Mediterranean subpopulation,NA,"(Hermann, 1779)",,,
13653,Monachus monachus,120868931,Monachus monachus Madeira Islands subpopulation,ANIMALIA,CHORDATA,MAMMALIA,CARNIVORA,PHOCIDAE,Monachus,monachus,Madeira Islands subpopulation,NA,"(Hermann, 1779)",,,
15419,Orcaella brevirostris,44556,Orcaella brevirostris Ayeyarwady River subpopulation,ANIMALIA,CHORDATA,MAMMALIA,ARTIODACTYLA,DELPHINIDAE,Orcaella,brevirostris,Ayeyarwady River subpopulation,NA,"(Owen in Gray, 1866)",,,
15419,Orcaella brevirostris,123095978,Orcaella brevirostris Iloilo-Guimaras subpopulation,ANIMALIA,CHORDATA,MAMMALIA,ARTIODACTYLA,DELPHINIDAE,Orcaella,brevirostris,Iloilo-Guimaras subpopulation,NA,"(Owen in Gray, 1866)",,,
15419,Orcaella brevirostris,39428,Orcaella brevirostris Mahakam River subpopulation,ANIMALIA,CHORDATA,MAMMALIA,ARTIODACTYLA,DELPHINIDAE,Orcaella,brevirostris,Mahakam River subpopulation,NA,"(Owen in Gray, 1866)",,,
15419,Orcaella brevirostris,44187,Orcaella brevirostris Malampaya Sound subpopulation,ANIMALIA,CHORDATA,MAMMALIA,ARTIODACTYLA,DELPHINIDAE,Orcaella,brevirostris,Malampaya Sound subpopulation,NA,"(Owen in Gray, 1866)",,,
15419,Orcaella brevirostris,44555,Orcaella brevirostris Mekong River subpopulation,ANIMALIA,CHORDATA,MAMMALIA,ARTIODACTYLA,DELPHINIDAE,Orcaella,brevirostris,Mekong River subpopulation,NA,"(Owen in Gray, 1866)",,,
15419,Orcaella brevirostris,44557,Orcaella brevirostris Songkhla Lake subpopulation,ANIMALIA,CHORDATA,MAMMALIA,ARTIODACTYLA,DELPHINIDAE,Orcaella,brevirostris,Songkhla Lake subpopulation,NA,"(Owen in Gray, 1866)",,,
15421,Orcinus orca,132948040,Orcinus orca Strait of Gibraltar subpopulation,ANIMALIA,CHORDATA,MAMMALIA,ARTIODACTYLA,DELPHINIDAE,Orcinus,orca,Strait of Gibraltar subpopulation,NA,"(Linnaeus, 1758)",,,
16476,Pegasus volitans,16477,Pegasus volitans Philippines stock,ANIMALIA,CHORDATA,ACTINOPTERYGII,GASTEROSTEIFORMES,PEGASIDAE,Pegasus,volitans,Philippines stock,NA,"Linnaeus, 1758",,,
16476,Pegasus volitans,16478,Pegasus volitans South China Sea stock,ANIMALIA,CHORDATA,ACTINOPTERYGII,GASTEROSTEIFORMES,PEGASIDAE,Pegasus,volitans,South China Sea stock,NA,"Linnaeus, 1758",,,
17027,Phocoena phocoena,17031,Phocoena phocoena Baltic Sea subpopulation,ANIMALIA,CHORDATA,MAMMALIA,ARTIODACTYLA,PHOCOENIDAE,Phocoena,phocoena,Baltic Sea subpopulation,NA,"(Linnaeus, 1758)",,,
17978,Pontoporia blainvillei,41761,Pontoporia blainvillei Rio Grande do Sul/Uruguay subpopulation,ANIMALIA,CHORDATA,MAMMALIA,ARTIODACTYLA,PONTOPORIIDAE,Pontoporia,blainvillei,Rio Grande do Sul/Uruguay subpopulation,NA,"(Gervais &amp; d'Orbigny, 1844)",,,
18175,Pristis pectinata,43398244,Pristis pectinata Eastern Atlantic subpopulation,ANIMALIA,CHORDATA,CHONDRICHTHYES,RHINOPRISTIFORMES,PRISTIDAE,Pristis,pectinata,Eastern Atlantic subpopulation,NA,"Latham, 1794",,,
18175,Pristis pectinata,43398250,Pristis pectinata Western Atlantic subpopulation,ANIMALIA,CHORDATA,CHONDRICHTHYES,RHINOPRISTIFORMES,PRISTIDAE,Pristis,pectinata,Western Atlantic subpopulation,NA,"Latham, 1794",,,
195320,Urogymnus polylepis,39408,Urogymnus polylepis Thailand subpopulation,ANIMALIA,CHORDATA,CHONDRICHTHYES,MYLIOBATIFORMES,DASYATIDAE,Urogymnus,polylepis,Thailand subpopulation,NA,"(Bleeker, 1852)",,,
19861,Salmo trutta,39463,Salmo trutta aralensis Aral Sea and Amu Darya River stock,ANIMALIA,CHORDATA,ACTINOPTERYGII,SALMONIFORMES,SALMONIDAE,Salmo,trutta,Aral Sea and Amu Darya River stock,aralensis,NA,,,
2055,Arctocephalus australis,72050476,Arctocephalus australis Peruvian/Northern Chilean subpopulation,ANIMALIA,CHORDATA,MAMMALIA,CARNIVORA,OTARIIDAE,Arctocephalus,australis,Peruvian/Northern Chilean subpopulation,NA,"(Zimmermann, 1783)",,,
20738,Steno bredanensis,160158217,Steno bredanensis Mediterranean subpopulation,ANIMALIA,CHORDATA,MAMMALIA,ARTIODACTYLA,DELPHINIDAE,Steno,bredanensis,Mediterranean subpopulation,NA,"(Lesson, 1828)",,,
21856,Thunnus alalunga,21861,Thunnus alalunga North Atlantic stock,ANIMALIA,CHORDATA,ACTINOPTERYGII,PERCIFORMES,SCOMBRIDAE,Thunnus,alalunga,North Atlantic stock,NA,"(Cetti, 1777)",,,
21856,Thunnus alalunga,21862,Thunnus alalunga South Atlantic stock,ANIMALIA,CHORDATA,ACTINOPTERYGII,PERCIFORMES,SCOMBRIDAE,Thunnus,alalunga,South Atlantic stock,NA,"(Cetti, 1777)",,,
23148,Xiphias gladius,23149,Xiphias gladius North Atlantic stock,ANIMALIA,CHORDATA,ACTINOPTERYGII,PERCIFORMES,XIPHIIDAE,Xiphias,gladius,North Atlantic stock,NA,"Linneaus, 1758",,,
2467,Balaena mysticetus,2468,Balaena mysticetus Bering-Chukchi-Beaufort Sea subpopulation,ANIMALIA,CHORDATA,MAMMALIA,ARTIODACTYLA,BALAENIDAE,Balaena,mysticetus,Bering-Chukchi-Beaufort Sea subpopulation,NA,"Linnaeus, 1758",,,
2467,Balaena mysticetus,2472,Balaena mysticetus East Greenland-Svalbard-Barents Sea subpopulation,ANIMALIA,CHORDATA,MAMMALIA,ARTIODACTYLA,BALAENIDAE,Balaena,mysticetus,East Greenland-Svalbard-Barents Sea subpopulation,NA,"Linnaeus, 1758",,,
2467,Balaena mysticetus,2469,Balaena mysticetus Okhotsk Sea subpopulation,ANIMALIA,CHORDATA,MAMMALIA,ARTIODACTYLA,BALAENIDAE,Balaena,mysticetus,Okhotsk Sea subpopulation,NA,"Linnaeus, 1758",,,
2477,Balaenoptera musculus,2483,Balaenoptera musculus musculus North Atlantic stock,ANIMALIA,CHORDATA,MAMMALIA,ARTIODACTYLA,BALAENOPTERIDAE,Balaenoptera,musculus,North Atlantic stock,musculus,NA,,,
2477,Balaenoptera musculus,2482,Balaenoptera musculus musculus North Pacific stock,ANIMALIA,CHORDATA,MAMMALIA,ARTIODACTYLA,BALAENOPTERIDAE,Balaenoptera,musculus,North Pacific stock,musculus,NA,,,
2478,Balaenoptera physalus,16208224,Balaenoptera physalus Mediterranean subpopulation,ANIMALIA,CHORDATA,MAMMALIA,ARTIODACTYLA,BALAENOPTERIDAE,Balaenoptera,physalus,Mediterranean subpopulation,NA,"(Linnaeus, 1758)",,,
3897,Caretta caretta,83644804,Caretta caretta Mediterranean subpopulation,ANIMALIA,CHORDATA,REPTILIA,TESTUDINES,CHELONIIDAE,Caretta,caretta,Mediterranean subpopulation,NA,"(Linnaeus, 1758)",,,
3897,Caretta caretta,83776383,Caretta caretta North East Atlantic subpopulation,ANIMALIA,CHORDATA,REPTILIA,TESTUDINES,CHELONIIDAE,Caretta,caretta,North East Atlantic subpopulation,NA,"(Linnaeus, 1758)",,,
3897,Caretta caretta,84126444,Caretta caretta North East Indian Ocean subpopulation,ANIMALIA,CHORDATA,REPTILIA,TESTUDINES,CHELONIIDAE,Caretta,caretta,North East Indian Ocean subpopulation,NA,"(Linnaeus, 1758)",,,
3897,Caretta caretta,83652278,Caretta caretta North Pacific subpopulation,ANIMALIA,CHORDATA,REPTILIA,TESTUDINES,CHELONIIDAE,Caretta,caretta,North Pacific subpopulation,NA,"(Linnaeus, 1758)",,,
3897,Caretta caretta,84131194,Caretta caretta North West Atlantic subpopulation,ANIMALIA,CHORDATA,REPTILIA,TESTUDINES,CHELONIIDAE,Caretta,caretta,North West Atlantic subpopulation,NA,"(Linnaeus, 1758)",,,
3897,Caretta caretta,84127873,Caretta caretta North West Indian Ocean subpopulation,ANIMALIA,CHORDATA,REPTILIA,TESTUDINES,CHELONIIDAE,Caretta,caretta,North West Indian Ocean subpopulation,NA,"(Linnaeus, 1758)",,,
3897,Caretta caretta,84189617,Caretta caretta South East Indian Ocean subpopulation,ANIMALIA,CHORDATA,REPTILIA,TESTUDINES,CHELONIIDAE,Caretta,caretta,South East Indian Ocean subpopulation,NA,"(Linnaeus, 1758)",,,
3897,Caretta caretta,84156809,Caretta caretta South Pacific subpopulation,ANIMALIA,CHORDATA,REPTILIA,TESTUDINES,CHELONIIDAE,Caretta,caretta,South Pacific subpopulation,NA,"(Linnaeus, 1758)",,,
3897,Caretta caretta,84191235,Caretta caretta South West Atlantic subpopulation,ANIMALIA,CHORDATA,REPTILIA,TESTUDINES,CHELONIIDAE,Caretta,caretta,South West Atlantic subpopulation,NA,"(Linnaeus, 1758)",,,
3897,Caretta caretta,84199475,Caretta caretta South West Indian Ocean subpopulation,ANIMALIA,CHORDATA,REPTILIA,TESTUDINES,CHELONIIDAE,Caretta,caretta,South West Indian Ocean subpopulation,NA,"(Linnaeus, 1758)",,,
39330,Squatina guggenheim,39465,Squatina guggenheim Brazilian subpopulation,ANIMALIA,CHORDATA,CHONDRICHTHYES,SQUATINIFORMES,SQUATINIDAE,Squatina,guggenheim,Brazilian subpopulation,NA,"Marini, 1936",,,
39366,Carcharhinus amboinensis,39543,Carcharhinus amboinensis Southwest Indian Ocean subpopulation,ANIMALIA,CHORDATA,CHONDRICHTHYES,CARCHARHINIFORMES,CARCHARHINIDAE,Carcharhinus,amboinensis,Southwest Indian Ocean subpopulation,NA,"(Müller &amp; Henle, 1839)",,,
41711,Eubalaena japonica,133706,Eubalaena japonica Northeast Pacific subpopulation,ANIMALIA,CHORDATA,MAMMALIA,ARTIODACTYLA,BALAENIDAE,Eubalaena,japonica,Northeast Pacific subpopulation,NA,"(Lacépède, 1818)",,,
41745,Centrophorus uyato,42831,Centrophorus uyato Australian subpopulation,ANIMALIA,CHORDATA,CHONDRICHTHYES,SQUALIFORMES,CENTROPHORIDAE,Centrophorus,uyato,Australian subpopulation,NA,"(Rafinesque, 1810)",,,
41878,Stegostoma tigrinum,71711344,Stegostoma tigrinum Eastern Indonesian-Oceania subpopulation,ANIMALIA,CHORDATA,CHONDRICHTHYES,ORECTOLOBIFORMES,STEGOSTOMIDAE,Stegostoma,tigrinum,Eastern Indonesian-Oceania subpopulation,NA,"(Hermann, 1783)",,,
41878,Stegostoma tigrinum,71711476,Stegostoma tigrinum Indian Ocean-Southeast Asian subpopulation,ANIMALIA,CHORDATA,CHONDRICHTHYES,ORECTOLOBIFORMES,STEGOSTOMIDAE,Stegostoma,tigrinum,Indian Ocean-Southeast Asian subpopulation,NA,"(Hermann, 1783)",,,
41818,Hemiscyllium ocellatum,42833,Hemiscyllium ocellatum New Guinea subpopulation,ANIMALIA,CHORDATA,CHONDRICHTHYES,ORECTOLOBIFORMES,HEMISCYLLIIDAE,Hemiscyllium,ocellatum,New Guinea subpopulation,NA,"(Bonnaterre, 1788)",,,
41836,Negaprion acutidens,42834,Negaprion acutidens Southeast Asia subpopulation,ANIMALIA,CHORDATA,CHONDRICHTHYES,CARCHARHINIFORMES,CARCHARHINIDAE,Negaprion,acutidens,Southeast Asia subpopulation,NA,"(Rüppell, 1837)",,,
42838,Centrophorus moluccensis,165299,Centrophorus moluccensis Australian subpopulation,ANIMALIA,CHORDATA,CHONDRICHTHYES,SQUALIFORMES,CENTROPHORIDAE,Centrophorus,moluccensis,Australian subpopulation,NA,"Bleeker, 1860",,,
42838,Centrophorus moluccensis,16727327,Centrophorus moluccensis Eastern Australian subpopulation,ANIMALIA,CHORDATA,CHONDRICHTHYES,SQUALIFORMES,CENTROPHORIDAE,Centrophorus,moluccensis,Eastern Australian subpopulation,NA,"Bleeker, 1860",,,
42838,Centrophorus moluccensis,16727330,Centrophorus moluccensis Western Australian subpopulation,ANIMALIA,CHORDATA,CHONDRICHTHYES,SQUALIFORMES,CENTROPHORIDAE,Centrophorus,moluccensis,Western Australian subpopulation,NA,"Bleeker, 1860",,,
43972,Polyprion americanus,43973,Polyprion americanus Brazilian subpopulation,ANIMALIA,CHORDATA,ACTINOPTERYGII,PERCIFORMES,POLYPRIONIDAE,Polyprion,americanus,Brazilian subpopulation,NA,"(Bloch &amp; Schneider, 1801)",,,
44686,Hyporthodus cifuentesi,44680,Hyporthodus cifuentesi Galápagos Islands subpopulation,ANIMALIA,CHORDATA,ACTINOPTERYGII,PERCIFORMES,EPINEPHELIDAE,Hyporthodus,cifuentesi,Galápagos Islands subpopulation,NA,"Lavenberg &amp; Grove, 1993",,,
4615,Chelonia mydas,220353080,Chelonia mydas Central South Pacific subpopulation,ANIMALIA,CHORDATA,REPTILIA,TESTUDINES,CHELONIIDAE,Chelonia,mydas,Central South Pacific subpopulation,NA,"(Linnaeus, 1758)",,,
4615,Chelonia mydas,220970168,Chelonia mydas East Indian–West Pacific subpopulation,ANIMALIA,CHORDATA,REPTILIA,TESTUDINES,CHELONIIDAE,Chelonia,mydas,East Indian–West Pacific subpopulation,NA,"(Linnaeus, 1758)",,,
4615,Chelonia mydas,220970302,Chelonia mydas East Pacific subpopulation,ANIMALIA,CHORDATA,REPTILIA,TESTUDINES,CHELONIIDAE,Chelonia,mydas,East Pacific subpopulation,NA,"(Linnaeus, 1758)",,,
4615,Chelonia mydas,16285718,Chelonia mydas Hawaiian subpopulation,ANIMALIA,CHORDATA,REPTILIA,TESTUDINES,CHELONIIDAE,Chelonia,mydas,Hawaiian subpopulation,NA,"(Linnaeus, 1758)",,,
4615,Chelonia mydas,4616,Chelonia mydas Mediterranean subpopulation,ANIMALIA,CHORDATA,REPTILIA,TESTUDINES,CHELONIIDAE,Chelonia,mydas,Mediterranean subpopulation,NA,"(Linnaeus, 1758)",,,
4615,Chelonia mydas,142121108,Chelonia mydas North Indian Ocean subpopulation,ANIMALIA,CHORDATA,REPTILIA,TESTUDINES,CHELONIIDAE,Chelonia,mydas,North Indian Ocean subpopulation,NA,"(Linnaeus, 1758)",,,
4615,Chelonia mydas,142121866,Chelonia mydas South Atlantic subpopulation,ANIMALIA,CHORDATA,REPTILIA,TESTUDINES,CHELONIIDAE,Chelonia,mydas,South Atlantic subpopulation,NA,"(Linnaeus, 1758)",,,
4615,Chelonia mydas,220970396,Chelonia mydas Southwest Indian Ocean subpopulation,ANIMALIA,CHORDATA,REPTILIA,TESTUDINES,CHELONIIDAE,Chelonia,mydas,Southwest Indian Ocean subpopulation,NA,"(Linnaeus, 1758)",,,
6335,Delphinapterus leucas,61442,Delphinapterus leucas Cook Inlet subpopulation,ANIMALIA,CHORDATA,MAMMALIA,ARTIODACTYLA,MONODONTIDAE,Delphinapterus,leucas,Cook Inlet subpopulation,NA,"(Pallas, 1776)",,,
6494,Dermochelys coriacea,46967807,Dermochelys coriacea East Pacific Ocean subpopulation,ANIMALIA,CHORDATA,REPTILIA,TESTUDINES,DERMOCHELYIDAE,Dermochelys,coriacea,East Pacific Ocean subpopulation,NA,"(Vandelli, 1761)",,,
6494,Dermochelys coriacea,46967873,Dermochelys coriacea Northeast Indian Ocean subpopulation,ANIMALIA,CHORDATA,REPTILIA,TESTUDINES,DERMOCHELYIDAE,Dermochelys,coriacea,Northeast Indian Ocean subpopulation,NA,"(Vandelli, 1761)",,,
6494,Dermochelys coriacea,46967827,Dermochelys coriacea Northwest Atlantic Ocean subpopulation,ANIMALIA,CHORDATA,REPTILIA,TESTUDINES,DERMOCHELYIDAE,Dermochelys,coriacea,Northwest Atlantic Ocean subpopulation,NA,"(Vandelli, 1761)",,,
6494,Dermochelys coriacea,46967848,Dermochelys coriacea Southeast Atlantic Ocean subpopulation,ANIMALIA,CHORDATA,REPTILIA,TESTUDINES,DERMOCHELYIDAE,Dermochelys,coriacea,Southeast Atlantic Ocean subpopulation,NA,"(Vandelli, 1761)",,,
6494,Dermochelys coriacea,46967838,Dermochelys coriacea Southwest Atlantic Ocean subpopulation,ANIMALIA,CHORDATA,REPTILIA,TESTUDINES,DERMOCHELYIDAE,Dermochelys,coriacea,Southwest Atlantic Ocean subpopulation,NA,"(Vandelli, 1761)",,,
6494,Dermochelys coriacea,46967863,Dermochelys coriacea Southwest Indian Ocean subpopulation,ANIMALIA,CHORDATA,REPTILIA,TESTUDINES,DERMOCHELYIDAE,Dermochelys,coriacea,Southwest Indian Ocean subpopulation,NA,"(Vandelli, 1761)",,,
6494,Dermochelys coriacea,46967817,Dermochelys coriacea West Pacific Ocean subpopulation,ANIMALIA,CHORDATA,REPTILIA,TESTUDINES,DERMOCHELYIDAE,Dermochelys,coriacea,West Pacific Ocean subpopulation,NA,"(Vandelli, 1761)",,,
6909,Dugong dugon,218582764,Dugong dugon Eastern Africa subpopulation,ANIMALIA,CHORDATA,MAMMALIA,SIRENIA,DUGONGIDAE,Dugong,dugon,Eastern Africa subpopulation,NA,"(Müller, 1776)",,,
6909,Dugong dugon,157011948,Dugong dugon Nansei subpopulation,ANIMALIA,CHORDATA,MAMMALIA,SIRENIA,DUGONGIDAE,Dugong,dugon,Nansei subpopulation,NA,"(Müller, 1776)",,,
6909,Dugong dugon,218582754,Dugong dugon New Caledonia subpopulation,ANIMALIA,CHORDATA,MAMMALIA,SIRENIA,DUGONGIDAE,Dugong,dugon,New Caledonia subpopulation,NA,"(Müller, 1776)",,,
8097,Eschrichtius robustus,8099,Eschrichtius robustus western subpopulation,ANIMALIA,CHORDATA,MAMMALIA,ARTIODACTYLA,ESCHRICHTIIDAE,Eschrichtius,robustus,western subpopulation,NA,"(Lilljeborg, 1861)",,,
8407,Eurypegasus draconis,8409,Eurypegasus draconis Philippines stock,ANIMALIA,CHORDATA,ACTINOPTERYGII,GASTEROSTEIFORMES,PEGASIDAE,Eurypegasus,draconis,Philippines stock,NA,"(Linnaeus, 1766)",,,
9250,Globicephala melas,198785664,Globicephala melas Inner Mediterranean subpopulation,ANIMALIA,CHORDATA,MAMMALIA,ARTIODACTYLA,DELPHINIDAE,Globicephala,melas,Inner Mediterranean subpopulation,NA,"(Traill, 1809)",,,
9250,Globicephala melas,198787290,Globicephala melas Strait of Gibraltar subpopulation,ANIMALIA,CHORDATA,MAMMALIA,ARTIODACTYLA,DELPHINIDAE,Globicephala,melas,Strait of Gibraltar subpopulation,NA,"(Traill, 1809)",,,
9461,Grampus griseus,16378423,Grampus griseus Mediterranean subpopulation,ANIMALIA,CHORDATA,MAMMALIA,ARTIODACTYLA,DELPHINIDAE,Grampus,griseus,Mediterranean subpopulation,NA,"(G. Cuvier, 1812)",,,
9660,Halichoerus grypus,74491261,Halichoerus grypus Baltic Sea subpopulation,ANIMALIA,CHORDATA,MAMMALIA,CARNIVORA,PHOCIDAE,Halichoerus,grypus,Baltic Sea subpopulation,NA,"(Fabricius, 1791)",,,
222,Acipenser brevirostrum,97436355,Acipenser brevirostrum Canada subpopulation,ANIMALIA,CHORDATA,ACTINOPTERYGII,ACIPENSERIFORMES,ACIPENSERIDAE,Acipenser,brevirostrum,Canada subpopulation,NA,"Lesueur, 1818",,,
222,Acipenser brevirostrum,97436417,Acipenser brevirostrum Connecticut subpopulation,ANIMALIA,CHORDATA,ACTINOPTERYGII,ACIPENSERIFORMES,ACIPENSERIDAE,Acipenser,brevirostrum,Connecticut subpopulation,NA,"Lesueur, 1818",,,
222,Acipenser brevirostrum,97436447,Acipenser brevirostrum Delaware/Chesapeake Bay subpopulation,ANIMALIA,CHORDATA,ACTINOPTERYGII,ACIPENSERIFORMES,ACIPENSERIDAE,Acipenser,brevirostrum,Delaware/Chesapeake Bay subpopulation,NA,"Lesueur, 1818",,,
222,Acipenser brevirostrum,97436413,Acipenser brevirostrum Gulf of Maine subpopulation,ANIMALIA,CHORDATA,ACTINOPTERYGII,ACIPENSERIFORMES,ACIPENSERIDAE,Acipenser,brevirostrum,Gulf of Maine subpopulation,NA,"Lesueur, 1818",,,
222,Acipenser brevirostrum,97436427,Acipenser brevirostrum Hudson subpopulation,ANIMALIA,CHORDATA,ACTINOPTERYGII,ACIPENSERIFORMES,ACIPENSERIDAE,Acipenser,brevirostrum,Hudson subpopulation,NA,"Lesueur, 1818",,,
222,Acipenser brevirostrum,97436466,Acipenser brevirostrum N to S Carolina subpopulation,ANIMALIA,CHORDATA,ACTINOPTERYGII,ACIPENSERIFORMES,ACIPENSERIDAE,Acipenser,brevirostrum,N to S Carolina subpopulation,NA,"Lesueur, 1818",,,
222,Acipenser brevirostrum,97436475,Acipenser brevirostrum Southeast subpopulation,ANIMALIA,CHORDATA,ACTINOPTERYGII,ACIPENSERIFORMES,ACIPENSERIDAE,Acipenser,brevirostrum,Southeast subpopulation,NA,"Lesueur, 1818",,,
225,Acipenser nudiventris,251,Acipenser nudiventris Aral Sea subpopulation,ANIMALIA,CHORDATA,ACTINOPTERYGII,ACIPENSERIFORMES,ACIPENSERIDAE,Acipenser,nudiventris,Aral Sea subpopulation,NA,"Lovetzky, 1828",,,
225,Acipenser nudiventris,249,Acipenser nudiventris Black Sea and Sea of Azov subpopulation,ANIMALIA,CHORDATA,ACTINOPTERYGII,ACIPENSERIFORMES,ACIPENSERIDAE,Acipenser,nudiventris,Black Sea and Sea of Azov subpopulation,NA,"Lovetzky, 1828",,,
225,Acipenser nudiventris,250,Acipenser nudiventris Caspian Sea subpopulation,ANIMALIA,CHORDATA,ACTINOPTERYGII,ACIPENSERIFORMES,ACIPENSERIDAE,Acipenser,nudiventris,Caspian Sea subpopulation,NA,"Lovetzky, 1828",,,
229,Acipenser stellatus,182583188,Acipenser stellatus Black Sea and Sea of Azov subpopulation,ANIMALIA,CHORDATA,ACTINOPTERYGII,ACIPENSERIFORMES,ACIPENSERIDAE,Acipenser,stellatus,Black Sea and Sea of Azov subpopulation,NA,"Pallas, 1771",,,
229,Acipenser stellatus,254,Acipenser stellatus Caspian Sea subpopulation,ANIMALIA,CHORDATA,ACTINOPTERYGII,ACIPENSERIFORMES,ACIPENSERIDAE,Acipenser,stellatus,Caspian Sea subpopulation,NA,"Pallas, 1771",,,
232,Acipenser gueldenstaedtii,182569211,Acipenser gueldenstaedtii Black Sea and Sea of Azov subpopulation,ANIMALIA,CHORDATA,ACTINOPTERYGII,ACIPENSERIFORMES,ACIPENSERIDAE,Acipenser,gueldenstaedtii,Black Sea and Sea of Azov subpopulation,NA,"Brandt &amp; Ratzeburg, 1833",,,
232,Acipenser gueldenstaedtii,246,Acipenser gueldenstaedtii Caspian Sea subpopulation,ANIMALIA,CHORDATA,ACTINOPTERYGII,ACIPENSERIFORMES,ACIPENSERIDAE,Acipenser,gueldenstaedtii,Caspian Sea subpopulation,NA,"Brandt &amp; Ratzeburg, 1833",,,
233,Acipenser medirostris,97432621,Acipenser medirostris Northern DPS subpopulation,ANIMALIA,CHORDATA,ACTINOPTERYGII,ACIPENSERIFORMES,ACIPENSERIDAE,Acipenser,medirostris,Northern DPS subpopulation,NA,"Ayres, 1854",,,
233,Acipenser medirostris,97432665,Acipenser medirostris Southern DPS subpopulation,ANIMALIA,CHORDATA,ACTINOPTERYGII,ACIPENSERIFORMES,ACIPENSERIDAE,Acipenser,medirostris,Southern DPS subpopulation,NA,"Ayres, 1854",,,
234,Acipenser transmontanus,103290570,"Acipenser transmontanus Columbia River Upper, Middle and Lower subpopulation",ANIMALIA,CHORDATA,ACTINOPTERYGII,ACIPENSERIFORMES,ACIPENSERIDAE,Acipenser,transmontanus,"Columbia River Upper, Middle and Lower subpopulation",NA,"Richardson, 1836",,,
234,Acipenser transmontanus,44561,Acipenser transmontanus Fraser River Nechako subpopulation,ANIMALIA,CHORDATA,ACTINOPTERYGII,ACIPENSERIFORMES,ACIPENSERIDAE,Acipenser,transmontanus,Fraser River Nechako subpopulation,NA,"Richardson, 1836",,,
234,Acipenser transmontanus,257,Acipenser transmontanus Kootenai River subpopulation,ANIMALIA,CHORDATA,ACTINOPTERYGII,ACIPENSERIFORMES,ACIPENSERIDAE,Acipenser,transmontanus,Kootenai River subpopulation,NA,"Richardson, 1836",,,
234,Acipenser transmontanus,97440671,Acipenser transmontanus Sacramento and San Joaquin River subpopulation,ANIMALIA,CHORDATA,ACTINOPTERYGII,ACIPENSERIFORMES,ACIPENSERIDAE,Acipenser,transmontanus,Sacramento and San Joaquin River subpopulation,NA,"Richardson, 1836",,,
234,Acipenser transmontanus,103290582,Acipenser transmontanus Snake River subpopulation,ANIMALIA,CHORDATA,ACTINOPTERYGII,ACIPENSERIFORMES,ACIPENSERIDAE,Acipenser,transmontanus,Snake River subpopulation,NA,"Richardson, 1836",,,
18584848,Pristis pristis,43508842,Pristis pristis Eastern Atlantic subpopulation,ANIMALIA,CHORDATA,CHONDRICHTHYES,RHINOPRISTIFORMES,PRISTIDAE,Pristis,pristis,Eastern Atlantic subpopulation,NA,"(Linnaeus, 1758)",,,
18584848,Pristis pristis,43508949,Pristis pristis Eastern Pacific subpopulation,ANIMALIA,CHORDATA,CHONDRICHTHYES,RHINOPRISTIFORMES,PRISTIDAE,Pristis,pristis,Eastern Pacific subpopulation,NA,"(Linnaeus, 1758)",,,
18584848,Pristis pristis,43508905,Pristis pristis Indo-West Pacific subpopulation,ANIMALIA,CHORDATA,CHONDRICHTHYES,RHINOPRISTIFORMES,PRISTIDAE,Pristis,pristis,Indo-West Pacific subpopulation,NA,"(Linnaeus, 1758)",,,
18584848,Pristis pristis,43508845,Pristis pristis Western Atlantic subpopulation,ANIMALIA,CHORDATA,CHONDRICHTHYES,RHINOPRISTIFORMES,PRISTIDAE,Pristis,pristis,Western Atlantic subpopulation,NA,"(Linnaeus, 1758)",,,
70705777,Centrophorus granulosus,60216,Centrophorus granulosus Western Central Atlantic subpopulation,ANIMALIA,CHORDATA,CHONDRICHTHYES,SQUALIFORMES,CENTROPHORIDAE,Centrophorus,granulosus,Western Central Atlantic subpopulation,NA,"Garman, 1906",,,
134817215,Delphinus delphis,156206333,Delphinus delphis Gulf of Corinth subpopulation,ANIMALIA,CHORDATA,MAMMALIA,ARTIODACTYLA,DELPHINIDAE,Delphinus,delphis,Gulf of Corinth subpopulation,NA,"Linnaeus, 1758",,,
134817215,Delphinus delphis,189865869,Delphinus delphis Inner Mediterranean subpopulation,ANIMALIA,CHORDATA,MAMMALIA,ARTIODACTYLA,DELPHINIDAE,Delphinus,delphis,Inner Mediterranean subpopulation,NA,"Linnaeus, 1758",,,
134817215,Delphinus delphis,41762,Delphinus delphis Mediterranean subpopulation,ANIMALIA,CHORDATA,MAMMALIA,ARTIODACTYLA,DELPHINIDAE,Delphinus,delphis,Mediterranean subpopulation,NA,"Linnaeus, 1758",,,
62256,Trionyx triunguis,22200,Trionyx triunguis Mediterranean subpopulation,ANIMALIA,CHORDATA,REPTILIA,TESTUDINES,TRIONYCHIDAE,Trionyx,triunguis,Mediterranean subpopulation,NA,"(Forsskål, 1775)",,,
