rgn_id,rgn_name,year,data_source,arrivals_gf
5,New Caledonia,2008,UNWTO,NA
5,New Caledonia,2009,UNWTO,NA
5,New Caledonia,2010,UNWTO,NA
5,New Caledonia,2011,UNWTO,NA
5,New Caledonia,2012,UNWTO,NA
5,New Caledonia,2013,UNWTO,NA
5,New Caledonia,2014,UNWTO,NA
5,New Caledonia,2015,UNWTO,NA
5,New Caledonia,2016,UNWTO,NA
5,New Caledonia,2017,UNWTO,NA
5,New Caledonia,2018,UNWTO,NA
5,New Caledonia,2019,UNWTO,NA
5,NA,2020,2020:2022 gapfill,gapfilled
5,New Caledonia,2020,UNWTO,NA
5,NA,2021,2020:2022 gapfill,gapfilled
5,New Caledonia,2021,UNWTO,NA
5,NA,2022,2020:2022 gapfill,gapfilled
5,New Caledonia,2022,UNWTO,NA
6,Vanuatu,2008,UNWTO,NA
6,Vanuatu,2009,UNWTO,NA
6,Vanuatu,2010,UNWTO,NA
6,Vanuatu,2011,UNWTO,NA
6,Vanuatu,2012,UNWTO,NA
6,Vanuatu,2013,UNWTO,NA
6,Vanuatu,2014,UNWTO,NA
6,Vanuatu,2015,UNWTO,NA
6,Vanuatu,2016,UNWTO,NA
6,Vanuatu,2017,UNWTO,NA
6,Vanuatu,2018,UNWTO,NA
6,Vanuatu,2019,UNWTO,NA
6,NA,2020,2020:2022 gapfill,gapfilled
6,Vanuatu,2020,UNWTO,NA
6,NA,2021,2020:2022 gapfill,gapfilled
6,Vanuatu,2022,UNWTO,NA
7,Solomon Islands,2008,UNWTO,NA
7,Solomon Islands,2009,UNWTO,NA
7,Solomon Islands,2010,UNWTO,NA
7,Solomon Islands,2011,UNWTO,NA
7,Solomon Islands,2012,UNWTO,NA
7,Solomon Islands,2013,UNWTO,NA
7,Solomon Islands,2014,UNWTO,NA
7,Solomon Islands,2015,UNWTO,NA
7,Solomon Islands,2016,UNWTO,NA
7,Solomon Islands,2017,UNWTO,NA
7,Solomon Islands,2018,UNWTO,NA
7,Solomon Islands,2019,UNWTO,NA
7,NA,2020,2020:2022 gapfill,gapfilled
7,Solomon Islands,2020,UNWTO,NA
7,NA,2021,2020:2022 gapfill,gapfilled
7,Solomon Islands,2021,UNWTO,NA
7,NA,2022,2020:2022 gapfill,gapfilled
8,Palau,2008,UNWTO,NA
8,Palau,2009,UNWTO,NA
8,Palau,2010,UNWTO,NA
8,Palau,2011,UNWTO,NA
8,Palau,2012,UNWTO,NA
8,Palau,2013,UNWTO,NA
8,Palau,2014,UNWTO,NA
8,Palau,2015,UNWTO,NA
8,Palau,2016,UNWTO,NA
8,Palau,2017,UNWTO,NA
8,Palau,2018,UNWTO,NA
8,Palau,2019,UNWTO,NA
8,NA,2020,2020:2022 gapfill,gapfilled
8,Palau,2020,UNWTO,NA
8,NA,2021,2020:2022 gapfill,gapfilled
8,NA,2022,NA,NA
9,Micronesia,2008,UNWTO,NA
9,Micronesia,2009,UNWTO,NA
9,Micronesia,2010,UNWTO,NA
9,Micronesia,2011,UNWTO,NA
9,Micronesia,2012,UNWTO,NA
9,Micronesia,2013,UNWTO,NA
9,Micronesia,2014,UNWTO,NA
9,Micronesia,2015,UNWTO,NA
9,Micronesia,2016,UNWTO,NA
9,Micronesia,2017,Interpolation,gapfilled
9,Micronesia,2018,UNWTO,NA
9,Micronesia,2019,UNWTO,NA
9,NA,2020,2020:2022 gapfill,gapfilled
9,NA,2021,NA,NA
9,NA,2022,NA,NA
11,Marshall Islands,2008,UNWTO,NA
11,Marshall Islands,2009,UNWTO,NA
11,Marshall Islands,2010,UNWTO,NA
11,Marshall Islands,2011,UNWTO,NA
11,Marshall Islands,2012,UNWTO,NA
11,Marshall Islands,2013,Interpolation,gapfilled
11,Marshall Islands,2014,UNWTO,NA
11,Marshall Islands,2015,UNWTO,NA
11,Marshall Islands,2016,UNWTO,NA
11,Marshall Islands,2017,UNWTO,NA
11,Marshall Islands,2018,UNWTO,NA
11,Marshall Islands,2019,UNWTO,NA
11,NA,2020,2020:2022 gapfill,gapfilled
11,Marshall Islands,2020,UNWTO,NA
11,NA,2021,2020:2022 gapfill,gapfilled
11,Marshall Islands,2021,UNWTO,NA
11,NA,2022,2020:2022 gapfill,gapfilled
13,Northern Mariana Islands and Guam,2008,UNWTO,NA
13,Northern Mariana Islands and Guam,2009,UNWTO,NA
13,Northern Mariana Islands and Guam,2010,UNWTO,NA
13,Northern Mariana Islands and Guam,2011,UNWTO,NA
13,Northern Mariana Islands and Guam,2012,UNWTO,NA
13,Northern Mariana Islands and Guam,2013,UNWTO,NA
13,Northern Mariana Islands and Guam,2014,UNWTO,NA
13,Northern Mariana Islands and Guam,2015,UNWTO,NA
13,Northern Mariana Islands and Guam,2016,UNWTO,NA
13,Northern Mariana Islands and Guam,2017,UNWTO,NA
13,Northern Mariana Islands and Guam,2018,UNWTO,NA
13,Northern Mariana Islands and Guam,2019,UNWTO,NA
13,NA,2020,2020:2022 gapfill,gapfilled
13,Northern Mariana Islands and Guam,2020,UNWTO,NA
13,NA,2021,2020:2022 gapfill,gapfilled
13,Northern Mariana Islands and Guam,2021,UNWTO,NA
13,NA,2022,2020:2022 gapfill,gapfilled
13,Northern Mariana Islands and Guam,2022,UNWTO,NA
15,Philippines,2008,UNWTO,NA
15,Philippines,2009,UNWTO,NA
15,Philippines,2010,UNWTO,NA
15,Philippines,2011,UNWTO,NA
15,Philippines,2012,UNWTO,NA
15,Philippines,2013,UNWTO,NA
15,Philippines,2014,UNWTO,NA
15,Philippines,2015,UNWTO,NA
15,Philippines,2016,UNWTO,NA
15,Philippines,2017,UNWTO,NA
15,Philippines,2018,UNWTO,NA
15,Philippines,2019,UNWTO,NA
15,NA,2020,2020:2022 gapfill,gapfilled
15,Philippines,2020,UNWTO,NA
15,NA,2021,2020:2022 gapfill,gapfilled
15,Philippines,2021,UNWTO,NA
15,NA,2022,2020:2022 gapfill,gapfilled
15,Philippines,2022,UNWTO,NA
17,Papua New Guinea,2008,UNWTO,NA
17,Papua New Guinea,2009,UNWTO,NA
17,Papua New Guinea,2010,UNWTO,NA
17,Papua New Guinea,2011,UNWTO,NA
17,Papua New Guinea,2012,UNWTO,NA
17,Papua New Guinea,2013,UNWTO,NA
17,Papua New Guinea,2014,UNWTO,NA
17,Papua New Guinea,2015,UNWTO,NA
17,Papua New Guinea,2016,UNWTO,NA
17,Papua New Guinea,2017,UNWTO,NA
17,Papua New Guinea,2018,UNWTO,NA
17,Papua New Guinea,2019,UNWTO,NA
17,NA,2020,2020:2022 gapfill,gapfilled
17,Papua New Guinea,2020,UNWTO,NA
17,NA,2021,2020:2022 gapfill,gapfilled
17,Papua New Guinea,2021,UNWTO,NA
17,NA,2022,2020:2022 gapfill,gapfilled
17,Papua New Guinea,2022,UNWTO,NA
18,Fiji,2008,UNWTO,NA
18,Fiji,2009,UNWTO,NA
18,Fiji,2010,UNWTO,NA
18,Fiji,2011,UNWTO,NA
18,Fiji,2012,UNWTO,NA
18,Fiji,2013,UNWTO,NA
18,Fiji,2014,UNWTO,NA
18,Fiji,2015,UNWTO,NA
18,Fiji,2016,UNWTO,NA
18,Fiji,2017,UNWTO,NA
18,Fiji,2018,UNWTO,NA
18,Fiji,2019,UNWTO,NA
18,NA,2020,2020:2022 gapfill,gapfilled
18,Fiji,2020,UNWTO,NA
18,NA,2021,2020:2022 gapfill,gapfilled
18,Fiji,2021,UNWTO,NA
18,NA,2022,2020:2022 gapfill,gapfilled
18,Fiji,2022,UNWTO,NA
19,Tuvalu,2008,UNWTO,NA
19,Tuvalu,2009,UNWTO,NA
19,Tuvalu,2010,UNWTO,NA
19,Tuvalu,2011,UNWTO,NA
19,Tuvalu,2012,UNWTO,NA
19,Tuvalu,2013,UNWTO,NA
19,Tuvalu,2014,UNWTO,NA
19,Tuvalu,2015,UNWTO,NA
19,Tuvalu,2016,UNWTO,NA
19,Tuvalu,2017,UNWTO,NA
19,Tuvalu,2018,UNWTO,NA
19,Tuvalu,2019,UNWTO,NA
19,NA,2020,2020:2022 gapfill,gapfilled
19,Tuvalu,2020,UNWTO,NA
19,NA,2021,2020:2022 gapfill,gapfilled
19,Tuvalu,2021,UNWTO,NA
19,NA,2022,2020:2022 gapfill,gapfilled
19,Tuvalu,2022,UNWTO,NA
20,South Korea,2008,Upfilling,gapfilled
20,South Korea,2009,Upfilling,gapfilled
20,South Korea,2010,Upfilling,gapfilled
20,South Korea,2011,Upfilling,gapfilled
20,South Korea,2012,Upfilling,gapfilled
20,South Korea,2013,Arrivals minus same day,gapfilled
20,South Korea,2014,Arrivals minus same day,gapfilled
20,South Korea,2015,Arrivals minus same day,gapfilled
20,South Korea,2016,Arrivals minus same day,gapfilled
20,South Korea,2017,Arrivals minus same day,gapfilled
20,South Korea,2018,Arrivals minus same day,gapfilled
20,South Korea,2019,Arrivals minus same day,gapfilled
20,NA,2020,2020:2022 gapfill,gapfilled
20,South Korea,2020,Arrivals minus same day,gapfilled
20,NA,2021,2020:2022 gapfill,gapfilled
20,South Korea,2021,Arrivals minus same day,gapfilled
20,NA,2022,2020:2022 gapfill,gapfilled
20,South Korea,2022,Arrivals minus same day,gapfilled
24,Cambodia,2008,UNWTO,NA
24,Cambodia,2009,UNWTO,NA
24,Cambodia,2010,UNWTO,NA
24,Cambodia,2011,UNWTO,NA
24,Cambodia,2012,UNWTO,NA
24,Cambodia,2013,UNWTO,NA
24,Cambodia,2014,UNWTO,NA
24,Cambodia,2015,UNWTO,NA
24,Cambodia,2016,UNWTO,NA
24,Cambodia,2017,UNWTO,NA
24,Cambodia,2018,UNWTO,NA
24,Cambodia,2019,UNWTO,NA
24,NA,2020,2020:2022 gapfill,gapfilled
24,Cambodia,2020,UNWTO,NA
24,NA,2021,2020:2022 gapfill,gapfilled
24,Cambodia,2021,UNWTO,NA
24,NA,2022,2020:2022 gapfill,gapfilled
24,Cambodia,2022,UNWTO,NA
25,Thailand,2008,UNWTO,NA
25,Thailand,2009,UNWTO,NA
25,Thailand,2010,UNWTO,NA
25,Thailand,2011,UNWTO,NA
25,Thailand,2012,UNWTO,NA
25,Thailand,2013,UNWTO,NA
25,Thailand,2014,UNWTO,NA
25,Thailand,2015,UNWTO,NA
25,Thailand,2016,UNWTO,NA
25,Thailand,2017,UNWTO,NA
25,Thailand,2018,UNWTO,NA
25,Thailand,2019,UNWTO,NA
25,NA,2020,2020:2022 gapfill,gapfilled
25,Thailand,2020,UNWTO,NA
25,NA,2021,2020:2022 gapfill,gapfilled
25,Thailand,2021,UNWTO,NA
25,NA,2022,2020:2022 gapfill,gapfilled
28,Comoro Islands,2008,UNWTO,NA
28,Comoro Islands,2009,UNWTO,NA
28,Comoro Islands,2010,UNWTO,NA
28,Comoro Islands,2011,UNWTO,NA
28,Comoro Islands,2012,UNWTO,NA
28,Comoro Islands,2013,UNWTO,NA
28,Comoro Islands,2014,UNWTO,NA
28,Comoro Islands,2015,UNWTO,NA
28,Comoro Islands,2016,UNWTO,NA
28,Comoro Islands,2017,UNWTO,NA
28,Comoro Islands,2018,UNWTO,NA
28,Comoro Islands,2019,UNWTO,NA
28,NA,2020,2020:2022 gapfill,gapfilled
28,Comoro Islands,2020,UNWTO,NA
28,NA,2021,2020:2022 gapfill,gapfilled
28,Comoro Islands,2021,UNWTO,NA
28,NA,2022,2020:2022 gapfill,gapfilled
31,Seychelles,2008,UNWTO,NA
31,Seychelles,2009,UNWTO,NA
31,Seychelles,2010,UNWTO,NA
31,Seychelles,2011,UNWTO,NA
31,Seychelles,2012,UNWTO,NA
31,Seychelles,2013,UNWTO,NA
31,Seychelles,2014,UNWTO,NA
31,Seychelles,2015,UNWTO,NA
31,Seychelles,2016,UNWTO,NA
31,Seychelles,2017,UNWTO,NA
31,Seychelles,2018,UNWTO,NA
31,Seychelles,2019,UNWTO,NA
31,NA,2020,2020:2022 gapfill,gapfilled
31,Seychelles,2020,UNWTO,NA
31,NA,2021,2020:2022 gapfill,gapfilled
31,Seychelles,2021,UNWTO,NA
31,NA,2022,2020:2022 gapfill,gapfilled
31,Seychelles,2022,UNWTO,NA
32,Reunion,2008,UNWTO,NA
32,Reunion,2009,UNWTO,NA
32,Reunion,2010,UNWTO,NA
32,Reunion,2011,UNWTO,NA
32,Reunion,2012,UNWTO,NA
32,Reunion,2013,UNWTO,NA
32,Reunion,2014,UNWTO,NA
32,Reunion,2015,UNWTO,NA
32,Reunion,2016,UNWTO,NA
32,Reunion,2017,UNWTO,NA
32,Reunion,2018,UNWTO,NA
32,Reunion,2019,UNWTO,NA
32,NA,2020,2020:2022 gapfill,gapfilled
32,Reunion,2020,UNWTO,NA
32,NA,2021,2020:2022 gapfill,gapfilled
32,Reunion,2021,UNWTO,NA
32,NA,2022,2020:2022 gapfill,gapfilled
32,Reunion,2022,UNWTO,NA
37,Mauritius,2008,UNWTO,NA
37,Mauritius,2009,UNWTO,NA
37,Mauritius,2010,UNWTO,NA
37,Mauritius,2011,UNWTO,NA
37,Mauritius,2012,UNWTO,NA
37,Mauritius,2013,UNWTO,NA
37,Mauritius,2014,UNWTO,NA
37,Mauritius,2015,UNWTO,NA
37,Mauritius,2016,UNWTO,NA
37,Mauritius,2017,UNWTO,NA
37,Mauritius,2018,UNWTO,NA
37,Mauritius,2019,UNWTO,NA
37,NA,2020,2020:2022 gapfill,gapfilled
37,Mauritius,2020,UNWTO,NA
37,NA,2021,2020:2022 gapfill,gapfilled
37,Mauritius,2021,UNWTO,NA
37,NA,2022,2020:2022 gapfill,gapfilled
37,Mauritius,2022,UNWTO,NA
39,Maldives,2008,UNWTO,NA
39,Maldives,2009,UNWTO,NA
39,Maldives,2010,UNWTO,NA
39,Maldives,2011,UNWTO,NA
39,Maldives,2012,UNWTO,NA
39,Maldives,2013,UNWTO,NA
39,Maldives,2014,UNWTO,NA
39,Maldives,2015,UNWTO,NA
39,Maldives,2016,UNWTO,NA
39,Maldives,2017,UNWTO,NA
39,Maldives,2018,UNWTO,NA
39,Maldives,2019,UNWTO,NA
39,NA,2020,2020:2022 gapfill,gapfilled
39,Maldives,2020,UNWTO,NA
39,NA,2021,2020:2022 gapfill,gapfilled
39,Maldives,2021,UNWTO,NA
39,NA,2022,2020:2022 gapfill,gapfilled
39,Maldives,2022,UNWTO,NA
40,Sri Lanka,2008,UNWTO,NA
40,Sri Lanka,2009,UNWTO,NA
40,Sri Lanka,2010,UNWTO,NA
40,Sri Lanka,2011,UNWTO,NA
40,Sri Lanka,2012,UNWTO,NA
40,Sri Lanka,2013,UNWTO,NA
40,Sri Lanka,2014,UNWTO,NA
40,Sri Lanka,2015,UNWTO,NA
40,Sri Lanka,2016,UNWTO,NA
40,Sri Lanka,2017,UNWTO,NA
40,Sri Lanka,2018,UNWTO,NA
40,Sri Lanka,2019,UNWTO,NA
40,NA,2020,2020:2022 gapfill,gapfilled
40,Sri Lanka,2020,UNWTO,NA
40,NA,2021,2020:2022 gapfill,gapfilled
40,Sri Lanka,2021,UNWTO,NA
40,NA,2022,2020:2022 gapfill,gapfilled
40,Sri Lanka,2022,UNWTO,NA
41,Mozambique,2008,UNWTO,NA
41,Mozambique,2009,UNWTO,NA
41,Mozambique,2010,UNWTO,NA
41,Mozambique,2011,UNWTO,NA
41,Mozambique,2012,UNWTO,NA
41,Mozambique,2013,UNWTO,NA
41,Mozambique,2014,UNWTO,NA
41,Mozambique,2015,UNWTO,NA
41,Mozambique,2016,UNWTO,NA
41,Mozambique,2017,UNWTO,NA
41,Mozambique,2018,UNWTO,NA
41,Mozambique,2019,UNWTO,NA
41,NA,2020,2020:2022 gapfill,gapfilled
41,Mozambique,2020,UNWTO,NA
41,NA,2021,2020:2022 gapfill,gapfilled
41,Mozambique,2021,UNWTO,NA
41,NA,2022,2020:2022 gapfill,gapfilled
42,Madagascar,2008,UNWTO,NA
42,Madagascar,2009,UNWTO,NA
42,Madagascar,2010,UNWTO,NA
42,Madagascar,2011,UNWTO,NA
42,Madagascar,2012,UNWTO,NA
42,Madagascar,2013,UNWTO,NA
42,Madagascar,2014,UNWTO,NA
42,Madagascar,2015,UNWTO,NA
42,Madagascar,2016,UNWTO,NA
42,Madagascar,2017,UNWTO,NA
42,Madagascar,2018,UNWTO,NA
42,Madagascar,2019,UNWTO,NA
42,NA,2020,2020:2022 gapfill,gapfilled
42,Madagascar,2020,UNWTO,NA
42,NA,2021,2020:2022 gapfill,gapfilled
42,Madagascar,2021,UNWTO,NA
42,NA,2022,2020:2022 gapfill,gapfilled
43,Kenya,2008,UNWTO,NA
43,Kenya,2009,UNWTO,NA
43,Kenya,2010,UNWTO,NA
43,Kenya,2011,UNWTO,NA
43,Kenya,2012,UNWTO,NA
43,Kenya,2013,UNWTO,NA
43,Kenya,2014,UNWTO,NA
43,Kenya,2015,UNWTO,NA
43,Kenya,2016,UNWTO,NA
43,Kenya,2017,UNWTO,NA
43,NA,2018,NA,NA
43,NA,2019,NA,NA
43,NA,2020,NA,NA
43,NA,2021,NA,NA
43,NA,2022,NA,NA
46,Djibouti,2008,UNWTO,NA
46,Djibouti,2009,UNWTO,NA
46,Djibouti,2010,UNWTO,NA
46,Djibouti,2011,UNWTO,NA
46,Djibouti,2012,UNWTO,NA
46,Djibouti,2013,UNWTO,NA
46,Djibouti,2014,Interpolation,gapfilled
46,Djibouti,2015,Interpolation,gapfilled
46,Djibouti,2016,Interpolation,gapfilled
46,Djibouti,2017,UNWTO,NA
46,Djibouti,2018,UNWTO,NA
46,Djibouti,2019,UNWTO,NA
46,NA,2020,2020:2022 gapfill,gapfilled
46,Djibouti,2020,UNWTO,NA
46,NA,2021,2020:2022 gapfill,gapfilled
46,Djibouti,2021,UNWTO,NA
46,NA,2022,2020:2022 gapfill,gapfilled
46,Djibouti,2022,UNWTO,NA
47,Yemen,2008,UNWTO,NA
47,Yemen,2009,UNWTO,NA
47,Yemen,2010,UNWTO,NA
47,Yemen,2011,UNWTO,NA
47,Yemen,2012,UNWTO,NA
47,Yemen,2013,UNWTO,NA
47,Yemen,2014,UNWTO,NA
47,Yemen,2015,UNWTO,NA
47,NA,2016,NA,NA
47,NA,2017,NA,NA
47,NA,2018,NA,NA
47,NA,2019,NA,NA
47,NA,2020,NA,NA
47,NA,2021,NA,NA
47,NA,2022,NA,NA
48,Oman,2008,UNWTO,NA
48,Oman,2009,UNWTO,NA
48,Oman,2010,UNWTO,NA
48,Oman,2011,UNWTO,NA
48,Oman,2012,UNWTO,NA
48,Oman,2013,UNWTO,NA
48,Oman,2014,UNWTO,NA
48,Oman,2015,UNWTO,NA
48,Oman,2016,UNWTO,NA
48,Oman,2017,UNWTO,NA
48,Oman,2018,UNWTO,NA
48,Oman,2019,UNWTO,NA
48,NA,2020,2020:2022 gapfill,gapfilled
48,Oman,2020,UNWTO,NA
48,NA,2021,2020:2022 gapfill,gapfilled
48,Oman,2021,UNWTO,NA
48,NA,2022,2020:2022 gapfill,gapfilled
48,Oman,2022,UNWTO,NA
49,Sudan,2008,UNWTO,NA
49,Sudan,2009,UNWTO,NA
49,Sudan,2010,UNWTO,NA
49,Sudan,2011,UNWTO,NA
49,Sudan,2012,UNWTO,NA
49,Sudan,2013,UNWTO,NA
49,Sudan,2014,UNWTO,NA
49,Sudan,2015,UNWTO,NA
49,Sudan,2016,UNWTO,NA
49,Sudan,2017,UNWTO,NA
49,Sudan,2018,UNWTO,NA
49,NA,2019,NA,NA
49,NA,2020,NA,NA
49,NA,2021,NA,NA
49,NA,2022,NA,NA
50,Saudi Arabia,2008,UNWTO,NA
50,Saudi Arabia,2009,UNWTO,NA
50,Saudi Arabia,2010,UNWTO,NA
50,Saudi Arabia,2011,UNWTO,NA
50,Saudi Arabia,2012,UNWTO,NA
50,Saudi Arabia,2013,UNWTO,NA
50,Saudi Arabia,2014,UNWTO,NA
50,Saudi Arabia,2015,UNWTO,NA
50,Saudi Arabia,2016,UNWTO,NA
50,Saudi Arabia,2017,UNWTO,NA
50,Saudi Arabia,2018,UNWTO,NA
50,Saudi Arabia,2019,UNWTO,NA
50,NA,2020,2020:2022 gapfill,gapfilled
50,Saudi Arabia,2020,UNWTO,NA
50,NA,2021,2020:2022 gapfill,gapfilled
50,Saudi Arabia,2021,UNWTO,NA
50,NA,2022,2020:2022 gapfill,gapfilled
50,Saudi Arabia,2022,UNWTO,NA
51,Kuwait,2008,UNWTO,NA
51,Kuwait,2009,UNWTO,NA
51,Kuwait,2010,UNWTO,NA
51,Kuwait,2011,UNWTO,NA
51,Kuwait,2012,UNWTO,NA
51,Kuwait,2013,UNWTO,NA
51,Kuwait,2014,UNWTO,NA
51,Kuwait,2015,UNWTO,NA
51,Kuwait,2016,UNWTO,NA
51,Kuwait,2017,UNWTO,NA
51,Kuwait,2018,UNWTO,NA
51,Kuwait,2019,UNWTO,NA
51,NA,2020,2020:2022 gapfill,gapfilled
51,Kuwait,2020,UNWTO,NA
51,NA,2021,2020:2022 gapfill,gapfilled
51,Kuwait,2021,UNWTO,NA
51,NA,2022,2020:2022 gapfill,gapfilled
52,Bahrain,2008,Interpolation,gapfilled
52,Bahrain,2009,Interpolation,gapfilled
52,Bahrain,2010,Interpolation,gapfilled
52,Bahrain,2011,Interpolation,gapfilled
52,Bahrain,2012,Interpolation,gapfilled
52,Bahrain,2013,Interpolation,gapfilled
52,Bahrain,2014,Interpolation,gapfilled
52,Bahrain,2015,UNWTO,NA
52,Bahrain,2016,UNWTO,NA
52,Bahrain,2017,UNWTO,NA
52,Bahrain,2018,UNWTO,NA
52,Bahrain,2019,UNWTO,NA
52,NA,2020,2020:2022 gapfill,gapfilled
52,Bahrain,2020,UNWTO,NA
52,NA,2021,2020:2022 gapfill,gapfilled
52,Bahrain,2021,UNWTO,NA
52,NA,2022,2020:2022 gapfill,gapfilled
52,Bahrain,2022,UNWTO,NA
53,Pakistan,2008,UNWTO,NA
53,Pakistan,2009,UNWTO,NA
53,Pakistan,2010,UNWTO,NA
53,Pakistan,2011,UNWTO,NA
53,Pakistan,2012,UNWTO,NA
53,NA,2013,NA,NA
53,NA,2014,NA,NA
53,NA,2015,NA,NA
53,NA,2016,NA,NA
53,NA,2017,NA,NA
53,NA,2018,NA,NA
53,NA,2019,NA,NA
53,NA,2020,NA,NA
53,NA,2021,NA,NA
53,NA,2022,NA,NA
54,United Arab Emirates,2008,Interpolation,gapfilled
54,United Arab Emirates,2009,Interpolation,gapfilled
54,United Arab Emirates,2010,Interpolation,gapfilled
54,United Arab Emirates,2011,Interpolation,gapfilled
54,United Arab Emirates,2012,Interpolation,gapfilled
54,United Arab Emirates,2013,Interpolation,gapfilled
54,United Arab Emirates,2014,UNWTO,NA
54,United Arab Emirates,2015,UNWTO,NA
54,United Arab Emirates,2016,UNWTO,NA
54,United Arab Emirates,2017,UNWTO,NA
54,United Arab Emirates,2018,UNWTO,NA
54,United Arab Emirates,2019,UNWTO,NA
54,NA,2020,2020:2022 gapfill,gapfilled
54,United Arab Emirates,2020,UNWTO,NA
54,NA,2021,2020:2022 gapfill,gapfilled
54,United Arab Emirates,2021,UNWTO,NA
54,NA,2022,2020:2022 gapfill,gapfilled
56,Cape Verde,2008,UNWTO,NA
56,Cape Verde,2009,UNWTO,NA
56,Cape Verde,2010,UNWTO,NA
56,Cape Verde,2011,UNWTO,NA
56,Cape Verde,2012,UNWTO,NA
56,Cape Verde,2013,UNWTO,NA
56,Cape Verde,2014,UNWTO,NA
56,Cape Verde,2015,UNWTO,NA
56,Cape Verde,2016,UNWTO,NA
56,Cape Verde,2017,UNWTO,NA
56,Cape Verde,2018,UNWTO,NA
56,Cape Verde,2019,UNWTO,NA
56,NA,2020,2020:2022 gapfill,gapfilled
56,Cape Verde,2020,UNWTO,NA
56,NA,2021,2020:2022 gapfill,gapfilled
56,Cape Verde,2021,UNWTO,NA
56,NA,2022,2020:2022 gapfill,gapfilled
56,Cape Verde,2022,UNWTO,NA
59,Belgium,2008,UNWTO,NA
59,Belgium,2009,UNWTO,NA
59,Belgium,2010,UNWTO,NA
59,Belgium,2011,UNWTO,NA
59,Belgium,2012,UNWTO,NA
59,Belgium,2013,UNWTO,NA
59,Belgium,2014,UNWTO,NA
59,Belgium,2015,UNWTO,NA
59,Belgium,2016,UNWTO,NA
59,Belgium,2017,UNWTO,NA
59,Belgium,2018,UNWTO,NA
59,Belgium,2019,UNWTO,NA
59,NA,2020,2020:2022 gapfill,gapfilled
59,Belgium,2020,UNWTO,NA
59,NA,2021,2020:2022 gapfill,gapfilled
59,Belgium,2021,UNWTO,NA
59,NA,2022,2020:2022 gapfill,gapfilled
59,Belgium,2022,UNWTO,NA
61,Tunisia,2008,UNWTO,NA
61,Tunisia,2009,UNWTO,NA
61,Tunisia,2010,UNWTO,NA
61,Tunisia,2011,UNWTO,NA
61,Tunisia,2012,UNWTO,NA
61,Tunisia,2013,UNWTO,NA
61,Tunisia,2014,UNWTO,NA
61,Tunisia,2015,UNWTO,NA
61,Tunisia,2016,UNWTO,NA
61,Tunisia,2017,UNWTO,NA
61,Tunisia,2018,UNWTO,NA
61,Tunisia,2019,UNWTO,NA
61,NA,2020,2020:2022 gapfill,gapfilled
61,Tunisia,2020,UNWTO,NA
61,NA,2021,2020:2022 gapfill,gapfilled
61,Tunisia,2021,UNWTO,NA
61,NA,2022,2020:2022 gapfill,gapfilled
61,Tunisia,2022,UNWTO,NA
62,Morocco,2008,UNWTO,NA
62,Morocco,2009,UNWTO,NA
62,Morocco,2010,UNWTO,NA
62,Morocco,2011,UNWTO,NA
62,Morocco,2012,UNWTO,NA
62,Morocco,2013,UNWTO,NA
62,Morocco,2014,UNWTO,NA
62,Morocco,2015,UNWTO,NA
62,Morocco,2016,UNWTO,NA
62,Morocco,2017,UNWTO,NA
62,Morocco,2018,UNWTO,NA
62,Morocco,2019,UNWTO,NA
62,NA,2020,2020:2022 gapfill,gapfilled
62,Morocco,2020,UNWTO,NA
62,NA,2021,2020:2022 gapfill,gapfilled
62,Morocco,2021,UNWTO,NA
62,NA,2022,2020:2022 gapfill,gapfilled
62,Morocco,2022,UNWTO,NA
65,Gambia,2008,UNWTO,NA
65,Gambia,2009,UNWTO,NA
65,Gambia,2010,UNWTO,NA
65,Gambia,2011,UNWTO,NA
65,Gambia,2012,UNWTO,NA
65,Gambia,2013,UNWTO,NA
65,Gambia,2014,UNWTO,NA
65,Gambia,2015,UNWTO,NA
65,Gambia,2016,UNWTO,NA
65,Gambia,2017,UNWTO,NA
65,Gambia,2018,UNWTO,NA
65,Gambia,2019,UNWTO,NA
65,NA,2020,2020:2022 gapfill,gapfilled
65,Gambia,2020,UNWTO,NA
65,NA,2021,2020:2022 gapfill,gapfilled
65,Gambia,2021,UNWTO,NA
65,NA,2022,2020:2022 gapfill,gapfilled
65,Gambia,2022,UNWTO,NA
66,Senegal,2008,UNWTO,NA
66,Senegal,2009,UNWTO,NA
66,Senegal,2010,UNWTO,NA
66,Senegal,2011,UNWTO,NA
66,Senegal,2012,UNWTO,NA
66,Senegal,2013,UNWTO,NA
66,Senegal,2014,UNWTO,NA
66,Senegal,2015,UNWTO,NA
66,Senegal,2016,UNWTO,NA
66,Senegal,2017,UNWTO,NA
66,NA,2018,NA,NA
66,NA,2019,NA,NA
66,NA,2020,NA,NA
66,NA,2021,NA,NA
66,NA,2022,NA,NA
67,Libya,2008,UNWTO,NA
67,NA,2009,NA,NA
67,NA,2010,NA,NA
67,NA,2011,NA,NA
67,NA,2012,NA,NA
67,NA,2013,NA,NA
67,NA,2014,NA,NA
67,NA,2015,NA,NA
67,NA,2016,NA,NA
67,NA,2017,NA,NA
67,NA,2018,NA,NA
67,NA,2019,NA,NA
67,NA,2020,NA,NA
67,NA,2021,NA,NA
67,NA,2022,NA,NA
68,Malta,2008,UNWTO,NA
68,Malta,2009,UNWTO,NA
68,Malta,2010,UNWTO,NA
68,Malta,2011,UNWTO,NA
68,Malta,2012,UNWTO,NA
68,Malta,2013,UNWTO,NA
68,Malta,2014,UNWTO,NA
68,Malta,2015,UNWTO,NA
68,Malta,2016,UNWTO,NA
68,Malta,2017,UNWTO,NA
68,Malta,2018,UNWTO,NA
68,Malta,2019,UNWTO,NA
68,NA,2020,2020:2022 gapfill,gapfilled
68,Malta,2020,UNWTO,NA
68,NA,2021,2020:2022 gapfill,gapfilled
68,Malta,2021,UNWTO,NA
68,NA,2022,2020:2022 gapfill,gapfilled
68,Malta,2022,UNWTO,NA
69,Latvia,2008,UNWTO,NA
69,Latvia,2009,UNWTO,NA
69,Latvia,2010,UNWTO,NA
69,Latvia,2011,UNWTO,NA
69,Latvia,2012,UNWTO,NA
69,Latvia,2013,UNWTO,NA
69,Latvia,2014,UNWTO,NA
69,Latvia,2015,UNWTO,NA
69,Latvia,2016,UNWTO,NA
69,Latvia,2017,UNWTO,NA
69,Latvia,2018,UNWTO,NA
69,Latvia,2019,UNWTO,NA
69,NA,2020,2020:2022 gapfill,gapfilled
69,Latvia,2020,UNWTO,NA
69,NA,2021,2020:2022 gapfill,gapfilled
69,Latvia,2021,UNWTO,NA
69,NA,2022,2020:2022 gapfill,gapfilled
70,Estonia,2008,UNWTO,NA
70,Estonia,2009,UNWTO,NA
70,Estonia,2010,UNWTO,NA
70,Estonia,2011,UNWTO,NA
70,Estonia,2012,UNWTO,NA
70,Estonia,2013,UNWTO,NA
70,Estonia,2014,UNWTO,NA
70,Estonia,2015,UNWTO,NA
70,Estonia,2016,UNWTO,NA
70,Estonia,2017,UNWTO,NA
70,Estonia,2018,UNWTO,NA
70,Estonia,2019,UNWTO,NA
70,NA,2020,2020:2022 gapfill,gapfilled
70,Estonia,2020,UNWTO,NA
70,NA,2021,2020:2022 gapfill,gapfilled
70,Estonia,2021,UNWTO,NA
70,NA,2022,2020:2022 gapfill,gapfilled
70,Estonia,2022,UNWTO,NA
71,Bulgaria,2008,UNWTO,NA
71,Bulgaria,2009,UNWTO,NA
71,Bulgaria,2010,UNWTO,NA
71,Bulgaria,2011,UNWTO,NA
71,Bulgaria,2012,UNWTO,NA
71,Bulgaria,2013,UNWTO,NA
71,Bulgaria,2014,UNWTO,NA
71,Bulgaria,2015,UNWTO,NA
71,Bulgaria,2016,UNWTO,NA
71,Bulgaria,2017,UNWTO,NA
71,Bulgaria,2018,UNWTO,NA
71,Bulgaria,2019,UNWTO,NA
71,NA,2020,2020:2022 gapfill,gapfilled
71,Bulgaria,2020,UNWTO,NA
71,NA,2021,2020:2022 gapfill,gapfilled
71,Bulgaria,2021,UNWTO,NA
71,NA,2022,2020:2022 gapfill,gapfilled
71,Bulgaria,2022,UNWTO,NA
73,Russia,2008,Arrivals minus same day,gapfilled
73,Russia,2009,Arrivals minus same day,gapfilled
73,Russia,2010,Arrivals minus same day,gapfilled
73,Russia,2011,Arrivals minus same day,gapfilled
73,Russia,2012,Arrivals minus same day,gapfilled
73,Russia,2013,Arrivals minus same day,gapfilled
73,Russia,2014,Interpolation,gapfilled
73,Russia,2015,Arrivals minus same day,gapfilled
73,NA,2016,NA,NA
73,NA,2017,NA,NA
73,NA,2018,NA,NA
73,NA,2019,NA,NA
73,NA,2020,NA,NA
73,NA,2021,NA,NA
73,NA,2022,NA,NA
74,Georgia,2008,Upfilling,gapfilled
74,Georgia,2009,Upfilling,gapfilled
74,Georgia,2010,UNWTO,NA
74,Georgia,2011,UNWTO,NA
74,Georgia,2012,UNWTO,NA
74,Georgia,2013,UNWTO,NA
74,Georgia,2014,UNWTO,NA
74,Georgia,2015,UNWTO,NA
74,Georgia,2016,UNWTO,NA
74,Georgia,2017,UNWTO,NA
74,Georgia,2018,UNWTO,NA
74,Georgia,2019,UNWTO,NA
74,NA,2020,2020:2022 gapfill,gapfilled
74,Georgia,2020,UNWTO,NA
74,NA,2021,2020:2022 gapfill,gapfilled
74,Georgia,2021,UNWTO,NA
74,NA,2022,2020:2022 gapfill,gapfilled
74,Georgia,2022,UNWTO,NA
75,Ukraine,2008,UNWTO,NA
75,Ukraine,2009,UNWTO,NA
75,Ukraine,2010,UNWTO,NA
75,Ukraine,2011,UNWTO,NA
75,Ukraine,2012,UNWTO,NA
75,Ukraine,2013,UNWTO,NA
75,Ukraine,2014,UNWTO,NA
75,Ukraine,2015,UNWTO,NA
75,Ukraine,2016,UNWTO,NA
75,Ukraine,2017,UNWTO,NA
75,Ukraine,2018,UNWTO,NA
75,Ukraine,2019,UNWTO,NA
75,NA,2020,2020:2022 gapfill,gapfilled
75,Ukraine,2020,UNWTO,NA
75,NA,2021,2020:2022 gapfill,gapfilled
75,Ukraine,2021,UNWTO,NA
75,NA,2022,2020:2022 gapfill,gapfilled
75,Ukraine,2022,UNWTO,NA
76,Turkey,2008,UNWTO,NA
76,Turkey,2009,UNWTO,NA
76,Turkey,2010,UNWTO,NA
76,Turkey,2011,UNWTO,NA
76,Turkey,2012,UNWTO,NA
76,Turkey,2013,UNWTO,NA
76,Turkey,2014,UNWTO,NA
76,Turkey,2015,UNWTO,NA
76,Turkey,2016,UNWTO,NA
76,Turkey,2017,UNWTO,NA
76,Turkey,2018,UNWTO,NA
76,Turkey,2019,UNWTO,NA
76,NA,2020,2020:2022 gapfill,gapfilled
76,Turkey,2020,UNWTO,NA
76,NA,2021,2020:2022 gapfill,gapfilled
76,Turkey,2021,UNWTO,NA
76,NA,2022,2020:2022 gapfill,gapfilled
76,Turkey,2022,UNWTO,NA
77,Syria,2008,UNWTO,NA
77,Syria,2009,UNWTO,NA
77,Syria,2010,UNWTO,NA
77,Syria,2011,UNWTO,NA
77,NA,2012,NA,NA
77,NA,2013,NA,NA
77,NA,2014,NA,NA
77,NA,2015,NA,NA
77,NA,2016,NA,NA
77,NA,2017,NA,NA
77,NA,2018,NA,NA
77,NA,2019,NA,NA
77,NA,2020,NA,NA
77,NA,2021,NA,NA
77,NA,2022,NA,NA
78,Lebanon,2008,UNWTO,NA
78,Lebanon,2009,UNWTO,NA
78,Lebanon,2010,UNWTO,NA
78,Lebanon,2011,UNWTO,NA
78,Lebanon,2012,UNWTO,NA
78,Lebanon,2013,UNWTO,NA
78,Lebanon,2014,UNWTO,NA
78,Lebanon,2015,UNWTO,NA
78,Lebanon,2016,UNWTO,NA
78,Lebanon,2017,UNWTO,NA
78,Lebanon,2018,UNWTO,NA
78,Lebanon,2019,UNWTO,NA
78,NA,2020,2020:2022 gapfill,gapfilled
78,Lebanon,2020,UNWTO,NA
78,NA,2021,2020:2022 gapfill,gapfilled
78,Lebanon,2021,UNWTO,NA
78,NA,2022,2020:2022 gapfill,gapfilled
78,Lebanon,2022,UNWTO,NA
79,Israel,2008,UNWTO,NA
79,Israel,2009,UNWTO,NA
79,Israel,2010,UNWTO,NA
79,Israel,2011,UNWTO,NA
79,Israel,2012,UNWTO,NA
79,Israel,2013,UNWTO,NA
79,Israel,2014,UNWTO,NA
79,Israel,2015,UNWTO,NA
79,Israel,2016,UNWTO,NA
79,Israel,2017,UNWTO,NA
79,Israel,2018,UNWTO,NA
79,Israel,2019,UNWTO,NA
79,NA,2020,2020:2022 gapfill,gapfilled
79,Israel,2020,UNWTO,NA
79,NA,2021,2020:2022 gapfill,gapfilled
79,Israel,2021,UNWTO,NA
79,NA,2022,2020:2022 gapfill,gapfilled
79,Israel,2022,UNWTO,NA
80,Greece,2008,UNWTO,NA
80,Greece,2009,UNWTO,NA
80,Greece,2010,UNWTO,NA
80,Greece,2011,UNWTO,NA
80,Greece,2012,UNWTO,NA
80,Greece,2013,UNWTO,NA
80,Greece,2014,UNWTO,NA
80,Greece,2015,UNWTO,NA
80,Greece,2016,UNWTO,NA
80,Greece,2017,UNWTO,NA
80,Greece,2018,UNWTO,NA
80,Greece,2019,UNWTO,NA
80,NA,2020,2020:2022 gapfill,gapfilled
80,Greece,2020,UNWTO,NA
80,NA,2021,2020:2022 gapfill,gapfilled
80,Greece,2021,UNWTO,NA
80,NA,2022,2020:2022 gapfill,gapfilled
80,Greece,2022,UNWTO,NA
81,Cyprus,2008,UNWTO,NA
81,Cyprus,2009,UNWTO,NA
81,Cyprus,2010,UNWTO,NA
81,Cyprus,2011,UNWTO,NA
81,Cyprus,2012,UNWTO,NA
81,Cyprus,2013,UNWTO,NA
81,Cyprus,2014,UNWTO,NA
81,Cyprus,2015,UNWTO,NA
81,Cyprus,2016,UNWTO,NA
81,Cyprus,2017,UNWTO,NA
81,Cyprus,2018,UNWTO,NA
81,Cyprus,2019,UNWTO,NA
81,NA,2020,2020:2022 gapfill,gapfilled
81,Cyprus,2020,UNWTO,NA
81,NA,2021,2020:2022 gapfill,gapfilled
81,Cyprus,2021,UNWTO,NA
81,NA,2022,2020:2022 gapfill,gapfilled
82,Albania,2008,UNWTO,NA
82,Albania,2009,UNWTO,NA
82,Albania,2010,UNWTO,NA
82,Albania,2011,UNWTO,NA
82,Albania,2012,UNWTO,NA
82,Albania,2013,UNWTO,NA
82,Albania,2014,UNWTO,NA
82,Albania,2015,UNWTO,NA
82,Albania,2016,UNWTO,NA
82,Albania,2017,UNWTO,NA
82,Albania,2018,UNWTO,NA
82,Albania,2019,UNWTO,NA
82,NA,2020,2020:2022 gapfill,gapfilled
82,Albania,2020,UNWTO,NA
82,NA,2021,2020:2022 gapfill,gapfilled
82,Albania,2021,UNWTO,NA
82,NA,2022,2020:2022 gapfill,gapfilled
82,Albania,2022,UNWTO,NA
96,Sierra Leone,2008,UNWTO,NA
96,Sierra Leone,2009,UNWTO,NA
96,Sierra Leone,2010,UNWTO,NA
96,Sierra Leone,2011,UNWTO,NA
96,Sierra Leone,2012,UNWTO,NA
96,Sierra Leone,2013,UNWTO,NA
96,Sierra Leone,2014,UNWTO,NA
96,Sierra Leone,2015,UNWTO,NA
96,Sierra Leone,2016,UNWTO,NA
96,Sierra Leone,2017,UNWTO,NA
96,Sierra Leone,2018,UNWTO,NA
96,Sierra Leone,2019,UNWTO,NA
96,NA,2020,2020:2022 gapfill,gapfilled
96,Sierra Leone,2020,UNWTO,NA
96,NA,2021,2020:2022 gapfill,gapfilled
96,Sierra Leone,2021,UNWTO,NA
96,NA,2022,2020:2022 gapfill,gapfilled
98,Togo,2008,UNWTO,NA
98,Togo,2009,UNWTO,NA
98,Togo,2010,UNWTO,NA
98,Togo,2011,UNWTO,NA
98,Togo,2012,UNWTO,NA
98,Togo,2013,UNWTO,NA
98,Togo,2014,UNWTO,NA
98,Togo,2015,UNWTO,NA
98,Togo,2016,UNWTO,NA
98,Togo,2017,UNWTO,NA
98,Togo,2018,UNWTO,NA
98,Togo,2019,UNWTO,NA
98,NA,2020,2020:2022 gapfill,gapfilled
98,Togo,2020,UNWTO,NA
98,NA,2021,2020:2022 gapfill,gapfilled
98,NA,2022,NA,NA
99,Benin,2008,UNWTO,NA
99,Benin,2009,UNWTO,NA
99,Benin,2010,UNWTO,NA
99,Benin,2011,UNWTO,NA
99,Benin,2012,UNWTO,NA
99,Benin,2013,UNWTO,NA
99,Benin,2014,UNWTO,NA
99,Benin,2015,UNWTO,NA
99,Benin,2016,UNWTO,NA
99,Benin,2017,UNWTO,NA
99,Benin,2018,UNWTO,NA
99,Benin,2019,UNWTO,NA
99,NA,2020,2020:2022 gapfill,gapfilled
99,Benin,2020,UNWTO,NA
99,NA,2021,2020:2022 gapfill,gapfilled
99,NA,2022,NA,NA
100,Republique du Congo,2008,UNWTO,NA
100,Republique du Congo,2009,UNWTO,NA
100,Republique du Congo,2010,UNWTO,NA
100,Republique du Congo,2011,UNWTO,NA
100,Republique du Congo,2012,UNWTO,NA
100,Republique du Congo,2013,UNWTO,NA
100,Republique du Congo,2014,UNWTO,NA
100,Republique du Congo,2015,UNWTO,NA
100,Republique du Congo,2016,UNWTO,NA
100,Republique du Congo,2017,UNWTO,NA
100,Republique du Congo,2018,UNWTO,NA
100,NA,2019,NA,NA
100,NA,2020,NA,NA
100,NA,2021,NA,NA
100,NA,2022,NA,NA
101,Namibia,2008,UNWTO,NA
101,Namibia,2009,UNWTO,NA
101,Namibia,2010,UNWTO,NA
101,Namibia,2011,UNWTO,NA
101,Namibia,2012,UNWTO,NA
101,Namibia,2013,UNWTO,NA
101,Namibia,2014,UNWTO,NA
101,Namibia,2015,UNWTO,NA
101,Namibia,2016,UNWTO,NA
101,Namibia,2017,UNWTO,NA
101,Namibia,2018,UNWTO,NA
101,Namibia,2019,UNWTO,NA
101,NA,2020,2020:2022 gapfill,gapfilled
101,Namibia,2020,UNWTO,NA
101,NA,2021,2020:2022 gapfill,gapfilled
101,Namibia,2021,UNWTO,NA
101,NA,2022,2020:2022 gapfill,gapfilled
101,Namibia,2022,UNWTO,NA
102,South Africa,2008,UNWTO,NA
102,South Africa,2009,UNWTO,NA
102,South Africa,2010,UNWTO,NA
102,South Africa,2011,UNWTO,NA
102,South Africa,2012,UNWTO,NA
102,South Africa,2013,UNWTO,NA
102,South Africa,2014,UNWTO,NA
102,South Africa,2015,UNWTO,NA
102,South Africa,2016,UNWTO,NA
102,South Africa,2017,UNWTO,NA
102,South Africa,2018,UNWTO,NA
102,South Africa,2019,UNWTO,NA
102,NA,2020,2020:2022 gapfill,gapfilled
102,South Africa,2020,UNWTO,NA
102,NA,2021,2020:2022 gapfill,gapfilled
102,South Africa,2021,UNWTO,NA
102,NA,2022,2020:2022 gapfill,gapfilled
102,South Africa,2022,UNWTO,NA
103,Sao Tome and Principe,2008,UNWTO,NA
103,Sao Tome and Principe,2009,UNWTO,NA
103,Sao Tome and Principe,2010,UNWTO,NA
103,Sao Tome and Principe,2011,UNWTO,NA
103,Sao Tome and Principe,2012,Interpolation,gapfilled
103,Sao Tome and Principe,2013,Interpolation,gapfilled
103,Sao Tome and Principe,2014,Interpolation,gapfilled
103,Sao Tome and Principe,2015,UNWTO,NA
103,Sao Tome and Principe,2016,UNWTO,NA
103,Sao Tome and Principe,2017,UNWTO,NA
103,Sao Tome and Principe,2018,UNWTO,NA
103,Sao Tome and Principe,2019,UNWTO,NA
103,NA,2020,2020:2022 gapfill,gapfilled
103,Sao Tome and Principe,2020,UNWTO,NA
103,NA,2021,2020:2022 gapfill,gapfilled
103,Sao Tome and Principe,2021,UNWTO,NA
103,NA,2022,2020:2022 gapfill,gapfilled
106,Ghana,2008,UNWTO,NA
106,Ghana,2009,UNWTO,NA
106,Ghana,2010,UNWTO,NA
106,Ghana,2011,UNWTO,NA
106,Ghana,2012,UNWTO,NA
106,Ghana,2013,UNWTO,NA
106,Ghana,2014,UNWTO,NA
106,Ghana,2015,UNWTO,NA
106,Ghana,2016,UNWTO,NA
106,Ghana,2017,UNWTO,NA
106,Ghana,2018,UNWTO,NA
106,Ghana,2019,UNWTO,NA
106,NA,2020,2020:2022 gapfill,gapfilled
106,Ghana,2020,UNWTO,NA
106,NA,2021,2020:2022 gapfill,gapfilled
106,Ghana,2021,UNWTO,NA
106,NA,2022,2020:2022 gapfill,gapfilled
106,Ghana,2022,UNWTO,NA
108,Bermuda,2008,UNWTO,NA
108,Bermuda,2009,UNWTO,NA
108,Bermuda,2010,UNWTO,NA
108,Bermuda,2011,UNWTO,NA
108,Bermuda,2012,UNWTO,NA
108,Bermuda,2013,UNWTO,NA
108,Bermuda,2014,UNWTO,NA
108,Bermuda,2015,UNWTO,NA
108,Bermuda,2016,UNWTO,NA
108,Bermuda,2017,UNWTO,NA
108,Bermuda,2018,UNWTO,NA
108,Bermuda,2019,UNWTO,NA
108,NA,2020,2020:2022 gapfill,gapfilled
108,Bermuda,2020,UNWTO,NA
108,NA,2021,2020:2022 gapfill,gapfilled
108,Bermuda,2021,UNWTO,NA
108,NA,2022,2020:2022 gapfill,gapfilled
108,Bermuda,2022,UNWTO,NA
110,Bahamas,2008,UNWTO,NA
110,Bahamas,2009,UNWTO,NA
110,Bahamas,2010,UNWTO,NA
110,Bahamas,2011,UNWTO,NA
110,Bahamas,2012,UNWTO,NA
110,Bahamas,2013,UNWTO,NA
110,Bahamas,2014,UNWTO,NA
110,Bahamas,2015,UNWTO,NA
110,Bahamas,2016,UNWTO,NA
110,Bahamas,2017,UNWTO,NA
110,Bahamas,2018,UNWTO,NA
110,Bahamas,2019,UNWTO,NA
110,NA,2020,2020:2022 gapfill,gapfilled
110,Bahamas,2020,UNWTO,NA
110,NA,2021,2020:2022 gapfill,gapfilled
110,Bahamas,2021,UNWTO,NA
110,NA,2022,2020:2022 gapfill,gapfilled
110,Bahamas,2022,UNWTO,NA
111,Turks and Caicos Islands,2008,UNWTO,NA
111,Turks and Caicos Islands,2009,UNWTO,NA
111,Turks and Caicos Islands,2010,UNWTO,NA
111,Turks and Caicos Islands,2011,UNWTO,NA
111,Turks and Caicos Islands,2012,UNWTO,NA
111,Turks and Caicos Islands,2013,UNWTO,NA
111,Turks and Caicos Islands,2014,UNWTO,NA
111,Turks and Caicos Islands,2015,UNWTO,NA
111,Turks and Caicos Islands,2016,UNWTO,NA
111,Turks and Caicos Islands,2017,UNWTO,NA
111,Turks and Caicos Islands,2018,UNWTO,NA
111,Turks and Caicos Islands,2019,UNWTO,NA
111,NA,2020,2020:2022 gapfill,gapfilled
111,Turks and Caicos Islands,2020,UNWTO,NA
111,NA,2021,2020:2022 gapfill,gapfilled
111,Turks and Caicos Islands,2021,UNWTO,NA
111,NA,2022,2020:2022 gapfill,gapfilled
112,Cuba,2008,UNWTO,NA
112,Cuba,2009,UNWTO,NA
112,Cuba,2010,UNWTO,NA
112,Cuba,2011,UNWTO,NA
112,Cuba,2012,UNWTO,NA
112,Cuba,2013,UNWTO,NA
112,Cuba,2014,UNWTO,NA
112,Cuba,2015,UNWTO,NA
112,Cuba,2016,UNWTO,NA
112,Cuba,2017,UNWTO,NA
112,Cuba,2018,UNWTO,NA
112,Cuba,2019,UNWTO,NA
112,NA,2020,2020:2022 gapfill,gapfilled
112,Cuba,2020,UNWTO,NA
112,NA,2021,2020:2022 gapfill,gapfilled
112,Cuba,2021,UNWTO,NA
112,NA,2022,2020:2022 gapfill,gapfilled
112,Cuba,2022,UNWTO,NA
113,Cayman Islands,2008,UNWTO,NA
113,Cayman Islands,2009,UNWTO,NA
113,Cayman Islands,2010,UNWTO,NA
113,Cayman Islands,2011,UNWTO,NA
113,Cayman Islands,2012,UNWTO,NA
113,Cayman Islands,2013,UNWTO,NA
113,Cayman Islands,2014,UNWTO,NA
113,Cayman Islands,2015,UNWTO,NA
113,Cayman Islands,2016,UNWTO,NA
113,Cayman Islands,2017,UNWTO,NA
113,Cayman Islands,2018,UNWTO,NA
113,Cayman Islands,2019,UNWTO,NA
113,NA,2020,2020:2022 gapfill,gapfilled
113,Cayman Islands,2020,UNWTO,NA
113,NA,2021,2020:2022 gapfill,gapfilled
113,Cayman Islands,2021,UNWTO,NA
113,NA,2022,2020:2022 gapfill,gapfilled
113,Cayman Islands,2022,UNWTO,NA
114,Haiti,2008,UNWTO,NA
114,Haiti,2009,UNWTO,NA
114,Haiti,2010,UNWTO,NA
114,Haiti,2011,UNWTO,NA
114,Haiti,2012,UNWTO,NA
114,Haiti,2013,UNWTO,NA
114,Haiti,2014,UNWTO,NA
114,Haiti,2015,UNWTO,NA
114,Haiti,2016,UNWTO,NA
114,Haiti,2017,UNWTO,NA
114,Haiti,2018,UNWTO,NA
114,Haiti,2019,UNWTO,NA
114,NA,2020,2020:2022 gapfill,gapfilled
114,Haiti,2020,UNWTO,NA
114,NA,2021,2020:2022 gapfill,gapfilled
114,Haiti,2021,UNWTO,NA
114,NA,2022,2020:2022 gapfill,gapfilled
115,Dominican Republic,2008,UNWTO,NA
115,Dominican Republic,2009,UNWTO,NA
115,Dominican Republic,2010,UNWTO,NA
115,Dominican Republic,2011,UNWTO,NA
115,Dominican Republic,2012,UNWTO,NA
115,Dominican Republic,2013,UNWTO,NA
115,Dominican Republic,2014,UNWTO,NA
115,Dominican Republic,2015,UNWTO,NA
115,Dominican Republic,2016,UNWTO,NA
115,Dominican Republic,2017,UNWTO,NA
115,Dominican Republic,2018,UNWTO,NA
115,Dominican Republic,2019,UNWTO,NA
115,NA,2020,2020:2022 gapfill,gapfilled
115,Dominican Republic,2020,UNWTO,NA
115,NA,2021,2020:2022 gapfill,gapfilled
115,Dominican Republic,2021,UNWTO,NA
115,NA,2022,2020:2022 gapfill,gapfilled
115,Dominican Republic,2022,UNWTO,NA
116,Puerto Rico and Virgin Islands of the United States,2008,UNWTO,NA
116,Puerto Rico and Virgin Islands of the United States,2009,UNWTO,NA
116,Puerto Rico and Virgin Islands of the United States,2010,UNWTO,NA
116,Puerto Rico and Virgin Islands of the United States,2011,UNWTO,NA
116,Puerto Rico and Virgin Islands of the United States,2012,UNWTO,NA
116,Puerto Rico and Virgin Islands of the United States,2013,UNWTO,NA
116,Puerto Rico and Virgin Islands of the United States,2014,UNWTO,NA
116,Puerto Rico and Virgin Islands of the United States,2015,UNWTO,NA
116,Puerto Rico and Virgin Islands of the United States,2016,UNWTO,NA
116,Puerto Rico and Virgin Islands of the United States,2017,UNWTO,NA
116,Puerto Rico and Virgin Islands of the United States,2018,UNWTO,NA
116,Puerto Rico and Virgin Islands of the United States,2019,UNWTO,NA
116,NA,2020,2020:2022 gapfill,gapfilled
116,Puerto Rico and Virgin Islands of the United States,2020,UNWTO,NA
116,NA,2021,2020:2022 gapfill,gapfilled
116,Puerto Rico and Virgin Islands of the United States,2021,UNWTO,NA
116,NA,2022,2020:2022 gapfill,gapfilled
116,Puerto Rico and Virgin Islands of the United States,2022,UNWTO,NA
117,British Virgin Islands,2008,UNWTO,NA
117,British Virgin Islands,2009,UNWTO,NA
117,British Virgin Islands,2010,UNWTO,NA
117,British Virgin Islands,2011,UNWTO,NA
117,British Virgin Islands,2012,UNWTO,NA
117,British Virgin Islands,2013,UNWTO,NA
117,British Virgin Islands,2014,UNWTO,NA
117,British Virgin Islands,2015,UNWTO,NA
117,British Virgin Islands,2016,UNWTO,NA
117,British Virgin Islands,2017,UNWTO,NA
117,British Virgin Islands,2018,UNWTO,NA
117,British Virgin Islands,2019,UNWTO,NA
117,NA,2020,2020:2022 gapfill,gapfilled
117,British Virgin Islands,2020,UNWTO,NA
117,NA,2021,2020:2022 gapfill,gapfilled
117,British Virgin Islands,2021,UNWTO,NA
117,NA,2022,2020:2022 gapfill,gapfilled
117,British Virgin Islands,2022,UNWTO,NA
118,Anguilla,2008,UNWTO,NA
118,Anguilla,2009,UNWTO,NA
118,Anguilla,2010,UNWTO,NA
118,Anguilla,2011,UNWTO,NA
118,Anguilla,2012,UNWTO,NA
118,Anguilla,2013,UNWTO,NA
118,Anguilla,2014,UNWTO,NA
118,Anguilla,2015,UNWTO,NA
118,Anguilla,2016,UNWTO,NA
118,Anguilla,2017,UNWTO,NA
118,Anguilla,2018,UNWTO,NA
118,Anguilla,2019,UNWTO,NA
118,NA,2020,2020:2022 gapfill,gapfilled
118,Anguilla,2020,UNWTO,NA
118,NA,2021,2020:2022 gapfill,gapfilled
118,Anguilla,2021,UNWTO,NA
118,NA,2022,2020:2022 gapfill,gapfilled
118,Anguilla,2022,UNWTO,NA
119,Saint Kitts and Nevis,2008,UNWTO,NA
119,Saint Kitts and Nevis,2009,UNWTO,NA
119,Saint Kitts and Nevis,2010,UNWTO,NA
119,Saint Kitts and Nevis,2011,UNWTO,NA
119,Saint Kitts and Nevis,2012,UNWTO,NA
119,Saint Kitts and Nevis,2013,UNWTO,NA
119,Saint Kitts and Nevis,2014,UNWTO,NA
119,Saint Kitts and Nevis,2015,UNWTO,NA
119,Saint Kitts and Nevis,2016,UNWTO,NA
119,Saint Kitts and Nevis,2017,UNWTO,NA
119,Saint Kitts and Nevis,2018,UNWTO,NA
119,Saint Kitts and Nevis,2019,UNWTO,NA
119,NA,2020,2020:2022 gapfill,gapfilled
119,Saint Kitts and Nevis,2020,UNWTO,NA
119,NA,2021,2020:2022 gapfill,gapfilled
119,Saint Kitts and Nevis,2021,UNWTO,NA
119,NA,2022,2020:2022 gapfill,gapfilled
119,Saint Kitts and Nevis,2022,UNWTO,NA
120,Antigua and Barbuda,2008,UNWTO,NA
120,Antigua and Barbuda,2009,UNWTO,NA
120,Antigua and Barbuda,2010,UNWTO,NA
120,Antigua and Barbuda,2011,UNWTO,NA
120,Antigua and Barbuda,2012,UNWTO,NA
120,Antigua and Barbuda,2013,UNWTO,NA
120,Antigua and Barbuda,2014,UNWTO,NA
120,Antigua and Barbuda,2015,UNWTO,NA
120,Antigua and Barbuda,2016,UNWTO,NA
120,Antigua and Barbuda,2017,UNWTO,NA
120,Antigua and Barbuda,2018,UNWTO,NA
120,Antigua and Barbuda,2019,UNWTO,NA
120,NA,2020,2020:2022 gapfill,gapfilled
120,Antigua and Barbuda,2020,UNWTO,NA
120,NA,2021,2020:2022 gapfill,gapfilled
120,Antigua and Barbuda,2021,UNWTO,NA
120,NA,2022,2020:2022 gapfill,gapfilled
120,Antigua and Barbuda,2022,UNWTO,NA
121,Montserrat,2008,UNWTO,NA
121,Montserrat,2009,UNWTO,NA
121,Montserrat,2010,UNWTO,NA
121,Montserrat,2011,UNWTO,NA
121,Montserrat,2012,UNWTO,NA
121,Montserrat,2013,UNWTO,NA
121,Montserrat,2014,UNWTO,NA
121,Montserrat,2015,UNWTO,NA
121,Montserrat,2016,UNWTO,NA
121,Montserrat,2017,UNWTO,NA
121,Montserrat,2018,UNWTO,NA
121,Montserrat,2019,UNWTO,NA
121,NA,2020,2020:2022 gapfill,gapfilled
121,Montserrat,2020,UNWTO,NA
121,NA,2021,2020:2022 gapfill,gapfilled
121,Montserrat,2021,UNWTO,NA
121,NA,2022,2020:2022 gapfill,gapfilled
122,Saint Lucia,2008,UNWTO,NA
122,Saint Lucia,2009,UNWTO,NA
122,Saint Lucia,2010,UNWTO,NA
122,Saint Lucia,2011,UNWTO,NA
122,Saint Lucia,2012,UNWTO,NA
122,Saint Lucia,2013,UNWTO,NA
122,Saint Lucia,2014,UNWTO,NA
122,Saint Lucia,2015,UNWTO,NA
122,Saint Lucia,2016,UNWTO,NA
122,Saint Lucia,2017,UNWTO,NA
122,Saint Lucia,2018,UNWTO,NA
122,Saint Lucia,2019,UNWTO,NA
122,NA,2020,2020:2022 gapfill,gapfilled
122,Saint Lucia,2020,UNWTO,NA
122,NA,2021,2020:2022 gapfill,gapfilled
122,Saint Lucia,2021,UNWTO,NA
122,NA,2022,2020:2022 gapfill,gapfilled
122,Saint Lucia,2022,UNWTO,NA
123,Dominica,2008,UNWTO,NA
123,Dominica,2009,UNWTO,NA
123,Dominica,2010,UNWTO,NA
123,Dominica,2011,UNWTO,NA
123,Dominica,2012,UNWTO,NA
123,Dominica,2013,UNWTO,NA
123,Dominica,2014,UNWTO,NA
123,Dominica,2015,UNWTO,NA
123,Dominica,2016,UNWTO,NA
123,Dominica,2017,UNWTO,NA
123,Dominica,2018,UNWTO,NA
123,Dominica,2019,UNWTO,NA
123,NA,2020,2020:2022 gapfill,gapfilled
123,Dominica,2020,UNWTO,NA
123,NA,2021,2020:2022 gapfill,gapfilled
123,Dominica,2021,UNWTO,NA
123,NA,2022,2020:2022 gapfill,gapfilled
123,Dominica,2022,UNWTO,NA
124,Barbados,2008,UNWTO,NA
124,Barbados,2009,UNWTO,NA
124,Barbados,2010,UNWTO,NA
124,Barbados,2011,UNWTO,NA
124,Barbados,2012,UNWTO,NA
124,Barbados,2013,UNWTO,NA
124,Barbados,2014,UNWTO,NA
124,Barbados,2015,UNWTO,NA
124,Barbados,2016,UNWTO,NA
124,Barbados,2017,UNWTO,NA
124,Barbados,2018,UNWTO,NA
124,Barbados,2019,UNWTO,NA
124,NA,2020,2020:2022 gapfill,gapfilled
124,Barbados,2020,UNWTO,NA
124,NA,2021,2020:2022 gapfill,gapfilled
124,Barbados,2021,UNWTO,NA
124,NA,2022,2020:2022 gapfill,gapfilled
124,Barbados,2022,UNWTO,NA
125,Grenada,2008,UNWTO,NA
125,Grenada,2009,UNWTO,NA
125,Grenada,2010,UNWTO,NA
125,Grenada,2011,UNWTO,NA
125,Grenada,2012,UNWTO,NA
125,Grenada,2013,UNWTO,NA
125,Grenada,2014,UNWTO,NA
125,Grenada,2015,UNWTO,NA
125,Grenada,2016,UNWTO,NA
125,Grenada,2017,UNWTO,NA
125,Grenada,2018,UNWTO,NA
125,Grenada,2019,UNWTO,NA
125,NA,2020,2020:2022 gapfill,gapfilled
125,Grenada,2020,UNWTO,NA
125,NA,2021,2020:2022 gapfill,gapfilled
125,Grenada,2021,UNWTO,NA
125,NA,2022,2020:2022 gapfill,gapfilled
125,Grenada,2022,UNWTO,NA
126,Trinidad and Tobago,2008,UNWTO,NA
126,Trinidad and Tobago,2009,UNWTO,NA
126,Trinidad and Tobago,2010,UNWTO,NA
126,Trinidad and Tobago,2011,UNWTO,NA
126,Trinidad and Tobago,2012,UNWTO,NA
126,Trinidad and Tobago,2013,UNWTO,NA
126,Trinidad and Tobago,2014,UNWTO,NA
126,Trinidad and Tobago,2015,UNWTO,NA
126,Trinidad and Tobago,2016,UNWTO,NA
126,Trinidad and Tobago,2017,UNWTO,NA
126,Trinidad and Tobago,2018,UNWTO,NA
126,Trinidad and Tobago,2019,UNWTO,NA
126,NA,2020,2020:2022 gapfill,gapfilled
126,Trinidad and Tobago,2020,UNWTO,NA
126,NA,2021,2020:2022 gapfill,gapfilled
126,Trinidad and Tobago,2021,UNWTO,NA
126,NA,2022,2020:2022 gapfill,gapfilled
126,Trinidad and Tobago,2022,UNWTO,NA
127,Saint Vincent and the Grenadines,2008,UNWTO,NA
127,Saint Vincent and the Grenadines,2009,UNWTO,NA
127,Saint Vincent and the Grenadines,2010,UNWTO,NA
127,Saint Vincent and the Grenadines,2011,UNWTO,NA
127,Saint Vincent and the Grenadines,2012,UNWTO,NA
127,Saint Vincent and the Grenadines,2013,UNWTO,NA
127,Saint Vincent and the Grenadines,2014,UNWTO,NA
127,Saint Vincent and the Grenadines,2015,UNWTO,NA
127,Saint Vincent and the Grenadines,2016,UNWTO,NA
127,Saint Vincent and the Grenadines,2017,UNWTO,NA
127,Saint Vincent and the Grenadines,2018,UNWTO,NA
127,Saint Vincent and the Grenadines,2019,UNWTO,NA
127,NA,2020,2020:2022 gapfill,gapfilled
127,Saint Vincent and the Grenadines,2020,UNWTO,NA
127,NA,2021,2020:2022 gapfill,gapfilled
127,Saint Vincent and the Grenadines,2021,UNWTO,NA
127,NA,2022,2020:2022 gapfill,gapfilled
127,Saint Vincent and the Grenadines,2022,UNWTO,NA
129,Panama,2008,UNWTO,NA
129,Panama,2009,UNWTO,NA
129,Panama,2010,UNWTO,NA
129,Panama,2011,UNWTO,NA
129,Panama,2012,UNWTO,NA
129,Panama,2013,UNWTO,NA
129,Panama,2014,UNWTO,NA
129,Panama,2015,UNWTO,NA
129,Panama,2016,UNWTO,NA
129,Panama,2017,UNWTO,NA
129,Panama,2018,UNWTO,NA
129,Panama,2019,UNWTO,NA
129,NA,2020,2020:2022 gapfill,gapfilled
129,Panama,2020,UNWTO,NA
129,NA,2021,2020:2022 gapfill,gapfilled
129,Panama,2021,UNWTO,NA
129,NA,2022,2020:2022 gapfill,gapfilled
129,Panama,2022,UNWTO,NA
130,Costa Rica,2008,UNWTO,NA
130,Costa Rica,2009,UNWTO,NA
130,Costa Rica,2010,UNWTO,NA
130,Costa Rica,2011,UNWTO,NA
130,Costa Rica,2012,UNWTO,NA
130,Costa Rica,2013,UNWTO,NA
130,Costa Rica,2014,UNWTO,NA
130,Costa Rica,2015,UNWTO,NA
130,Costa Rica,2016,UNWTO,NA
130,Costa Rica,2017,UNWTO,NA
130,Costa Rica,2018,UNWTO,NA
130,Costa Rica,2019,UNWTO,NA
130,NA,2020,2020:2022 gapfill,gapfilled
130,Costa Rica,2020,UNWTO,NA
130,NA,2021,2020:2022 gapfill,gapfilled
130,Costa Rica,2021,UNWTO,NA
130,NA,2022,2020:2022 gapfill,gapfilled
130,Costa Rica,2022,UNWTO,NA
131,Nicaragua,2008,UNWTO,NA
131,Nicaragua,2009,UNWTO,NA
131,Nicaragua,2010,UNWTO,NA
131,Nicaragua,2011,UNWTO,NA
131,Nicaragua,2012,UNWTO,NA
131,Nicaragua,2013,UNWTO,NA
131,Nicaragua,2014,UNWTO,NA
131,Nicaragua,2015,UNWTO,NA
131,Nicaragua,2016,UNWTO,NA
131,Nicaragua,2017,UNWTO,NA
131,Nicaragua,2018,UNWTO,NA
131,Nicaragua,2019,UNWTO,NA
131,NA,2020,2020:2022 gapfill,gapfilled
131,Nicaragua,2020,UNWTO,NA
131,NA,2021,2020:2022 gapfill,gapfilled
131,Nicaragua,2021,UNWTO,NA
131,NA,2022,2020:2022 gapfill,gapfilled
131,Nicaragua,2022,UNWTO,NA
132,Colombia,2008,UNWTO,NA
132,Colombia,2009,UNWTO,NA
132,Colombia,2010,UNWTO,NA
132,Colombia,2011,UNWTO,NA
132,Colombia,2012,UNWTO,NA
132,Colombia,2013,UNWTO,NA
132,Colombia,2014,UNWTO,NA
132,Colombia,2015,UNWTO,NA
132,Colombia,2016,UNWTO,NA
132,Colombia,2017,UNWTO,NA
132,Colombia,2018,UNWTO,NA
132,Colombia,2019,UNWTO,NA
132,NA,2020,2020:2022 gapfill,gapfilled
132,Colombia,2020,UNWTO,NA
132,NA,2021,2020:2022 gapfill,gapfilled
132,Colombia,2021,UNWTO,NA
132,NA,2022,2020:2022 gapfill,gapfilled
132,Colombia,2022,UNWTO,NA
133,Honduras,2008,UNWTO,NA
133,Honduras,2009,UNWTO,NA
133,Honduras,2010,UNWTO,NA
133,Honduras,2011,UNWTO,NA
133,Honduras,2012,UNWTO,NA
133,Honduras,2013,UNWTO,NA
133,Honduras,2014,UNWTO,NA
133,Honduras,2015,UNWTO,NA
133,Honduras,2016,UNWTO,NA
133,Honduras,2017,UNWTO,NA
133,Honduras,2018,UNWTO,NA
133,Honduras,2019,UNWTO,NA
133,NA,2020,2020:2022 gapfill,gapfilled
133,Honduras,2020,UNWTO,NA
133,NA,2021,2020:2022 gapfill,gapfilled
133,Honduras,2021,UNWTO,NA
133,NA,2022,2020:2022 gapfill,gapfilled
133,Honduras,2022,UNWTO,NA
134,El Salvador,2008,UNWTO,NA
134,El Salvador,2009,UNWTO,NA
134,El Salvador,2010,UNWTO,NA
134,El Salvador,2011,UNWTO,NA
134,El Salvador,2012,UNWTO,NA
134,El Salvador,2013,UNWTO,NA
134,El Salvador,2014,UNWTO,NA
134,El Salvador,2015,UNWTO,NA
134,El Salvador,2016,UNWTO,NA
134,El Salvador,2017,UNWTO,NA
134,El Salvador,2018,UNWTO,NA
134,El Salvador,2019,UNWTO,NA
134,NA,2020,2020:2022 gapfill,gapfilled
134,El Salvador,2020,UNWTO,NA
134,NA,2021,2020:2022 gapfill,gapfilled
134,El Salvador,2021,UNWTO,NA
134,NA,2022,2020:2022 gapfill,gapfilled
134,El Salvador,2022,UNWTO,NA
135,Mexico,2008,UNWTO,NA
135,Mexico,2009,UNWTO,NA
135,Mexico,2010,UNWTO,NA
135,Mexico,2011,UNWTO,NA
135,Mexico,2012,UNWTO,NA
135,Mexico,2013,UNWTO,NA
135,Mexico,2014,UNWTO,NA
135,Mexico,2015,UNWTO,NA
135,Mexico,2016,UNWTO,NA
135,Mexico,2017,UNWTO,NA
135,Mexico,2018,UNWTO,NA
135,Mexico,2019,UNWTO,NA
135,NA,2020,2020:2022 gapfill,gapfilled
135,Mexico,2020,UNWTO,NA
135,NA,2021,2020:2022 gapfill,gapfilled
135,Mexico,2021,UNWTO,NA
135,NA,2022,2020:2022 gapfill,gapfilled
135,Mexico,2022,UNWTO,NA
136,Guatemala,2008,UNWTO,NA
136,Guatemala,2009,UNWTO,NA
136,Guatemala,2010,UNWTO,NA
136,Guatemala,2011,UNWTO,NA
136,Guatemala,2012,UNWTO,NA
136,Guatemala,2013,UNWTO,NA
136,Guatemala,2014,UNWTO,NA
136,Guatemala,2015,UNWTO,NA
136,Guatemala,2016,UNWTO,NA
136,Guatemala,2017,UNWTO,NA
136,Guatemala,2018,UNWTO,NA
136,Guatemala,2019,UNWTO,NA
136,NA,2020,2020:2022 gapfill,gapfilled
136,Guatemala,2020,UNWTO,NA
136,NA,2021,2020:2022 gapfill,gapfilled
136,Guatemala,2021,UNWTO,NA
136,NA,2022,2020:2022 gapfill,gapfilled
136,Guatemala,2022,UNWTO,NA
138,Peru,2008,UNWTO,NA
138,Peru,2009,UNWTO,NA
138,Peru,2010,UNWTO,NA
138,Peru,2011,UNWTO,NA
138,Peru,2012,UNWTO,NA
138,Peru,2013,UNWTO,NA
138,Peru,2014,UNWTO,NA
138,Peru,2015,UNWTO,NA
138,Peru,2016,UNWTO,NA
138,Peru,2017,UNWTO,NA
138,Peru,2018,UNWTO,NA
138,Peru,2019,UNWTO,NA
138,NA,2020,2020:2022 gapfill,gapfilled
138,Peru,2020,UNWTO,NA
138,NA,2021,2020:2022 gapfill,gapfilled
138,Peru,2021,UNWTO,NA
138,NA,2022,2020:2022 gapfill,gapfilled
138,Peru,2022,UNWTO,NA
139,Venezuela,2008,UNWTO,NA
139,Venezuela,2009,UNWTO,NA
139,Venezuela,2010,UNWTO,NA
139,Venezuela,2011,UNWTO,NA
139,Venezuela,2012,UNWTO,NA
139,Venezuela,2013,UNWTO,NA
139,Venezuela,2014,UNWTO,NA
139,Venezuela,2015,UNWTO,NA
139,Venezuela,2016,UNWTO,NA
139,Venezuela,2017,UNWTO,NA
139,NA,2018,NA,NA
139,NA,2019,NA,NA
139,NA,2020,NA,NA
139,NA,2021,NA,NA
139,NA,2022,NA,NA
140,Guadeloupe and Martinique,2008,UNWTO,NA
140,Guadeloupe and Martinique,2009,UNWTO,NA
140,Guadeloupe and Martinique,2010,UNWTO,NA
140,Guadeloupe and Martinique,2011,UNWTO,NA
140,Guadeloupe and Martinique,2012,UNWTO,NA
140,Guadeloupe and Martinique,2013,UNWTO,NA
140,Guadeloupe and Martinique,2014,UNWTO,NA
140,Guadeloupe and Martinique,2015,UNWTO,NA
140,Guadeloupe and Martinique,2016,UNWTO,NA
140,Guadeloupe and Martinique,2017,UNWTO,NA
140,Guadeloupe and Martinique,2018,UNWTO,NA
140,Guadeloupe and Martinique,2019,UNWTO,NA
140,NA,2020,2020:2022 gapfill,gapfilled
140,Guadeloupe and Martinique,2020,UNWTO,NA
140,NA,2021,2020:2022 gapfill,gapfilled
140,Guadeloupe and Martinique,2021,UNWTO,NA
140,NA,2022,2020:2022 gapfill,gapfilled
140,Guadeloupe and Martinique,2022,UNWTO,NA
143,Iceland,2008,UNWTO,NA
143,Iceland,2009,UNWTO,NA
143,Iceland,2010,UNWTO,NA
143,Iceland,2011,UNWTO,NA
143,Iceland,2012,UNWTO,NA
143,Iceland,2013,UNWTO,NA
143,Iceland,2014,UNWTO,NA
143,Iceland,2015,UNWTO,NA
143,Iceland,2016,UNWTO,NA
143,Iceland,2017,UNWTO,NA
143,Iceland,2018,UNWTO,NA
143,Iceland,2019,UNWTO,NA
143,NA,2020,2020:2022 gapfill,gapfilled
143,Iceland,2020,UNWTO,NA
143,NA,2021,2020:2022 gapfill,gapfilled
143,Iceland,2021,UNWTO,NA
143,NA,2022,2020:2022 gapfill,gapfilled
147,French Polynesia,2008,UNWTO,NA
147,French Polynesia,2009,UNWTO,NA
147,French Polynesia,2010,UNWTO,NA
147,French Polynesia,2011,UNWTO,NA
147,French Polynesia,2012,UNWTO,NA
147,French Polynesia,2013,UNWTO,NA
147,French Polynesia,2014,UNWTO,NA
147,French Polynesia,2015,UNWTO,NA
147,French Polynesia,2016,UNWTO,NA
147,French Polynesia,2017,UNWTO,NA
147,French Polynesia,2018,UNWTO,NA
147,French Polynesia,2019,UNWTO,NA
147,NA,2020,2020:2022 gapfill,gapfilled
147,French Polynesia,2020,UNWTO,NA
147,NA,2021,2020:2022 gapfill,gapfilled
147,French Polynesia,2021,UNWTO,NA
147,NA,2022,2020:2022 gapfill,gapfilled
147,French Polynesia,2022,UNWTO,NA
151,American Samoa,2008,UNWTO,NA
151,American Samoa,2009,UNWTO,NA
151,American Samoa,2010,UNWTO,NA
151,American Samoa,2011,UNWTO,NA
151,American Samoa,2012,UNWTO,NA
151,American Samoa,2013,UNWTO,NA
151,American Samoa,2014,UNWTO,NA
151,American Samoa,2015,UNWTO,NA
151,American Samoa,2016,UNWTO,NA
151,American Samoa,2017,UNWTO,NA
151,American Samoa,2018,UNWTO,NA
151,American Samoa,2019,UNWTO,NA
151,NA,2020,2020:2022 gapfill,gapfilled
151,American Samoa,2020,UNWTO,NA
151,NA,2021,2020:2022 gapfill,gapfilled
151,NA,2022,NA,NA
152,Samoa,2008,UNWTO,NA
152,Samoa,2009,UNWTO,NA
152,Samoa,2010,UNWTO,NA
152,Samoa,2011,UNWTO,NA
152,Samoa,2012,UNWTO,NA
152,Samoa,2013,UNWTO,NA
152,Samoa,2014,UNWTO,NA
152,Samoa,2015,UNWTO,NA
152,Samoa,2016,UNWTO,NA
152,Samoa,2017,UNWTO,NA
152,Samoa,2018,UNWTO,NA
152,Samoa,2019,UNWTO,NA
152,NA,2020,2020:2022 gapfill,gapfilled
152,Samoa,2020,UNWTO,NA
152,NA,2021,2020:2022 gapfill,gapfilled
152,Samoa,2021,UNWTO,NA
152,NA,2022,2020:2022 gapfill,gapfilled
152,Samoa,2022,UNWTO,NA
153,Cook Islands,2008,UNWTO,NA
153,Cook Islands,2009,UNWTO,NA
153,Cook Islands,2010,UNWTO,NA
153,Cook Islands,2011,UNWTO,NA
153,Cook Islands,2012,UNWTO,NA
153,Cook Islands,2013,UNWTO,NA
153,Cook Islands,2014,UNWTO,NA
153,Cook Islands,2015,UNWTO,NA
153,Cook Islands,2016,UNWTO,NA
153,Cook Islands,2017,UNWTO,NA
153,Cook Islands,2018,UNWTO,NA
153,Cook Islands,2019,UNWTO,NA
153,NA,2020,2020:2022 gapfill,gapfilled
153,Cook Islands,2020,UNWTO,NA
153,NA,2021,2020:2022 gapfill,gapfilled
153,Cook Islands,2021,UNWTO,NA
153,NA,2022,2020:2022 gapfill,gapfilled
153,Cook Islands,2022,UNWTO,NA
154,Niue,2008,UNWTO,NA
154,Niue,2009,UNWTO,NA
154,Niue,2010,UNWTO,NA
154,Niue,2011,UNWTO,NA
154,Niue,2012,UNWTO,NA
154,Niue,2013,UNWTO,NA
154,Niue,2014,UNWTO,NA
154,Niue,2015,UNWTO,NA
154,Niue,2016,UNWTO,NA
154,Niue,2017,UNWTO,NA
154,Niue,2018,UNWTO,NA
154,Niue,2019,UNWTO,NA
154,NA,2020,2020:2022 gapfill,gapfilled
154,Niue,2020,UNWTO,NA
154,NA,2021,2020:2022 gapfill,gapfilled
154,Niue,2021,UNWTO,NA
154,NA,2022,2020:2022 gapfill,gapfilled
155,Tonga,2008,UNWTO,NA
155,Tonga,2009,UNWTO,NA
155,Tonga,2010,UNWTO,NA
155,Tonga,2011,UNWTO,NA
155,Tonga,2012,UNWTO,NA
155,Tonga,2013,UNWTO,NA
155,Tonga,2014,UNWTO,NA
155,Tonga,2015,UNWTO,NA
155,Tonga,2016,UNWTO,NA
155,Tonga,2017,UNWTO,NA
155,Tonga,2018,UNWTO,NA
155,Tonga,2019,UNWTO,NA
155,NA,2020,2020:2022 gapfill,gapfilled
155,Tonga,2020,UNWTO,NA
155,NA,2021,2020:2022 gapfill,gapfilled
155,Tonga,2021,UNWTO,NA
155,NA,2022,2020:2022 gapfill,gapfilled
155,Tonga,2022,UNWTO,NA
162,New Zealand,2008,UNWTO,NA
162,New Zealand,2009,UNWTO,NA
162,New Zealand,2010,UNWTO,NA
162,New Zealand,2011,UNWTO,NA
162,New Zealand,2012,UNWTO,NA
162,New Zealand,2013,UNWTO,NA
162,New Zealand,2014,UNWTO,NA
162,New Zealand,2015,UNWTO,NA
162,New Zealand,2016,UNWTO,NA
162,New Zealand,2017,UNWTO,NA
162,New Zealand,2018,UNWTO,NA
162,New Zealand,2019,UNWTO,NA
162,NA,2020,2020:2022 gapfill,gapfilled
162,New Zealand,2020,UNWTO,NA
162,NA,2021,2020:2022 gapfill,gapfilled
162,New Zealand,2021,UNWTO,NA
162,NA,2022,2020:2022 gapfill,gapfilled
162,New Zealand,2022,UNWTO,NA
163,United States,2008,UNWTO,NA
163,United States,2009,UNWTO,NA
163,United States,2010,UNWTO,NA
163,United States,2011,UNWTO,NA
163,United States,2012,UNWTO,NA
163,United States,2013,UNWTO,NA
163,United States,2014,UNWTO,NA
163,United States,2015,UNWTO,NA
163,United States,2016,UNWTO,NA
163,United States,2017,UNWTO,NA
163,United States,2018,UNWTO,NA
163,United States,2019,UNWTO,NA
163,NA,2020,2020:2022 gapfill,gapfilled
163,United States,2020,UNWTO,NA
163,NA,2021,2020:2022 gapfill,gapfilled
163,United States,2021,UNWTO,NA
163,NA,2022,2020:2022 gapfill,gapfilled
163,United States,2022,UNWTO,NA
164,Belize,2008,UNWTO,NA
164,Belize,2009,UNWTO,NA
164,Belize,2010,UNWTO,NA
164,Belize,2011,UNWTO,NA
164,Belize,2012,UNWTO,NA
164,Belize,2013,UNWTO,NA
164,Belize,2014,UNWTO,NA
164,Belize,2015,UNWTO,NA
164,Belize,2016,UNWTO,NA
164,Belize,2017,UNWTO,NA
164,Belize,2018,UNWTO,NA
164,Belize,2019,UNWTO,NA
164,NA,2020,2020:2022 gapfill,gapfilled
164,Belize,2020,UNWTO,NA
164,NA,2021,2020:2022 gapfill,gapfilled
164,Belize,2021,UNWTO,NA
164,NA,2022,2020:2022 gapfill,gapfilled
164,Belize,2022,UNWTO,NA
166,Jamaica,2008,UNWTO,NA
166,Jamaica,2009,UNWTO,NA
166,Jamaica,2010,UNWTO,NA
166,Jamaica,2011,UNWTO,NA
166,Jamaica,2012,UNWTO,NA
166,Jamaica,2013,UNWTO,NA
166,Jamaica,2014,UNWTO,NA
166,Jamaica,2015,UNWTO,NA
166,Jamaica,2016,UNWTO,NA
166,Jamaica,2017,UNWTO,NA
166,Jamaica,2018,UNWTO,NA
166,Jamaica,2019,UNWTO,NA
166,NA,2020,2020:2022 gapfill,gapfilled
166,Jamaica,2020,UNWTO,NA
166,NA,2021,2020:2022 gapfill,gapfilled
166,Jamaica,2021,UNWTO,NA
166,NA,2022,2020:2022 gapfill,gapfilled
166,Jamaica,2022,UNWTO,NA
167,Guyana,2008,UNWTO,NA
167,Guyana,2009,UNWTO,NA
167,Guyana,2010,UNWTO,NA
167,Guyana,2011,UNWTO,NA
167,Guyana,2012,UNWTO,NA
167,Guyana,2013,UNWTO,NA
167,Guyana,2014,UNWTO,NA
167,Guyana,2015,UNWTO,NA
167,Guyana,2016,UNWTO,NA
167,Guyana,2017,UNWTO,NA
167,Guyana,2018,UNWTO,NA
167,Guyana,2019,UNWTO,NA
167,NA,2020,2020:2022 gapfill,gapfilled
167,Guyana,2020,UNWTO,NA
167,NA,2021,2020:2022 gapfill,gapfilled
167,Guyana,2021,UNWTO,NA
167,NA,2022,2020:2022 gapfill,gapfilled
167,Guyana,2022,UNWTO,NA
168,Suriname,2008,UNWTO,NA
168,Suriname,2009,UNWTO,NA
168,Suriname,2010,UNWTO,NA
168,Suriname,2011,UNWTO,NA
168,Suriname,2012,UNWTO,NA
168,Suriname,2013,UNWTO,NA
168,Suriname,2014,UNWTO,NA
168,Suriname,2015,UNWTO,NA
168,Suriname,2016,UNWTO,NA
168,Suriname,2017,UNWTO,NA
168,NA,2018,NA,NA
168,NA,2019,NA,NA
168,NA,2020,NA,NA
168,NA,2021,NA,NA
168,NA,2022,NA,NA
169,French Guiana,2008,Interpolation,gapfilled
169,French Guiana,2009,UNWTO,NA
169,French Guiana,2010,Interpolation,gapfilled
169,French Guiana,2011,Interpolation,gapfilled
169,French Guiana,2012,Interpolation,gapfilled
169,French Guiana,2013,Interpolation,gapfilled
169,French Guiana,2014,Interpolation,gapfilled
169,French Guiana,2015,UNWTO,NA
169,French Guiana,2016,UNWTO,NA
169,French Guiana,2017,UNWTO,NA
169,NA,2018,NA,NA
169,NA,2019,NA,NA
169,NA,2020,NA,NA
169,NA,2021,NA,NA
169,NA,2022,NA,NA
171,Brazil,2008,UNWTO,NA
171,Brazil,2009,UNWTO,NA
171,Brazil,2010,UNWTO,NA
171,Brazil,2011,UNWTO,NA
171,Brazil,2012,UNWTO,NA
171,Brazil,2013,UNWTO,NA
171,Brazil,2014,UNWTO,NA
171,Brazil,2015,UNWTO,NA
171,Brazil,2016,UNWTO,NA
171,Brazil,2017,UNWTO,NA
171,Brazil,2018,UNWTO,NA
171,Brazil,2019,UNWTO,NA
171,NA,2020,2020:2022 gapfill,gapfilled
171,Brazil,2020,UNWTO,NA
171,NA,2021,2020:2022 gapfill,gapfilled
171,Brazil,2021,UNWTO,NA
171,NA,2022,2020:2022 gapfill,gapfilled
171,Brazil,2022,UNWTO,NA
172,Argentina,2008,UNWTO,NA
172,Argentina,2009,UNWTO,NA
172,Argentina,2010,UNWTO,NA
172,Argentina,2011,UNWTO,NA
172,Argentina,2012,UNWTO,NA
172,Argentina,2013,UNWTO,NA
172,Argentina,2014,UNWTO,NA
172,Argentina,2015,UNWTO,NA
172,Argentina,2016,UNWTO,NA
172,Argentina,2017,UNWTO,NA
172,Argentina,2018,UNWTO,NA
172,Argentina,2019,UNWTO,NA
172,NA,2020,2020:2022 gapfill,gapfilled
172,Argentina,2020,UNWTO,NA
172,NA,2021,2020:2022 gapfill,gapfilled
172,Argentina,2021,UNWTO,NA
172,NA,2022,2020:2022 gapfill,gapfilled
172,Argentina,2022,UNWTO,NA
173,Uruguay,2008,UNWTO,NA
173,Uruguay,2009,UNWTO,NA
173,Uruguay,2010,UNWTO,NA
173,Uruguay,2011,UNWTO,NA
173,Uruguay,2012,UNWTO,NA
173,Uruguay,2013,UNWTO,NA
173,Uruguay,2014,UNWTO,NA
173,Uruguay,2015,UNWTO,NA
173,Uruguay,2016,UNWTO,NA
173,Uruguay,2017,UNWTO,NA
173,Uruguay,2018,UNWTO,NA
173,Uruguay,2019,UNWTO,NA
173,NA,2020,2020:2022 gapfill,gapfilled
173,NA,2021,NA,NA
173,NA,2022,NA,NA
174,Finland,2008,UNWTO,NA
174,Finland,2009,UNWTO,NA
174,Finland,2010,UNWTO,NA
174,Finland,2011,UNWTO,NA
174,Finland,2012,UNWTO,NA
174,Finland,2013,UNWTO,NA
174,Finland,2014,UNWTO,NA
174,Finland,2015,UNWTO,NA
174,Finland,2016,UNWTO,NA
174,Finland,2017,UNWTO,NA
174,Finland,2018,UNWTO,NA
174,Finland,2019,UNWTO,NA
174,NA,2020,2020:2022 gapfill,gapfilled
174,Finland,2020,UNWTO,NA
174,NA,2021,2020:2022 gapfill,gapfilled
174,Finland,2021,UNWTO,NA
174,NA,2022,2020:2022 gapfill,gapfilled
174,Finland,2022,UNWTO,NA
175,Denmark,2008,UNWTO,NA
175,Denmark,2009,UNWTO,NA
175,Denmark,2010,UNWTO,NA
175,Denmark,2011,UNWTO,NA
175,Denmark,2012,UNWTO,NA
175,Denmark,2013,UNWTO,NA
175,Denmark,2014,UNWTO,NA
175,Denmark,2015,UNWTO,NA
175,Denmark,2016,UNWTO,NA
175,Denmark,2017,UNWTO,NA
175,Denmark,2018,UNWTO,NA
175,Denmark,2019,UNWTO,NA
175,NA,2020,2020:2022 gapfill,gapfilled
175,Denmark,2020,UNWTO,NA
175,NA,2021,2020:2022 gapfill,gapfilled
175,Denmark,2021,UNWTO,NA
175,NA,2022,2020:2022 gapfill,gapfilled
175,Denmark,2022,UNWTO,NA
176,Germany,2008,UNWTO,NA
176,Germany,2009,UNWTO,NA
176,Germany,2010,UNWTO,NA
176,Germany,2011,UNWTO,NA
176,Germany,2012,UNWTO,NA
176,Germany,2013,UNWTO,NA
176,Germany,2014,UNWTO,NA
176,Germany,2015,UNWTO,NA
176,Germany,2016,UNWTO,NA
176,Germany,2017,UNWTO,NA
176,Germany,2018,UNWTO,NA
176,Germany,2019,UNWTO,NA
176,NA,2020,2020:2022 gapfill,gapfilled
176,Germany,2020,UNWTO,NA
176,NA,2021,2020:2022 gapfill,gapfilled
176,Germany,2021,UNWTO,NA
176,NA,2022,2020:2022 gapfill,gapfilled
176,Germany,2022,UNWTO,NA
177,Netherlands,2008,UNWTO,NA
177,Netherlands,2009,UNWTO,NA
177,Netherlands,2010,UNWTO,NA
177,Netherlands,2011,UNWTO,NA
177,Netherlands,2012,UNWTO,NA
177,Netherlands,2013,UNWTO,NA
177,Netherlands,2014,UNWTO,NA
177,Netherlands,2015,UNWTO,NA
177,Netherlands,2016,UNWTO,NA
177,Netherlands,2017,UNWTO,NA
177,Netherlands,2018,UNWTO,NA
177,Netherlands,2019,UNWTO,NA
177,NA,2020,2020:2022 gapfill,gapfilled
177,Netherlands,2020,UNWTO,NA
177,NA,2021,2020:2022 gapfill,gapfilled
177,Netherlands,2021,UNWTO,NA
177,NA,2022,2020:2022 gapfill,gapfilled
177,Netherlands,2022,UNWTO,NA
178,Poland,2008,UNWTO,NA
178,Poland,2009,UNWTO,NA
178,Poland,2010,UNWTO,NA
178,Poland,2011,UNWTO,NA
178,Poland,2012,UNWTO,NA
178,Poland,2013,UNWTO,NA
178,Poland,2014,UNWTO,NA
178,Poland,2015,UNWTO,NA
178,Poland,2016,UNWTO,NA
178,Poland,2017,UNWTO,NA
178,Poland,2018,UNWTO,NA
178,Poland,2019,UNWTO,NA
178,NA,2020,2020:2022 gapfill,gapfilled
178,Poland,2020,UNWTO,NA
178,NA,2021,2020:2022 gapfill,gapfilled
178,Poland,2021,UNWTO,NA
178,NA,2022,2020:2022 gapfill,gapfilled
178,Poland,2022,UNWTO,NA
179,France,2008,UNWTO,NA
179,France,2009,UNWTO,NA
179,France,2010,UNWTO,NA
179,France,2011,UNWTO,NA
179,France,2012,UNWTO,NA
179,France,2013,UNWTO,NA
179,France,2014,UNWTO,NA
179,France,2015,UNWTO,NA
179,France,2016,UNWTO,NA
179,France,2017,UNWTO,NA
179,France,2018,UNWTO,NA
179,France,2019,UNWTO,NA
179,NA,2020,2020:2022 gapfill,gapfilled
179,France,2020,UNWTO,NA
179,NA,2021,2020:2022 gapfill,gapfilled
179,France,2021,UNWTO,NA
179,NA,2022,2020:2022 gapfill,gapfilled
180,United Kingdom,2008,UNWTO,NA
180,United Kingdom,2009,UNWTO,NA
180,United Kingdom,2010,UNWTO,NA
180,United Kingdom,2011,UNWTO,NA
180,United Kingdom,2012,UNWTO,NA
180,United Kingdom,2013,UNWTO,NA
180,United Kingdom,2014,UNWTO,NA
180,United Kingdom,2015,UNWTO,NA
180,United Kingdom,2016,UNWTO,NA
180,United Kingdom,2017,UNWTO,NA
180,United Kingdom,2018,UNWTO,NA
180,United Kingdom,2019,UNWTO,NA
180,NA,2020,2020:2022 gapfill,gapfilled
180,United Kingdom,2020,UNWTO,NA
180,NA,2021,2020:2022 gapfill,gapfilled
180,United Kingdom,2021,UNWTO,NA
180,NA,2022,2020:2022 gapfill,gapfilled
180,United Kingdom,2022,UNWTO,NA
181,Ireland,2008,UNWTO,NA
181,Ireland,2009,UNWTO,NA
181,Ireland,2010,UNWTO,NA
181,Ireland,2011,UNWTO,NA
181,Ireland,2012,UNWTO,NA
181,Ireland,2013,UNWTO,NA
181,Ireland,2014,UNWTO,NA
181,Ireland,2015,UNWTO,NA
181,Ireland,2016,UNWTO,NA
181,Ireland,2017,UNWTO,NA
181,Ireland,2018,UNWTO,NA
181,Ireland,2019,UNWTO,NA
181,NA,2020,2020:2022 gapfill,gapfilled
181,NA,2021,NA,NA
181,NA,2022,NA,NA
182,Spain,2008,UNWTO,NA
182,Spain,2009,UNWTO,NA
182,Spain,2010,UNWTO,NA
182,Spain,2011,UNWTO,NA
182,Spain,2012,UNWTO,NA
182,Spain,2013,UNWTO,NA
182,Spain,2014,UNWTO,NA
182,Spain,2015,UNWTO,NA
182,Spain,2016,UNWTO,NA
182,Spain,2017,UNWTO,NA
182,Spain,2018,UNWTO,NA
182,Spain,2019,UNWTO,NA
182,NA,2020,2020:2022 gapfill,gapfilled
182,Spain,2020,UNWTO,NA
182,NA,2021,2020:2022 gapfill,gapfilled
182,Spain,2021,UNWTO,NA
182,NA,2022,2020:2022 gapfill,gapfilled
182,Spain,2022,UNWTO,NA
183,Portugal,2008,UNWTO,NA
183,Portugal,2009,UNWTO,NA
183,Portugal,2010,UNWTO,NA
183,Portugal,2011,UNWTO,NA
183,Portugal,2012,UNWTO,NA
183,Portugal,2013,UNWTO,NA
183,Portugal,2014,UNWTO,NA
183,Portugal,2015,UNWTO,NA
183,Portugal,2016,UNWTO,NA
183,Portugal,2017,UNWTO,NA
183,Portugal,2018,UNWTO,NA
183,Portugal,2019,UNWTO,NA
183,NA,2020,2020:2022 gapfill,gapfilled
183,Portugal,2020,UNWTO,NA
183,NA,2021,2020:2022 gapfill,gapfilled
183,Portugal,2021,UNWTO,NA
183,NA,2022,2020:2022 gapfill,gapfilled
183,Portugal,2022,UNWTO,NA
184,Italy,2008,UNWTO,NA
184,Italy,2009,UNWTO,NA
184,Italy,2010,UNWTO,NA
184,Italy,2011,UNWTO,NA
184,Italy,2012,UNWTO,NA
184,Italy,2013,UNWTO,NA
184,Italy,2014,UNWTO,NA
184,Italy,2015,UNWTO,NA
184,Italy,2016,UNWTO,NA
184,Italy,2017,UNWTO,NA
184,Italy,2018,UNWTO,NA
184,Italy,2019,UNWTO,NA
184,NA,2020,2020:2022 gapfill,gapfilled
184,Italy,2020,UNWTO,NA
184,NA,2021,2020:2022 gapfill,gapfilled
184,Italy,2021,UNWTO,NA
184,NA,2022,2020:2022 gapfill,gapfilled
184,Italy,2022,UNWTO,NA
185,Monaco,2008,UNWTO,NA
185,Monaco,2009,UNWTO,NA
185,Monaco,2010,UNWTO,NA
185,Monaco,2011,UNWTO,NA
185,Monaco,2012,UNWTO,NA
185,Monaco,2013,UNWTO,NA
185,Monaco,2014,UNWTO,NA
185,Monaco,2015,UNWTO,NA
185,Monaco,2016,UNWTO,NA
185,Monaco,2017,UNWTO,NA
185,Monaco,2018,UNWTO,NA
185,Monaco,2019,UNWTO,NA
185,NA,2020,2020:2022 gapfill,gapfilled
185,Monaco,2020,UNWTO,NA
185,NA,2021,2020:2022 gapfill,gapfilled
185,Monaco,2021,UNWTO,NA
185,NA,2022,2020:2022 gapfill,gapfilled
185,Monaco,2022,UNWTO,NA
186,Montenegro,2008,UNWTO,NA
186,Montenegro,2009,UNWTO,NA
186,Montenegro,2010,UNWTO,NA
186,Montenegro,2011,UNWTO,NA
186,Montenegro,2012,UNWTO,NA
186,Montenegro,2013,UNWTO,NA
186,Montenegro,2014,UNWTO,NA
186,Montenegro,2015,UNWTO,NA
186,Montenegro,2016,UNWTO,NA
186,Montenegro,2017,UNWTO,NA
186,Montenegro,2018,UNWTO,NA
186,Montenegro,2019,UNWTO,NA
186,NA,2020,2020:2022 gapfill,gapfilled
186,Montenegro,2020,UNWTO,NA
186,NA,2021,2020:2022 gapfill,gapfilled
186,Montenegro,2021,UNWTO,NA
186,NA,2022,2020:2022 gapfill,gapfilled
186,Montenegro,2022,UNWTO,NA
187,Croatia,2008,UNWTO,NA
187,Croatia,2009,UNWTO,NA
187,Croatia,2010,UNWTO,NA
187,Croatia,2011,UNWTO,NA
187,Croatia,2012,UNWTO,NA
187,Croatia,2013,UNWTO,NA
187,Croatia,2014,UNWTO,NA
187,Croatia,2015,UNWTO,NA
187,Croatia,2016,UNWTO,NA
187,Croatia,2017,UNWTO,NA
187,Croatia,2018,UNWTO,NA
187,Croatia,2019,UNWTO,NA
187,NA,2020,2020:2022 gapfill,gapfilled
187,Croatia,2020,UNWTO,NA
187,NA,2021,2020:2022 gapfill,gapfilled
187,Croatia,2021,UNWTO,NA
187,NA,2022,2020:2022 gapfill,gapfilled
187,Croatia,2022,UNWTO,NA
188,Slovenia,2008,UNWTO,NA
188,Slovenia,2009,UNWTO,NA
188,Slovenia,2010,UNWTO,NA
188,Slovenia,2011,UNWTO,NA
188,Slovenia,2012,UNWTO,NA
188,Slovenia,2013,UNWTO,NA
188,Slovenia,2014,UNWTO,NA
188,Slovenia,2015,UNWTO,NA
188,Slovenia,2016,UNWTO,NA
188,Slovenia,2017,UNWTO,NA
188,Slovenia,2018,UNWTO,NA
188,Slovenia,2019,UNWTO,NA
188,NA,2020,2020:2022 gapfill,gapfilled
188,Slovenia,2020,UNWTO,NA
188,NA,2021,2020:2022 gapfill,gapfilled
188,Slovenia,2021,UNWTO,NA
188,NA,2022,2020:2022 gapfill,gapfilled
188,Slovenia,2022,UNWTO,NA
189,Lithuania,2008,UNWTO,NA
189,Lithuania,2009,UNWTO,NA
189,Lithuania,2010,UNWTO,NA
189,Lithuania,2011,UNWTO,NA
189,Lithuania,2012,UNWTO,NA
189,Lithuania,2013,UNWTO,NA
189,Lithuania,2014,UNWTO,NA
189,Lithuania,2015,UNWTO,NA
189,Lithuania,2016,UNWTO,NA
189,Lithuania,2017,UNWTO,NA
189,Lithuania,2018,UNWTO,NA
189,Lithuania,2019,UNWTO,NA
189,NA,2020,2020:2022 gapfill,gapfilled
189,Lithuania,2020,UNWTO,NA
189,NA,2021,2020:2022 gapfill,gapfilled
189,Lithuania,2021,UNWTO,NA
189,NA,2022,2020:2022 gapfill,gapfilled
189,Lithuania,2022,UNWTO,NA
190,Qatar,2008,UNWTO,NA
190,NA,2009,NA,NA
190,NA,2010,NA,NA
190,NA,2011,NA,NA
190,NA,2012,NA,NA
190,NA,2013,NA,NA
190,NA,2014,NA,NA
190,NA,2015,NA,NA
190,NA,2016,NA,NA
190,NA,2017,NA,NA
190,NA,2018,NA,NA
190,NA,2019,NA,NA
190,NA,2020,NA,NA
190,NA,2021,NA,NA
190,NA,2022,NA,NA
193,Guinea Bissau,2008,UNWTO,NA
193,Guinea Bissau,2009,UNWTO,NA
193,Guinea Bissau,2010,UNWTO,NA
193,Guinea Bissau,2011,UNWTO,NA
193,Guinea Bissau,2012,UNWTO,NA
193,Guinea Bissau,2013,UNWTO,NA
193,Guinea Bissau,2014,UNWTO,NA
193,Guinea Bissau,2015,UNWTO,NA
193,Guinea Bissau,2016,UNWTO,NA
193,Guinea Bissau,2017,UNWTO,NA
193,Guinea Bissau,2018,UNWTO,NA
193,Guinea Bissau,2019,UNWTO,NA
193,NA,2020,2020:2022 gapfill,gapfilled
193,NA,2021,NA,NA
193,NA,2022,NA,NA
194,Guinea,2008,UNWTO,NA
194,Guinea,2009,Interpolation,gapfilled
194,Guinea,2010,UNWTO,NA
194,Guinea,2011,UNWTO,NA
194,Guinea,2012,UNWTO,NA
194,Guinea,2013,UNWTO,NA
194,Guinea,2014,UNWTO,NA
194,Guinea,2015,UNWTO,NA
194,Guinea,2016,UNWTO,NA
194,Guinea,2017,UNWTO,NA
194,NA,2018,NA,NA
194,NA,2019,NA,NA
194,NA,2020,NA,NA
194,NA,2021,NA,NA
194,NA,2022,NA,NA
196,Nigeria,2008,UNWTO,NA
196,Nigeria,2009,UNWTO,NA
196,Nigeria,2010,UNWTO,NA
196,Nigeria,2011,UNWTO,NA
196,Nigeria,2012,UNWTO,NA
196,Nigeria,2013,UNWTO,NA
196,Nigeria,2014,Interpolation,gapfilled
196,Nigeria,2015,UNWTO,NA
196,Nigeria,2016,UNWTO,NA
196,Nigeria,2017,UNWTO,NA
196,Nigeria,2018,UNWTO,NA
196,Nigeria,2019,UNWTO,NA
196,NA,2020,2020:2022 gapfill,gapfilled
196,Nigeria,2020,UNWTO,NA
196,NA,2021,2020:2022 gapfill,gapfilled
196,Nigeria,2021,UNWTO,NA
196,NA,2022,2020:2022 gapfill,gapfilled
196,Nigeria,2022,UNWTO,NA
197,Cameroon,2008,UNWTO,NA
197,Cameroon,2009,UNWTO,NA
197,Cameroon,2010,UNWTO,NA
197,Cameroon,2011,UNWTO,NA
197,Cameroon,2012,UNWTO,NA
197,NA,2013,NA,NA
197,NA,2014,NA,NA
197,NA,2015,NA,NA
197,NA,2016,NA,NA
197,NA,2017,NA,NA
197,NA,2018,NA,NA
197,NA,2019,NA,NA
197,NA,2020,NA,NA
197,NA,2021,NA,NA
197,NA,2022,NA,NA
199,Democratic Republic of the Congo,2008,UNWTO,NA
199,Democratic Republic of the Congo,2009,UNWTO,NA
199,Democratic Republic of the Congo,2010,UNWTO,NA
199,Democratic Republic of the Congo,2011,UNWTO,NA
199,Democratic Republic of the Congo,2012,UNWTO,NA
199,Democratic Republic of the Congo,2013,UNWTO,NA
199,Democratic Republic of the Congo,2014,UNWTO,NA
199,Democratic Republic of the Congo,2015,UNWTO,NA
199,Democratic Republic of the Congo,2016,UNWTO,NA
199,Democratic Republic of the Congo,2017,UNWTO,NA
199,Democratic Republic of the Congo,2018,UNWTO,NA
199,Democratic Republic of the Congo,2019,UNWTO,NA
199,NA,2020,2020:2022 gapfill,gapfilled
199,Democratic Republic of the Congo,2020,UNWTO,NA
199,NA,2021,2020:2022 gapfill,gapfilled
199,Democratic Republic of the Congo,2021,UNWTO,NA
199,NA,2022,2020:2022 gapfill,gapfilled
200,Angola,2008,UNWTO,NA
200,Angola,2009,UNWTO,NA
200,Angola,2010,UNWTO,NA
200,Angola,2011,UNWTO,NA
200,Angola,2012,UNWTO,NA
200,Angola,2013,UNWTO,NA
200,Angola,2014,UNWTO,NA
200,Angola,2015,UNWTO,NA
200,Angola,2016,UNWTO,NA
200,Angola,2017,UNWTO,NA
200,Angola,2018,UNWTO,NA
200,Angola,2019,UNWTO,NA
200,NA,2020,2020:2022 gapfill,gapfilled
200,Angola,2020,UNWTO,NA
200,NA,2021,2020:2022 gapfill,gapfilled
200,Angola,2021,UNWTO,NA
200,NA,2022,2020:2022 gapfill,gapfilled
200,Angola,2022,UNWTO,NA
202,Tanzania,2008,UNWTO,NA
202,Tanzania,2009,UNWTO,NA
202,Tanzania,2010,UNWTO,NA
202,Tanzania,2011,UNWTO,NA
202,Tanzania,2012,UNWTO,NA
202,Tanzania,2013,UNWTO,NA
202,Tanzania,2014,UNWTO,NA
202,Tanzania,2015,UNWTO,NA
202,Tanzania,2016,UNWTO,NA
202,Tanzania,2017,UNWTO,NA
202,Tanzania,2018,UNWTO,NA
202,Tanzania,2019,UNWTO,NA
202,NA,2020,2020:2022 gapfill,gapfilled
202,Tanzania,2020,UNWTO,NA
202,NA,2021,2020:2022 gapfill,gapfilled
202,Tanzania,2021,UNWTO,NA
202,NA,2022,2020:2022 gapfill,gapfilled
202,Tanzania,2022,UNWTO,NA
203,India,2008,UNWTO,NA
203,India,2009,UNWTO,NA
203,India,2010,UNWTO,NA
203,India,2011,UNWTO,NA
203,India,2012,UNWTO,NA
203,India,2013,UNWTO,NA
203,India,2014,UNWTO,NA
203,India,2015,UNWTO,NA
203,India,2016,UNWTO,NA
203,India,2017,Interpolation,gapfilled
203,India,2018,Interpolation,gapfilled
203,India,2019,UNWTO,NA
203,NA,2020,2020:2022 gapfill,gapfilled
203,India,2020,UNWTO,NA
203,NA,2021,2020:2022 gapfill,gapfilled
203,India,2021,UNWTO,NA
203,NA,2022,2020:2022 gapfill,gapfilled
204,Bangladesh,2008,UNWTO,NA
204,Bangladesh,2009,UNWTO,NA
204,Bangladesh,2010,UNWTO,NA
204,Bangladesh,2011,UNWTO,NA
204,Bangladesh,2012,UNWTO,NA
204,Bangladesh,2013,UNWTO,NA
204,Bangladesh,2014,UNWTO,NA
204,Bangladesh,2015,UNWTO,NA
204,Bangladesh,2016,UNWTO,NA
204,Bangladesh,2017,UNWTO,NA
204,Bangladesh,2018,UNWTO,NA
204,Bangladesh,2019,UNWTO,NA
204,NA,2020,2020:2022 gapfill,gapfilled
204,Bangladesh,2020,UNWTO,NA
204,NA,2021,2020:2022 gapfill,gapfilled
204,Bangladesh,2021,UNWTO,NA
204,NA,2022,2020:2022 gapfill,gapfilled
205,Myanmar,2008,UNWTO,NA
205,Myanmar,2009,UNWTO,NA
205,Myanmar,2010,UNWTO,NA
205,Myanmar,2011,UNWTO,NA
205,Myanmar,2012,UNWTO,NA
205,Myanmar,2013,UNWTO,NA
205,Myanmar,2014,UNWTO,NA
205,Myanmar,2015,UNWTO,NA
205,Myanmar,2016,UNWTO,NA
205,Myanmar,2017,UNWTO,NA
205,Myanmar,2018,UNWTO,NA
205,Myanmar,2019,UNWTO,NA
205,NA,2020,2020:2022 gapfill,gapfilled
205,Myanmar,2020,UNWTO,NA
205,NA,2021,2020:2022 gapfill,gapfilled
205,Myanmar,2021,UNWTO,NA
205,NA,2022,2020:2022 gapfill,gapfilled
205,Myanmar,2022,UNWTO,NA
206,Malaysia,2008,UNWTO,NA
206,Malaysia,2009,UNWTO,NA
206,Malaysia,2010,UNWTO,NA
206,Malaysia,2011,UNWTO,NA
206,Malaysia,2012,UNWTO,NA
206,Malaysia,2013,UNWTO,NA
206,Malaysia,2014,UNWTO,NA
206,Malaysia,2015,UNWTO,NA
206,Malaysia,2016,UNWTO,NA
206,Malaysia,2017,UNWTO,NA
206,Malaysia,2018,UNWTO,NA
206,Malaysia,2019,UNWTO,NA
206,NA,2020,2020:2022 gapfill,gapfilled
206,Malaysia,2020,UNWTO,NA
206,NA,2021,2020:2022 gapfill,gapfilled
206,Malaysia,2021,UNWTO,NA
206,NA,2022,2020:2022 gapfill,gapfilled
206,Malaysia,2022,UNWTO,NA
207,Vietnam,2008,Arrivals minus same day,gapfilled
207,Vietnam,2009,Arrivals minus same day,gapfilled
207,Vietnam,2010,Arrivals minus same day,gapfilled
207,Vietnam,2011,Arrivals minus same day,gapfilled
207,Vietnam,2012,Interpolation,gapfilled
207,Vietnam,2013,UNWTO,NA
207,Vietnam,2014,UNWTO,NA
207,Vietnam,2015,UNWTO,NA
207,NA,2016,NA,NA
207,NA,2017,NA,NA
207,NA,2018,NA,NA
207,NA,2019,NA,NA
207,NA,2020,NA,NA
207,NA,2021,NA,NA
207,NA,2022,NA,NA
208,Singapore,2008,UNWTO,NA
208,Singapore,2009,UNWTO,NA
208,Singapore,2010,UNWTO,NA
208,Singapore,2011,UNWTO,NA
208,Singapore,2012,UNWTO,NA
208,Singapore,2013,UNWTO,NA
208,Singapore,2014,UNWTO,NA
208,Singapore,2015,UNWTO,NA
208,Singapore,2016,UNWTO,NA
208,Singapore,2017,UNWTO,NA
208,Singapore,2018,UNWTO,NA
208,Singapore,2019,UNWTO,NA
208,NA,2020,2020:2022 gapfill,gapfilled
208,Singapore,2020,UNWTO,NA
208,NA,2021,2020:2022 gapfill,gapfilled
208,Singapore,2021,UNWTO,NA
208,NA,2022,2020:2022 gapfill,gapfilled
208,Singapore,2022,UNWTO,NA
209,China,2008,UNWTO,NA
209,China,2009,UNWTO,NA
209,China,2010,UNWTO,NA
209,China,2011,UNWTO,NA
209,China,2012,UNWTO,NA
209,China,2013,UNWTO,NA
209,China,2014,UNWTO,NA
209,China,2015,UNWTO,NA
209,China,2016,UNWTO,NA
209,China,2017,UNWTO,NA
209,China,2018,UNWTO,NA
209,China,2019,UNWTO,NA
209,NA,2020,2020:2022 gapfill,gapfilled
209,China,2020,UNWTO,NA
209,NA,2021,2020:2022 gapfill,gapfilled
209,China,2021,UNWTO,NA
209,NA,2022,2020:2022 gapfill,gapfilled
209,China,2022,UNWTO,NA
212,Kiribati,2008,UNWTO,NA
212,Kiribati,2009,UNWTO,NA
212,Kiribati,2010,UNWTO,NA
212,Kiribati,2011,UNWTO,NA
212,Kiribati,2012,UNWTO,NA
212,Kiribati,2013,UNWTO,NA
212,Kiribati,2014,UNWTO,NA
212,Kiribati,2015,UNWTO,NA
212,Kiribati,2016,UNWTO,NA
212,Kiribati,2017,UNWTO,NA
212,Kiribati,2018,UNWTO,NA
212,Kiribati,2019,UNWTO,NA
212,NA,2020,2020:2022 gapfill,gapfilled
212,Kiribati,2020,UNWTO,NA
212,NA,2021,2020:2022 gapfill,gapfilled
212,Kiribati,2021,UNWTO,NA
212,NA,2022,2020:2022 gapfill,gapfilled
212,Kiribati,2022,UNWTO,NA
214,Egypt,2008,UNWTO,NA
214,Egypt,2009,UNWTO,NA
214,Egypt,2010,UNWTO,NA
214,Egypt,2011,UNWTO,NA
214,Egypt,2012,UNWTO,NA
214,Egypt,2013,UNWTO,NA
214,Egypt,2014,UNWTO,NA
214,Egypt,2015,UNWTO,NA
214,Egypt,2016,UNWTO,NA
214,Egypt,2017,UNWTO,NA
214,Egypt,2018,UNWTO,NA
214,Egypt,2019,UNWTO,NA
214,NA,2020,2020:2022 gapfill,gapfilled
214,Egypt,2020,UNWTO,NA
214,NA,2021,2020:2022 gapfill,gapfilled
214,Egypt,2021,UNWTO,NA
214,NA,2022,2020:2022 gapfill,gapfilled
214,Egypt,2022,UNWTO,NA
215,Jordan,2008,UNWTO,NA
215,Jordan,2009,UNWTO,NA
215,Jordan,2010,UNWTO,NA
215,Jordan,2011,UNWTO,NA
215,Jordan,2012,UNWTO,NA
215,Jordan,2013,UNWTO,NA
215,Jordan,2014,UNWTO,NA
215,Jordan,2015,UNWTO,NA
215,Jordan,2016,UNWTO,NA
215,Jordan,2017,UNWTO,NA
215,Jordan,2018,UNWTO,NA
215,Jordan,2019,UNWTO,NA
215,NA,2020,2020:2022 gapfill,gapfilled
215,Jordan,2020,UNWTO,NA
215,NA,2021,2020:2022 gapfill,gapfilled
215,Jordan,2021,UNWTO,NA
215,NA,2022,2020:2022 gapfill,gapfilled
215,Jordan,2022,UNWTO,NA
216,Indonesia,2008,Upfilling,gapfilled
216,Indonesia,2009,Upfilling,gapfilled
216,Indonesia,2010,Upfilling,gapfilled
216,Indonesia,2011,Upfilling,gapfilled
216,Indonesia,2012,Upfilling,gapfilled
216,Indonesia,2013,Upfilling,gapfilled
216,Indonesia,2014,Upfilling,gapfilled
216,Indonesia,2015,UNWTO,NA
216,Indonesia,2016,UNWTO,NA
216,Indonesia,2017,UNWTO,NA
216,Indonesia,2018,UNWTO,NA
216,Indonesia,2019,UNWTO,NA
216,NA,2020,2020:2022 gapfill,gapfilled
216,Indonesia,2020,UNWTO,NA
216,NA,2021,2020:2022 gapfill,gapfilled
216,Indonesia,2021,UNWTO,NA
216,NA,2022,2020:2022 gapfill,gapfilled
218,Canada,2008,UNWTO,NA
218,Canada,2009,UNWTO,NA
218,Canada,2010,UNWTO,NA
218,Canada,2011,UNWTO,NA
218,Canada,2012,UNWTO,NA
218,Canada,2013,UNWTO,NA
218,Canada,2014,UNWTO,NA
218,Canada,2015,UNWTO,NA
218,Canada,2016,UNWTO,NA
218,Canada,2017,UNWTO,NA
218,Canada,2018,UNWTO,NA
218,Canada,2019,UNWTO,NA
218,NA,2020,2020:2022 gapfill,gapfilled
218,Canada,2020,UNWTO,NA
218,NA,2021,2020:2022 gapfill,gapfilled
218,Canada,2021,UNWTO,NA
218,NA,2022,2020:2022 gapfill,gapfilled
218,Canada,2022,UNWTO,NA
220,Sint Maarten,2008,UNWTO,NA
220,Sint Maarten,2009,UNWTO,NA
220,Sint Maarten,2010,UNWTO,NA
220,Sint Maarten,2011,UNWTO,NA
220,Sint Maarten,2012,UNWTO,NA
220,Sint Maarten,2013,UNWTO,NA
220,Sint Maarten,2014,UNWTO,NA
220,Sint Maarten,2015,UNWTO,NA
220,Sint Maarten,2016,UNWTO,NA
220,Sint Maarten,2017,UNWTO,NA
220,Sint Maarten,2018,UNWTO,NA
220,Sint Maarten,2019,UNWTO,NA
220,NA,2020,2020:2022 gapfill,gapfilled
220,Sint Maarten,2020,UNWTO,NA
220,NA,2021,2020:2022 gapfill,gapfilled
220,Sint Maarten,2021,UNWTO,NA
220,NA,2022,2020:2022 gapfill,gapfilled
220,Sint Maarten,2022,UNWTO,NA
222,Sweden,2008,UNWTO,NA
222,Sweden,2009,UNWTO,NA
222,Sweden,2010,UNWTO,NA
222,Sweden,2011,UNWTO,NA
222,Sweden,2012,UNWTO,NA
222,Sweden,2013,UNWTO,NA
222,Sweden,2014,UNWTO,NA
222,Sweden,2015,UNWTO,NA
222,Sweden,2016,UNWTO,NA
222,Sweden,2017,UNWTO,NA
222,Sweden,2018,UNWTO,NA
222,Sweden,2019,UNWTO,NA
222,NA,2020,2020:2022 gapfill,gapfilled
222,Sweden,2020,UNWTO,NA
222,NA,2021,2020:2022 gapfill,gapfilled
222,Sweden,2021,UNWTO,NA
222,NA,2022,2020:2022 gapfill,gapfilled
222,Sweden,2022,UNWTO,NA
223,Norway,2008,UNWTO,NA
223,Norway,2009,UNWTO,NA
223,Norway,2010,UNWTO,NA
223,Norway,2011,UNWTO,NA
223,Norway,2012,UNWTO,NA
223,Norway,2013,UNWTO,NA
223,Norway,2014,UNWTO,NA
223,Norway,2015,UNWTO,NA
223,Norway,2016,UNWTO,NA
223,Norway,2017,UNWTO,NA
223,Norway,2018,UNWTO,NA
223,Norway,2019,UNWTO,NA
223,NA,2020,2020:2022 gapfill,gapfilled
223,Norway,2020,UNWTO,NA
223,NA,2021,2020:2022 gapfill,gapfilled
223,Norway,2021,UNWTO,NA
223,NA,2022,2020:2022 gapfill,gapfilled
223,Norway,2022,UNWTO,NA
224,Chile,2008,UNWTO,NA
224,Chile,2009,UNWTO,NA
224,Chile,2010,UNWTO,NA
224,Chile,2011,UNWTO,NA
224,Chile,2012,UNWTO,NA
224,Chile,2013,UNWTO,NA
224,Chile,2014,UNWTO,NA
224,Chile,2015,UNWTO,NA
224,Chile,2016,UNWTO,NA
224,Chile,2017,UNWTO,NA
224,Chile,2018,UNWTO,NA
224,Chile,2019,UNWTO,NA
224,NA,2020,2020:2022 gapfill,gapfilled
224,Chile,2020,UNWTO,NA
224,NA,2021,2020:2022 gapfill,gapfilled
224,Chile,2021,UNWTO,NA
224,NA,2022,2020:2022 gapfill,gapfilled
224,Chile,2022,UNWTO,NA
231,East Timor,2008,UNWTO,NA
231,East Timor,2009,UNWTO,NA
231,East Timor,2010,UNWTO,NA
231,East Timor,2011,UNWTO,NA
231,East Timor,2012,UNWTO,NA
231,East Timor,2013,UNWTO,NA
231,East Timor,2014,UNWTO,NA
231,East Timor,2015,UNWTO,NA
231,East Timor,2016,UNWTO,NA
231,East Timor,2017,UNWTO,NA
231,East Timor,2018,UNWTO,NA
231,East Timor,2019,UNWTO,NA
231,NA,2020,2020:2022 gapfill,gapfilled
231,East Timor,2020,UNWTO,NA
231,NA,2021,2020:2022 gapfill,gapfilled
231,East Timor,2021,UNWTO,NA
231,NA,2022,2020:2022 gapfill,gapfilled
232,Bosnia and Herzegovina,2008,UNWTO,NA
232,Bosnia and Herzegovina,2009,UNWTO,NA
232,Bosnia and Herzegovina,2010,UNWTO,NA
232,Bosnia and Herzegovina,2011,UNWTO,NA
232,Bosnia and Herzegovina,2012,UNWTO,NA
232,Bosnia and Herzegovina,2013,UNWTO,NA
232,Bosnia and Herzegovina,2014,UNWTO,NA
232,Bosnia and Herzegovina,2015,UNWTO,NA
232,Bosnia and Herzegovina,2016,UNWTO,NA
232,Bosnia and Herzegovina,2017,UNWTO,NA
232,Bosnia and Herzegovina,2018,UNWTO,NA
232,Bosnia and Herzegovina,2019,UNWTO,NA
232,NA,2020,2020:2022 gapfill,gapfilled
232,Bosnia and Herzegovina,2020,UNWTO,NA
232,NA,2021,2020:2022 gapfill,gapfilled
232,Bosnia and Herzegovina,2021,UNWTO,NA
232,NA,2022,2020:2022 gapfill,gapfilled
232,Bosnia and Herzegovina,2022,UNWTO,NA
244,Curacao,2008,UNWTO,NA
244,Curacao,2009,UNWTO,NA
244,Curacao,2010,UNWTO,NA
244,Curacao,2011,UNWTO,NA
244,Curacao,2012,UNWTO,NA
244,Curacao,2013,UNWTO,NA
244,Curacao,2014,UNWTO,NA
244,Curacao,2015,UNWTO,NA
244,Curacao,2016,UNWTO,NA
244,Curacao,2017,UNWTO,NA
244,Curacao,2018,UNWTO,NA
244,Curacao,2019,UNWTO,NA
244,NA,2020,2020:2022 gapfill,gapfilled
244,Curacao,2020,UNWTO,NA
244,NA,2021,2020:2022 gapfill,gapfilled
244,Curacao,2021,UNWTO,NA
244,NA,2022,2020:2022 gapfill,gapfilled
244,Curacao,2022,UNWTO,NA
245,Bonaire,2008,UNWTO,NA
245,Bonaire,2009,UNWTO,NA
245,Bonaire,2010,UNWTO,NA
245,NA,2011,NA,NA
245,NA,2012,NA,NA
245,NA,2013,NA,NA
245,NA,2014,NA,NA
245,NA,2015,NA,NA
245,NA,2016,NA,NA
245,NA,2017,NA,NA
245,NA,2018,NA,NA
245,NA,2019,NA,NA
245,NA,2020,NA,NA
245,NA,2021,NA,NA
245,NA,2022,NA,NA
247,Brunei,2008,UNWTO,NA
247,Brunei,2009,UNWTO,NA
247,Brunei,2010,UNWTO,NA
247,Brunei,2011,UNWTO,NA
247,Brunei,2012,UNWTO,NA
247,Brunei,2013,UNWTO,NA
247,Brunei,2014,UNWTO,NA
247,Brunei,2015,UNWTO,NA
247,Brunei,2016,UNWTO,NA
247,Brunei,2017,UNWTO,NA
247,Brunei,2018,UNWTO,NA
247,Brunei,2019,UNWTO,NA
247,NA,2020,2020:2022 gapfill,gapfilled
247,Brunei,2020,UNWTO,NA
247,NA,2021,2020:2022 gapfill,gapfilled
247,Brunei,2021,UNWTO,NA
247,NA,2022,2020:2022 gapfill,gapfilled
248,Saba,2008,UNWTO,NA
248,Saba,2009,UNWTO,NA
248,Saba,2010,UNWTO,NA
248,NA,2011,NA,NA
248,NA,2012,NA,NA
248,NA,2013,NA,NA
248,NA,2014,NA,NA
248,NA,2015,NA,NA
248,NA,2016,NA,NA
248,NA,2017,NA,NA
248,NA,2018,NA,NA
248,NA,2019,NA,NA
248,NA,2020,NA,NA
248,NA,2021,NA,NA
248,NA,2022,NA,NA
249,Sint Eustatius,2008,UNWTO,NA
249,Sint Eustatius,2009,UNWTO,NA
249,Sint Eustatius,2010,UNWTO,NA
249,NA,2011,NA,NA
249,NA,2012,NA,NA
249,NA,2013,NA,NA
249,NA,2014,NA,NA
249,NA,2015,NA,NA
249,NA,2016,NA,NA
249,NA,2017,NA,NA
249,NA,2018,NA,NA
249,NA,2019,NA,NA
249,NA,2020,NA,NA
249,NA,2021,NA,NA
249,NA,2022,NA,NA
250,Aruba,2008,UNWTO,NA
250,Aruba,2009,UNWTO,NA
250,Aruba,2010,UNWTO,NA
250,Aruba,2011,UNWTO,NA
250,Aruba,2012,UNWTO,NA
250,Aruba,2013,UNWTO,NA
250,Aruba,2014,UNWTO,NA
250,Aruba,2015,UNWTO,NA
250,Aruba,2016,UNWTO,NA
250,Aruba,2017,UNWTO,NA
250,Aruba,2018,UNWTO,NA
250,Aruba,2019,UNWTO,NA
250,NA,2020,2020:2022 gapfill,gapfilled
250,Aruba,2020,UNWTO,NA
250,NA,2021,2020:2022 gapfill,gapfilled
250,Aruba,2021,UNWTO,NA
250,NA,2022,2020:2022 gapfill,gapfilled
250,Aruba,2022,UNWTO,NA
