rgn_id,taxa_code,year,sust_coeff
183,Brown seaweeds_1,2015,0.67
183,Brown seaweeds_1,2016,0.67
183,Brown seaweeds_1,2017,0.67
183,Brown seaweeds_1,2018,0.67
183,Brown seaweeds_1,2019,0.67
183,Brown seaweeds_1,2020,0.67
183,Brown seaweeds_1,2021,0.67
183,Brown seaweeds_1,2022,0.67
183,Brown seaweeds_1,2023,0.67
216,Caulerpa seaweeds_2,2019,0.67
216,Caulerpa seaweeds_2,2020,0.67
216,Caulerpa seaweeds_2,2021,0.67
216,Caulerpa seaweeds_2,2022,0.67
216,Caulerpa seaweeds_2,2023,0.67
155,Elkhorn sea moss_3,2000,0.67
155,Elkhorn sea moss_3,2001,0.67
155,Elkhorn sea moss_3,2002,0.67
155,Elkhorn sea moss_3,2003,0.67
155,Elkhorn sea moss_3,2004,0.67
155,Elkhorn sea moss_3,2005,0.67
155,Elkhorn sea moss_3,2006,0.67
155,Elkhorn sea moss_3,2007,0.67
155,Elkhorn sea moss_3,2008,0.67
155,Elkhorn sea moss_3,2009,0.67
155,Elkhorn sea moss_3,2010,0.67
40,Elkhorn sea moss_4,2011,0.67
155,Elkhorn sea moss_3,2011,0.67
40,Elkhorn sea moss_4,2012,0.67
155,Elkhorn sea moss_3,2012,0.67
40,Elkhorn sea moss_4,2013,0.67
155,Elkhorn sea moss_3,2013,0.67
40,Elkhorn sea moss_4,2014,0.67
155,Elkhorn sea moss_3,2014,0.67
40,Elkhorn sea moss_4,2015,0.67
155,Elkhorn sea moss_3,2015,0.67
40,Elkhorn sea moss_4,2016,0.67
155,Elkhorn sea moss_3,2016,0.67
40,Elkhorn sea moss_4,2017,0.67
155,Elkhorn sea moss_3,2017,0.67
40,Elkhorn sea moss_4,2018,0.67
155,Elkhorn sea moss_3,2018,0.67
40,Elkhorn sea moss_4,2019,0.67
155,Elkhorn sea moss_3,2019,0.67
40,Elkhorn sea moss_4,2020,0.67
155,Elkhorn sea moss_3,2020,0.67
40,Elkhorn sea moss_4,2021,0.67
155,Elkhorn sea moss_3,2021,0.67
40,Elkhorn sea moss_4,2022,0.67
155,Elkhorn sea moss_3,2022,0.67
40,Elkhorn sea moss_4,2023,0.67
155,Elkhorn sea moss_3,2023,0.67
184,Gracilaria seaweeds_5,1990,0.67
184,Gracilaria seaweeds_5,1991,0.67
184,Gracilaria seaweeds_5,1992,0.67
184,Gracilaria seaweeds_5,1993,0.67
184,Gracilaria seaweeds_5,1994,0.67
184,Gracilaria seaweeds_5,1995,0.67
184,Gracilaria seaweeds_5,1996,0.67
184,Gracilaria seaweeds_5,1997,0.67
184,Gracilaria seaweeds_5,1998,0.67
184,Gracilaria seaweeds_5,1999,0.67
184,Gracilaria seaweeds_5,2000,0.67
216,Gracilaria seaweeds_6,2000,0.67
184,Gracilaria seaweeds_5,2001,0.67
216,Gracilaria seaweeds_6,2001,0.67
184,Gracilaria seaweeds_5,2002,0.67
216,Gracilaria seaweeds_6,2002,0.67
184,Gracilaria seaweeds_5,2003,0.67
216,Gracilaria seaweeds_6,2003,0.67
184,Gracilaria seaweeds_5,2004,0.67
216,Gracilaria seaweeds_6,2004,0.67
184,Gracilaria seaweeds_5,2005,0.67
216,Gracilaria seaweeds_6,2005,0.67
184,Gracilaria seaweeds_5,2006,0.67
216,Gracilaria seaweeds_6,2006,0.67
184,Gracilaria seaweeds_5,2007,0.67
216,Gracilaria seaweeds_6,2007,0.67
184,Gracilaria seaweeds_5,2008,0.67
216,Gracilaria seaweeds_6,2008,0.67
184,Gracilaria seaweeds_5,2009,0.67
216,Gracilaria seaweeds_6,2009,0.67
184,Gracilaria seaweeds_5,2010,0.67
216,Gracilaria seaweeds_6,2010,0.67
184,Gracilaria seaweeds_5,2011,0.67
216,Gracilaria seaweeds_6,2011,0.67
184,Gracilaria seaweeds_5,2012,0.67
216,Gracilaria seaweeds_6,2012,0.67
184,Gracilaria seaweeds_5,2013,0.67
216,Gracilaria seaweeds_6,2013,0.67
184,Gracilaria seaweeds_5,2014,0.67
216,Gracilaria seaweeds_6,2014,0.67
184,Gracilaria seaweeds_5,2015,0.67
216,Gracilaria seaweeds_6,2015,0.67
184,Gracilaria seaweeds_5,2016,0.67
216,Gracilaria seaweeds_6,2016,0.67
184,Gracilaria seaweeds_5,2017,0.67
216,Gracilaria seaweeds_6,2017,0.67
184,Gracilaria seaweeds_5,2018,0.67
216,Gracilaria seaweeds_6,2018,0.67
184,Gracilaria seaweeds_5,2019,0.67
216,Gracilaria seaweeds_6,2019,0.67
184,Gracilaria seaweeds_5,2020,0.67
216,Gracilaria seaweeds_6,2020,0.67
184,Gracilaria seaweeds_5,2021,0.67
216,Gracilaria seaweeds_6,2021,0.67
184,Gracilaria seaweeds_5,2022,0.67
216,Gracilaria seaweeds_6,2022,0.67
184,Gracilaria seaweeds_5,2023,0.67
216,Gracilaria seaweeds_6,2023,0.67
183,Green seaweeds_7,2014,0.67
183,Green seaweeds_7,2015,0.67
183,Green seaweeds_7,2016,0.67
183,Green seaweeds_7,2017,0.67
183,Green seaweeds_7,2018,0.67
183,Green seaweeds_7,2019,0.67
207,Green seaweeds_8,2019,0.67
183,Green seaweeds_7,2020,0.67
207,Green seaweeds_8,2020,0.67
183,Green seaweeds_7,2021,0.67
207,Green seaweeds_8,2021,0.67
183,Green seaweeds_7,2022,0.67
207,Green seaweeds_8,2022,0.67
183,Green seaweeds_7,2023,0.67
207,Green seaweeds_8,2023,0.67
183,Red seaweeds_9,2014,0.67
183,Red seaweeds_9,2015,0.67
183,Red seaweeds_9,2016,0.67
183,Red seaweeds_9,2017,0.67
183,Red seaweeds_9,2018,0.67
183,Red seaweeds_9,2019,0.67
183,Red seaweeds_9,2020,0.67
183,Red seaweeds_9,2021,0.67
183,Red seaweeds_9,2022,0.67
183,Red seaweeds_9,2023,0.67
14,Warty gracilaria_10,1954,0.67
14,Warty gracilaria_10,1955,0.67
14,Warty gracilaria_10,1956,0.67
14,Warty gracilaria_10,1957,0.67
14,Warty gracilaria_10,1958,0.67
14,Warty gracilaria_10,1959,0.67
14,Warty gracilaria_10,1960,0.67
14,Warty gracilaria_10,1961,0.67
14,Warty gracilaria_10,1962,0.67
14,Warty gracilaria_10,1963,0.67
14,Warty gracilaria_10,1964,0.67
14,Warty gracilaria_10,1965,0.67
14,Warty gracilaria_10,1966,0.67
14,Warty gracilaria_10,1967,0.67
14,Warty gracilaria_10,1968,0.67
14,Warty gracilaria_10,1969,0.67
14,Warty gracilaria_10,1970,0.67
14,Warty gracilaria_10,1971,0.67
14,Warty gracilaria_10,1972,0.67
14,Warty gracilaria_10,1973,0.67
14,Warty gracilaria_10,1974,0.67
14,Warty gracilaria_10,1975,0.67
14,Warty gracilaria_10,1976,0.67
14,Warty gracilaria_10,1977,0.67
14,Warty gracilaria_10,1978,0.67
14,Warty gracilaria_10,1979,0.67
14,Warty gracilaria_10,1980,0.67
14,Warty gracilaria_10,1981,0.67
14,Warty gracilaria_10,1982,0.67
14,Warty gracilaria_10,1983,0.67
14,Warty gracilaria_10,1984,0.67
14,Warty gracilaria_10,1985,0.67
14,Warty gracilaria_10,1986,0.67
14,Warty gracilaria_10,1987,0.67
14,Warty gracilaria_10,1988,0.67
14,Warty gracilaria_10,1989,0.67
14,Warty gracilaria_10,1990,0.67
14,Warty gracilaria_10,1991,0.67
14,Warty gracilaria_10,1992,0.67
14,Warty gracilaria_10,1993,0.67
14,Warty gracilaria_10,1994,0.67
14,Warty gracilaria_10,1995,0.67
14,Warty gracilaria_10,1996,0.67
14,Warty gracilaria_10,1997,0.67
14,Warty gracilaria_10,1998,0.67
14,Warty gracilaria_10,1999,0.67
14,Warty gracilaria_10,2000,0.67
14,Warty gracilaria_10,2001,0.67
14,Warty gracilaria_10,2002,0.67
14,Warty gracilaria_10,2003,0.67
14,Warty gracilaria_10,2004,0.67
14,Warty gracilaria_10,2005,0.67
14,Warty gracilaria_10,2006,0.67
14,Warty gracilaria_10,2007,0.67
14,Warty gracilaria_10,2008,0.67
14,Warty gracilaria_10,2009,0.67
14,Warty gracilaria_10,2010,0.67
14,Warty gracilaria_10,2011,0.67
14,Warty gracilaria_10,2012,0.67
14,Warty gracilaria_10,2013,0.67
14,Warty gracilaria_10,2014,0.67
14,Warty gracilaria_10,2015,0.67
14,Warty gracilaria_10,2016,0.67
14,Warty gracilaria_10,2017,0.67
14,Warty gracilaria_10,2018,0.67
14,Warty gracilaria_10,2019,0.67
14,Warty gracilaria_10,2020,0.67
14,Warty gracilaria_10,2021,0.67
14,Warty gracilaria_10,2022,0.67
14,Warty gracilaria_10,2023,0.67
209,Brown seaweeds_11,1978,0.67
209,Brown seaweeds_11,1979,0.67
209,Brown seaweeds_11,1980,0.67
209,Brown seaweeds_11,1981,0.67
209,Brown seaweeds_11,1982,0.67
209,Brown seaweeds_11,1983,0.67
209,Brown seaweeds_11,1984,0.67
209,Brown seaweeds_11,1985,0.67
209,Brown seaweeds_11,1986,0.67
209,Brown seaweeds_11,1987,0.67
209,Brown seaweeds_11,1988,0.67
209,Brown seaweeds_11,1989,0.67
209,Brown seaweeds_11,1990,0.67
209,Brown seaweeds_11,1991,0.67
209,Brown seaweeds_11,1992,0.67
209,Brown seaweeds_11,1993,0.67
209,Brown seaweeds_11,1994,0.67
209,Brown seaweeds_11,1995,0.67
209,Brown seaweeds_11,1996,0.67
209,Brown seaweeds_11,1997,0.67
209,Brown seaweeds_11,1998,0.67
209,Brown seaweeds_11,1999,0.67
209,Brown seaweeds_11,2000,0.67
209,Brown seaweeds_11,2001,0.67
209,Brown seaweeds_11,2002,0.67
209,Brown seaweeds_11,2003,0.67
209,Brown seaweeds_11,2004,0.67
209,Brown seaweeds_11,2005,0.67
209,Brown seaweeds_11,2006,0.67
209,Brown seaweeds_11,2007,0.67
175,Brown seaweeds_12,2008,0.67
209,Brown seaweeds_11,2008,0.67
175,Brown seaweeds_12,2009,0.67
209,Brown seaweeds_11,2009,0.67
175,Brown seaweeds_12,2010,0.67
209,Brown seaweeds_11,2010,0.67
175,Brown seaweeds_12,2011,0.67
209,Brown seaweeds_11,2011,0.67
175,Brown seaweeds_12,2012,0.67
179,Brown seaweeds_13,2012,0.67
209,Brown seaweeds_11,2012,0.67
175,Brown seaweeds_12,2013,0.67
179,Brown seaweeds_13,2013,0.67
209,Brown seaweeds_11,2013,0.67
175,Brown seaweeds_12,2014,0.67
179,Brown seaweeds_13,2014,0.67
209,Brown seaweeds_11,2014,0.67
175,Brown seaweeds_12,2015,0.67
179,Brown seaweeds_13,2015,0.67
209,Brown seaweeds_11,2015,0.67
175,Brown seaweeds_12,2016,0.67
179,Brown seaweeds_13,2016,0.67
209,Brown seaweeds_11,2016,0.67
175,Brown seaweeds_12,2017,0.67
179,Brown seaweeds_13,2017,0.67
209,Brown seaweeds_11,2017,0.67
175,Brown seaweeds_12,2018,0.67
179,Brown seaweeds_13,2018,0.67
209,Brown seaweeds_11,2018,0.67
175,Brown seaweeds_12,2019,0.67
179,Brown seaweeds_13,2019,0.67
209,Brown seaweeds_11,2019,0.67
175,Brown seaweeds_12,2020,0.67
179,Brown seaweeds_13,2020,0.67
209,Brown seaweeds_11,2020,0.67
175,Brown seaweeds_12,2021,0.67
179,Brown seaweeds_13,2021,0.67
209,Brown seaweeds_11,2021,0.67
175,Brown seaweeds_12,2022,0.67
179,Brown seaweeds_13,2022,0.67
209,Brown seaweeds_11,2022,0.67
175,Brown seaweeds_12,2023,0.67
179,Brown seaweeds_13,2023,0.67
209,Brown seaweeds_11,2023,0.67
15,Caulerpa seaweeds_14,1950,0.67
15,Caulerpa seaweeds_14,1951,0.67
15,Caulerpa seaweeds_14,1952,0.67
15,Caulerpa seaweeds_14,1953,0.67
15,Caulerpa seaweeds_14,1954,0.67
15,Caulerpa seaweeds_14,1955,0.67
15,Caulerpa seaweeds_14,1956,0.67
15,Caulerpa seaweeds_14,1957,0.67
15,Caulerpa seaweeds_14,1958,0.67
15,Caulerpa seaweeds_14,1959,0.67
15,Caulerpa seaweeds_14,1960,0.67
15,Caulerpa seaweeds_14,1961,0.67
15,Caulerpa seaweeds_14,1962,0.67
15,Caulerpa seaweeds_14,1963,0.67
15,Caulerpa seaweeds_14,1964,0.67
15,Caulerpa seaweeds_14,1965,0.67
15,Caulerpa seaweeds_14,1966,0.67
15,Caulerpa seaweeds_14,1967,0.67
15,Caulerpa seaweeds_14,1968,0.67
15,Caulerpa seaweeds_14,1969,0.67
15,Caulerpa seaweeds_14,1970,0.67
15,Caulerpa seaweeds_14,1971,0.67
15,Caulerpa seaweeds_14,1972,0.67
15,Caulerpa seaweeds_14,1973,0.67
15,Caulerpa seaweeds_14,1974,0.67
15,Caulerpa seaweeds_14,1975,0.67
15,Caulerpa seaweeds_14,1976,0.67
15,Caulerpa seaweeds_14,1977,0.67
15,Caulerpa seaweeds_14,1978,0.67
15,Caulerpa seaweeds_14,1979,0.67
15,Caulerpa seaweeds_14,1980,0.67
15,Caulerpa seaweeds_14,1981,0.67
15,Caulerpa seaweeds_14,1982,0.67
15,Caulerpa seaweeds_14,1983,0.67
15,Caulerpa seaweeds_14,1984,0.67
15,Caulerpa seaweeds_14,1985,0.67
15,Caulerpa seaweeds_14,1986,0.67
15,Caulerpa seaweeds_14,1987,0.67
15,Caulerpa seaweeds_14,1988,0.67
15,Caulerpa seaweeds_14,1989,0.67
15,Caulerpa seaweeds_14,1990,0.67
15,Caulerpa seaweeds_14,1991,0.67
15,Caulerpa seaweeds_14,1992,0.67
15,Caulerpa seaweeds_14,1993,0.67
15,Caulerpa seaweeds_14,1994,0.67
15,Caulerpa seaweeds_14,1995,0.67
15,Caulerpa seaweeds_14,1996,0.67
15,Caulerpa seaweeds_14,1997,0.67
15,Caulerpa seaweeds_14,1998,0.67
15,Caulerpa seaweeds_14,1999,0.67
15,Caulerpa seaweeds_14,2000,0.67
15,Caulerpa seaweeds_14,2001,0.67
15,Caulerpa seaweeds_14,2002,0.67
15,Caulerpa seaweeds_14,2003,0.67
15,Caulerpa seaweeds_14,2004,0.67
15,Caulerpa seaweeds_14,2005,0.67
15,Caulerpa seaweeds_14,2006,0.67
15,Caulerpa seaweeds_14,2007,0.67
15,Caulerpa seaweeds_14,2008,0.67
15,Caulerpa seaweeds_14,2009,0.67
15,Caulerpa seaweeds_14,2010,0.67
15,Caulerpa seaweeds_14,2011,0.67
15,Caulerpa seaweeds_14,2012,0.67
15,Caulerpa seaweeds_14,2013,0.67
15,Caulerpa seaweeds_14,2014,0.67
15,Caulerpa seaweeds_14,2015,0.67
15,Caulerpa seaweeds_14,2016,0.67
152,Caulerpa seaweeds_15,2016,0.67
15,Caulerpa seaweeds_14,2017,0.67
152,Caulerpa seaweeds_15,2017,0.67
15,Caulerpa seaweeds_14,2018,0.67
152,Caulerpa seaweeds_15,2018,0.67
15,Caulerpa seaweeds_14,2019,0.67
152,Caulerpa seaweeds_15,2019,0.67
15,Caulerpa seaweeds_14,2020,0.67
152,Caulerpa seaweeds_15,2020,0.67
15,Caulerpa seaweeds_14,2021,0.67
152,Caulerpa seaweeds_15,2021,0.67
15,Caulerpa seaweeds_14,2022,0.67
152,Caulerpa seaweeds_15,2022,0.67
15,Caulerpa seaweeds_14,2023,0.67
152,Caulerpa seaweeds_15,2023,0.67
209,Dark green nori_16,2003,0.67
209,Dark green nori_16,2004,0.67
209,Dark green nori_16,2005,0.67
209,Dark green nori_16,2006,0.67
209,Dark green nori_16,2007,0.67
209,Dark green nori_16,2008,0.67
209,Dark green nori_16,2009,0.67
209,Dark green nori_16,2010,0.67
209,Dark green nori_16,2011,0.67
209,Dark green nori_16,2012,0.67
209,Dark green nori_16,2013,0.67
209,Dark green nori_16,2014,0.67
209,Dark green nori_16,2015,0.67
209,Dark green nori_16,2016,0.67
209,Dark green nori_16,2017,0.67
209,Dark green nori_16,2018,0.67
209,Dark green nori_16,2019,0.67
209,Dark green nori_16,2020,0.67
209,Dark green nori_16,2021,0.67
209,Dark green nori_16,2022,0.67
209,Dark green nori_16,2023,0.67
15,Elkhorn sea moss_17,1965,0.67
15,Elkhorn sea moss_17,1966,0.67
15,Elkhorn sea moss_17,1967,0.67
15,Elkhorn sea moss_17,1968,0.67
15,Elkhorn sea moss_17,1969,0.67
15,Elkhorn sea moss_17,1970,0.67
15,Elkhorn sea moss_17,1971,0.67
15,Elkhorn sea moss_17,1972,0.67
15,Elkhorn sea moss_17,1973,0.67
15,Elkhorn sea moss_17,1974,0.67
15,Elkhorn sea moss_17,1975,0.67
15,Elkhorn sea moss_17,1976,0.67
15,Elkhorn sea moss_17,1977,0.67
15,Elkhorn sea moss_17,1978,0.67
15,Elkhorn sea moss_17,1979,0.67
15,Elkhorn sea moss_17,1980,0.67
15,Elkhorn sea moss_17,1981,0.67
15,Elkhorn sea moss_17,1982,0.67
15,Elkhorn sea moss_17,1983,0.67
15,Elkhorn sea moss_17,1984,0.67
15,Elkhorn sea moss_17,1985,0.67
15,Elkhorn sea moss_17,1986,0.67
15,Elkhorn sea moss_17,1987,0.67
15,Elkhorn sea moss_17,1988,0.67
15,Elkhorn sea moss_17,1989,0.67
15,Elkhorn sea moss_17,1990,0.67
139,Elkhorn sea moss_18,1990,0.67
15,Elkhorn sea moss_17,1991,0.67
139,Elkhorn sea moss_18,1991,0.67
15,Elkhorn sea moss_17,1992,0.67
139,Elkhorn sea moss_18,1992,0.67
15,Elkhorn sea moss_17,1993,0.67
139,Elkhorn sea moss_18,1993,0.67
15,Elkhorn sea moss_17,1994,0.67
139,Elkhorn sea moss_18,1994,0.67
15,Elkhorn sea moss_17,1995,0.67
139,Elkhorn sea moss_18,1995,0.67
15,Elkhorn sea moss_17,1996,0.67
139,Elkhorn sea moss_18,1996,0.67
15,Elkhorn sea moss_17,1997,0.67
139,Elkhorn sea moss_18,1997,0.67
15,Elkhorn sea moss_17,1998,0.67
139,Elkhorn sea moss_18,1998,0.67
207,Elkhorn sea moss_19,1998,0.67
15,Elkhorn sea moss_17,1999,0.67
139,Elkhorn sea moss_18,1999,0.67
207,Elkhorn sea moss_19,1999,0.67
15,Elkhorn sea moss_17,2000,0.67
139,Elkhorn sea moss_18,2000,0.67
207,Elkhorn sea moss_19,2000,0.67
15,Elkhorn sea moss_17,2001,0.67
139,Elkhorn sea moss_18,2001,0.67
202,Elkhorn sea moss_20,2001,0.67
206,Elkhorn sea moss_21,2001,0.67
207,Elkhorn sea moss_19,2001,0.67
7,Elkhorn sea moss_22,2002,0.67
15,Elkhorn sea moss_17,2002,0.67
41,Elkhorn sea moss_23,2002,0.67
139,Elkhorn sea moss_18,2002,0.67
202,Elkhorn sea moss_20,2002,0.67
206,Elkhorn sea moss_21,2002,0.67
207,Elkhorn sea moss_19,2002,0.67
7,Elkhorn sea moss_22,2003,0.67
15,Elkhorn sea moss_17,2003,0.67
41,Elkhorn sea moss_23,2003,0.67
139,Elkhorn sea moss_18,2003,0.67
202,Elkhorn sea moss_20,2003,0.67
206,Elkhorn sea moss_21,2003,0.67
207,Elkhorn sea moss_19,2003,0.67
7,Elkhorn sea moss_22,2004,0.67
15,Elkhorn sea moss_17,2004,0.67
41,Elkhorn sea moss_23,2004,0.67
139,Elkhorn sea moss_18,2004,0.67
202,Elkhorn sea moss_20,2004,0.67
206,Elkhorn sea moss_21,2004,0.67
207,Elkhorn sea moss_19,2004,0.67
7,Elkhorn sea moss_22,2005,0.67
15,Elkhorn sea moss_17,2005,0.67
41,Elkhorn sea moss_23,2005,0.67
139,Elkhorn sea moss_18,2005,0.67
202,Elkhorn sea moss_20,2005,0.67
206,Elkhorn sea moss_21,2005,0.67
207,Elkhorn sea moss_19,2005,0.67
7,Elkhorn sea moss_22,2006,0.67
15,Elkhorn sea moss_17,2006,0.67
41,Elkhorn sea moss_23,2006,0.67
139,Elkhorn sea moss_18,2006,0.67
202,Elkhorn sea moss_20,2006,0.67
206,Elkhorn sea moss_21,2006,0.67
207,Elkhorn sea moss_19,2006,0.67
7,Elkhorn sea moss_22,2007,0.67
15,Elkhorn sea moss_17,2007,0.67
41,Elkhorn sea moss_23,2007,0.67
139,Elkhorn sea moss_18,2007,0.67
202,Elkhorn sea moss_20,2007,0.67
206,Elkhorn sea moss_21,2007,0.67
207,Elkhorn sea moss_19,2007,0.67
7,Elkhorn sea moss_22,2008,0.67
15,Elkhorn sea moss_17,2008,0.67
41,Elkhorn sea moss_23,2008,0.67
139,Elkhorn sea moss_18,2008,0.67
171,Elkhorn sea moss_24,2008,0.67
202,Elkhorn sea moss_20,2008,0.67
205,Elkhorn sea moss_25,2008,0.67
206,Elkhorn sea moss_21,2008,0.67
207,Elkhorn sea moss_19,2008,0.67
7,Elkhorn sea moss_22,2009,0.67
15,Elkhorn sea moss_17,2009,0.67
41,Elkhorn sea moss_23,2009,0.67
139,Elkhorn sea moss_18,2009,0.67
171,Elkhorn sea moss_24,2009,0.67
202,Elkhorn sea moss_20,2009,0.67
205,Elkhorn sea moss_25,2009,0.67
206,Elkhorn sea moss_21,2009,0.67
207,Elkhorn sea moss_19,2009,0.67
7,Elkhorn sea moss_22,2010,0.67
15,Elkhorn sea moss_17,2010,0.67
17,Elkhorn sea moss_26,2010,0.67
41,Elkhorn sea moss_23,2010,0.67
139,Elkhorn sea moss_18,2010,0.67
171,Elkhorn sea moss_24,2010,0.67
202,Elkhorn sea moss_20,2010,0.67
205,Elkhorn sea moss_25,2010,0.67
206,Elkhorn sea moss_21,2010,0.67
207,Elkhorn sea moss_19,2010,0.67
7,Elkhorn sea moss_22,2011,0.67
15,Elkhorn sea moss_17,2011,0.67
17,Elkhorn sea moss_26,2011,0.67
41,Elkhorn sea moss_23,2011,0.67
139,Elkhorn sea moss_18,2011,0.67
171,Elkhorn sea moss_24,2011,0.67
202,Elkhorn sea moss_20,2011,0.67
205,Elkhorn sea moss_25,2011,0.67
206,Elkhorn sea moss_21,2011,0.67
207,Elkhorn sea moss_19,2011,0.67
7,Elkhorn sea moss_22,2012,0.67
15,Elkhorn sea moss_17,2012,0.67
17,Elkhorn sea moss_26,2012,0.67
41,Elkhorn sea moss_23,2012,0.67
139,Elkhorn sea moss_18,2012,0.67
164,Elkhorn sea moss_27,2012,0.67
171,Elkhorn sea moss_24,2012,0.67
202,Elkhorn sea moss_20,2012,0.67
205,Elkhorn sea moss_25,2012,0.67
206,Elkhorn sea moss_21,2012,0.67
207,Elkhorn sea moss_19,2012,0.67
7,Elkhorn sea moss_22,2013,0.67
15,Elkhorn sea moss_17,2013,0.67
17,Elkhorn sea moss_26,2013,0.67
41,Elkhorn sea moss_23,2013,0.67
139,Elkhorn sea moss_18,2013,0.67
164,Elkhorn sea moss_27,2013,0.67
171,Elkhorn sea moss_24,2013,0.67
202,Elkhorn sea moss_20,2013,0.67
205,Elkhorn sea moss_25,2013,0.67
206,Elkhorn sea moss_21,2013,0.67
207,Elkhorn sea moss_19,2013,0.67
7,Elkhorn sea moss_22,2014,0.67
15,Elkhorn sea moss_17,2014,0.67
17,Elkhorn sea moss_26,2014,0.67
41,Elkhorn sea moss_23,2014,0.67
137,Elkhorn sea moss_28,2014,0.67
139,Elkhorn sea moss_18,2014,0.67
164,Elkhorn sea moss_27,2014,0.67
171,Elkhorn sea moss_24,2014,0.67
202,Elkhorn sea moss_20,2014,0.67
205,Elkhorn sea moss_25,2014,0.67
206,Elkhorn sea moss_21,2014,0.67
207,Elkhorn sea moss_19,2014,0.67
7,Elkhorn sea moss_22,2015,0.67
15,Elkhorn sea moss_17,2015,0.67
17,Elkhorn sea moss_26,2015,0.67
41,Elkhorn sea moss_23,2015,0.67
137,Elkhorn sea moss_28,2015,0.67
139,Elkhorn sea moss_18,2015,0.67
164,Elkhorn sea moss_27,2015,0.67
171,Elkhorn sea moss_24,2015,0.67
202,Elkhorn sea moss_20,2015,0.67
205,Elkhorn sea moss_25,2015,0.67
206,Elkhorn sea moss_21,2015,0.67
207,Elkhorn sea moss_19,2015,0.67
7,Elkhorn sea moss_22,2016,0.67
15,Elkhorn sea moss_17,2016,0.67
17,Elkhorn sea moss_26,2016,0.67
41,Elkhorn sea moss_23,2016,0.67
137,Elkhorn sea moss_28,2016,0.67
139,Elkhorn sea moss_18,2016,0.67
164,Elkhorn sea moss_27,2016,0.67
171,Elkhorn sea moss_24,2016,0.67
202,Elkhorn sea moss_20,2016,0.67
205,Elkhorn sea moss_25,2016,0.67
206,Elkhorn sea moss_21,2016,0.67
207,Elkhorn sea moss_19,2016,0.67
7,Elkhorn sea moss_22,2017,0.67
15,Elkhorn sea moss_17,2017,0.67
17,Elkhorn sea moss_26,2017,0.67
41,Elkhorn sea moss_23,2017,0.67
137,Elkhorn sea moss_28,2017,0.67
139,Elkhorn sea moss_18,2017,0.67
164,Elkhorn sea moss_27,2017,0.67
171,Elkhorn sea moss_24,2017,0.67
202,Elkhorn sea moss_20,2017,0.67
205,Elkhorn sea moss_25,2017,0.67
206,Elkhorn sea moss_21,2017,0.67
207,Elkhorn sea moss_19,2017,0.67
7,Elkhorn sea moss_22,2018,0.67
15,Elkhorn sea moss_17,2018,0.67
17,Elkhorn sea moss_26,2018,0.67
41,Elkhorn sea moss_23,2018,0.67
119,Elkhorn sea moss_29,2018,0.67
127,Elkhorn sea moss_30,2018,0.67
137,Elkhorn sea moss_28,2018,0.67
139,Elkhorn sea moss_18,2018,0.67
164,Elkhorn sea moss_27,2018,0.67
171,Elkhorn sea moss_24,2018,0.67
202,Elkhorn sea moss_20,2018,0.67
205,Elkhorn sea moss_25,2018,0.67
206,Elkhorn sea moss_21,2018,0.67
207,Elkhorn sea moss_19,2018,0.67
7,Elkhorn sea moss_22,2019,0.67
15,Elkhorn sea moss_17,2019,0.67
17,Elkhorn sea moss_26,2019,0.67
41,Elkhorn sea moss_23,2019,0.67
119,Elkhorn sea moss_29,2019,0.67
127,Elkhorn sea moss_30,2019,0.67
137,Elkhorn sea moss_28,2019,0.67
139,Elkhorn sea moss_18,2019,0.67
164,Elkhorn sea moss_27,2019,0.67
171,Elkhorn sea moss_24,2019,0.67
202,Elkhorn sea moss_20,2019,0.67
205,Elkhorn sea moss_25,2019,0.67
206,Elkhorn sea moss_21,2019,0.67
207,Elkhorn sea moss_19,2019,0.67
7,Elkhorn sea moss_22,2020,0.67
15,Elkhorn sea moss_17,2020,0.67
17,Elkhorn sea moss_26,2020,0.67
41,Elkhorn sea moss_23,2020,0.67
119,Elkhorn sea moss_29,2020,0.67
127,Elkhorn sea moss_30,2020,0.67
137,Elkhorn sea moss_28,2020,0.67
139,Elkhorn sea moss_18,2020,0.67
164,Elkhorn sea moss_27,2020,0.67
171,Elkhorn sea moss_24,2020,0.67
202,Elkhorn sea moss_20,2020,0.67
205,Elkhorn sea moss_25,2020,0.67
206,Elkhorn sea moss_21,2020,0.67
207,Elkhorn sea moss_19,2020,0.67
7,Elkhorn sea moss_22,2021,0.67
15,Elkhorn sea moss_17,2021,0.67
17,Elkhorn sea moss_26,2021,0.67
41,Elkhorn sea moss_23,2021,0.67
119,Elkhorn sea moss_29,2021,0.67
127,Elkhorn sea moss_30,2021,0.67
137,Elkhorn sea moss_28,2021,0.67
139,Elkhorn sea moss_18,2021,0.67
164,Elkhorn sea moss_27,2021,0.67
171,Elkhorn sea moss_24,2021,0.67
202,Elkhorn sea moss_20,2021,0.67
205,Elkhorn sea moss_25,2021,0.67
206,Elkhorn sea moss_21,2021,0.67
207,Elkhorn sea moss_19,2021,0.67
7,Elkhorn sea moss_22,2022,0.67
15,Elkhorn sea moss_17,2022,0.67
17,Elkhorn sea moss_26,2022,0.67
41,Elkhorn sea moss_23,2022,0.67
119,Elkhorn sea moss_29,2022,0.67
127,Elkhorn sea moss_30,2022,0.67
137,Elkhorn sea moss_28,2022,0.67
139,Elkhorn sea moss_18,2022,0.67
164,Elkhorn sea moss_27,2022,0.67
171,Elkhorn sea moss_24,2022,0.67
202,Elkhorn sea moss_20,2022,0.67
205,Elkhorn sea moss_25,2022,0.67
206,Elkhorn sea moss_21,2022,0.67
207,Elkhorn sea moss_19,2022,0.67
7,Elkhorn sea moss_22,2023,0.67
15,Elkhorn sea moss_17,2023,0.67
17,Elkhorn sea moss_26,2023,0.67
41,Elkhorn sea moss_23,2023,0.67
119,Elkhorn sea moss_29,2023,0.67
127,Elkhorn sea moss_30,2023,0.67
137,Elkhorn sea moss_28,2023,0.67
139,Elkhorn sea moss_18,2023,0.67
164,Elkhorn sea moss_27,2023,0.67
171,Elkhorn sea moss_24,2023,0.67
202,Elkhorn sea moss_20,2023,0.67
205,Elkhorn sea moss_25,2023,0.67
206,Elkhorn sea moss_21,2023,0.67
207,Elkhorn sea moss_19,2023,0.67
20,Fragile codium_31,2005,0.67
20,Fragile codium_31,2006,0.67
20,Fragile codium_31,2007,0.67
20,Fragile codium_31,2008,0.67
20,Fragile codium_31,2009,0.67
20,Fragile codium_31,2010,0.67
20,Fragile codium_31,2011,0.67
20,Fragile codium_31,2012,0.67
20,Fragile codium_31,2013,0.67
20,Fragile codium_31,2014,0.67
20,Fragile codium_31,2015,0.67
20,Fragile codium_31,2016,0.67
20,Fragile codium_31,2017,0.67
20,Fragile codium_31,2018,0.67
20,Fragile codium_31,2019,0.67
20,Fragile codium_31,2020,0.67
20,Fragile codium_31,2021,0.67
20,Fragile codium_31,2022,0.67
20,Fragile codium_31,2023,0.67
21,Gelidium seaweeds_32,1989,0.67
21,Gelidium seaweeds_32,1990,0.67
21,Gelidium seaweeds_32,1991,0.67
21,Gelidium seaweeds_32,1992,0.67
21,Gelidium seaweeds_32,1993,0.67
21,Gelidium seaweeds_32,1994,0.67
21,Gelidium seaweeds_32,1995,0.67
21,Gelidium seaweeds_32,1996,0.67
21,Gelidium seaweeds_32,1997,0.67
21,Gelidium seaweeds_32,1998,0.67
21,Gelidium seaweeds_32,1999,0.67
21,Gelidium seaweeds_32,2000,0.67
21,Gelidium seaweeds_32,2001,0.67
21,Gelidium seaweeds_32,2002,0.67
21,Gelidium seaweeds_32,2003,0.67
21,Gelidium seaweeds_32,2004,0.67
21,Gelidium seaweeds_32,2005,0.67
21,Gelidium seaweeds_32,2006,0.67
21,Gelidium seaweeds_32,2007,0.67
21,Gelidium seaweeds_32,2008,0.67
21,Gelidium seaweeds_32,2009,0.67
21,Gelidium seaweeds_32,2010,0.67
21,Gelidium seaweeds_32,2011,0.67
21,Gelidium seaweeds_32,2012,0.67
21,Gelidium seaweeds_32,2013,0.67
21,Gelidium seaweeds_32,2014,0.67
21,Gelidium seaweeds_32,2015,0.67
21,Gelidium seaweeds_32,2016,0.67
21,Gelidium seaweeds_32,2017,0.67
21,Gelidium seaweeds_32,2018,0.67
21,Gelidium seaweeds_32,2019,0.67
21,Gelidium seaweeds_32,2020,0.67
21,Gelidium seaweeds_32,2021,0.67
21,Gelidium seaweeds_32,2022,0.67
21,Gelidium seaweeds_32,2023,0.67
224,Giant kelp_33,2008,0.67
224,Giant kelp_33,2009,0.67
224,Giant kelp_33,2010,0.67
224,Giant kelp_33,2011,0.67
138,Giant kelp_34,2012,0.67
224,Giant kelp_33,2012,0.67
138,Giant kelp_34,2013,0.67
224,Giant kelp_33,2013,0.67
138,Giant kelp_34,2014,0.67
224,Giant kelp_33,2014,0.67
138,Giant kelp_34,2015,0.67
224,Giant kelp_33,2015,0.67
138,Giant kelp_34,2016,0.67
224,Giant kelp_33,2016,0.67
138,Giant kelp_34,2017,0.67
224,Giant kelp_33,2017,0.67
138,Giant kelp_34,2018,0.67
224,Giant kelp_33,2018,0.67
138,Giant kelp_34,2019,0.67
224,Giant kelp_33,2019,0.67
138,Giant kelp_34,2020,0.67
224,Giant kelp_33,2020,0.67
138,Giant kelp_34,2021,0.67
224,Giant kelp_33,2021,0.67
138,Giant kelp_34,2022,0.67
224,Giant kelp_33,2022,0.67
138,Giant kelp_34,2023,0.67
224,Giant kelp_33,2023,0.67
207,Gracilaria seaweeds_35,1950,0.67
207,Gracilaria seaweeds_35,1951,0.67
207,Gracilaria seaweeds_35,1952,0.67
207,Gracilaria seaweeds_35,1953,0.67
207,Gracilaria seaweeds_35,1954,0.67
207,Gracilaria seaweeds_35,1955,0.67
207,Gracilaria seaweeds_35,1956,0.67
207,Gracilaria seaweeds_35,1957,0.67
207,Gracilaria seaweeds_35,1958,0.67
207,Gracilaria seaweeds_35,1959,0.67
207,Gracilaria seaweeds_35,1960,0.67
207,Gracilaria seaweeds_35,1961,0.67
207,Gracilaria seaweeds_35,1962,0.67
207,Gracilaria seaweeds_35,1963,0.67
207,Gracilaria seaweeds_35,1964,0.67
21,Gracilaria seaweeds_36,1965,0.67
207,Gracilaria seaweeds_35,1965,0.67
21,Gracilaria seaweeds_36,1966,0.67
207,Gracilaria seaweeds_35,1966,0.67
21,Gracilaria seaweeds_36,1967,0.67
207,Gracilaria seaweeds_35,1967,0.67
21,Gracilaria seaweeds_36,1968,0.67
207,Gracilaria seaweeds_35,1968,0.67
21,Gracilaria seaweeds_36,1969,0.67
207,Gracilaria seaweeds_35,1969,0.67
21,Gracilaria seaweeds_36,1970,0.67
207,Gracilaria seaweeds_35,1970,0.67
224,Gracilaria seaweeds_37,1970,0.67
21,Gracilaria seaweeds_36,1971,0.67
207,Gracilaria seaweeds_35,1971,0.67
224,Gracilaria seaweeds_37,1971,0.67
21,Gracilaria seaweeds_36,1972,0.67
207,Gracilaria seaweeds_35,1972,0.67
224,Gracilaria seaweeds_37,1972,0.67
21,Gracilaria seaweeds_36,1973,0.67
207,Gracilaria seaweeds_35,1973,0.67
224,Gracilaria seaweeds_37,1973,0.67
21,Gracilaria seaweeds_36,1974,0.67
207,Gracilaria seaweeds_35,1974,0.67
224,Gracilaria seaweeds_37,1974,0.67
21,Gracilaria seaweeds_36,1975,0.67
207,Gracilaria seaweeds_35,1975,0.67
224,Gracilaria seaweeds_37,1975,0.67
21,Gracilaria seaweeds_36,1976,0.67
207,Gracilaria seaweeds_35,1976,0.67
224,Gracilaria seaweeds_37,1976,0.67
21,Gracilaria seaweeds_36,1977,0.67
207,Gracilaria seaweeds_35,1977,0.67
224,Gracilaria seaweeds_37,1977,0.67
21,Gracilaria seaweeds_36,1978,0.67
207,Gracilaria seaweeds_35,1978,0.67
224,Gracilaria seaweeds_37,1978,0.67
21,Gracilaria seaweeds_36,1979,0.67
207,Gracilaria seaweeds_35,1979,0.67
224,Gracilaria seaweeds_37,1979,0.67
21,Gracilaria seaweeds_36,1980,0.67
207,Gracilaria seaweeds_35,1980,0.67
224,Gracilaria seaweeds_37,1980,0.67
21,Gracilaria seaweeds_36,1981,0.67
207,Gracilaria seaweeds_35,1981,0.67
224,Gracilaria seaweeds_37,1981,0.67
21,Gracilaria seaweeds_36,1982,0.67
207,Gracilaria seaweeds_35,1982,0.67
224,Gracilaria seaweeds_37,1982,0.67
21,Gracilaria seaweeds_36,1983,0.67
207,Gracilaria seaweeds_35,1983,0.67
224,Gracilaria seaweeds_37,1983,0.67
21,Gracilaria seaweeds_36,1984,0.67
207,Gracilaria seaweeds_35,1984,0.67
224,Gracilaria seaweeds_37,1984,0.67
21,Gracilaria seaweeds_36,1985,0.67
122,Gracilaria seaweeds_38,1985,0.67
207,Gracilaria seaweeds_35,1985,0.67
224,Gracilaria seaweeds_37,1985,0.67
21,Gracilaria seaweeds_36,1986,0.67
122,Gracilaria seaweeds_38,1986,0.67
207,Gracilaria seaweeds_35,1986,0.67
224,Gracilaria seaweeds_37,1986,0.67
21,Gracilaria seaweeds_36,1987,0.67
122,Gracilaria seaweeds_38,1987,0.67
207,Gracilaria seaweeds_35,1987,0.67
224,Gracilaria seaweeds_37,1987,0.67
21,Gracilaria seaweeds_36,1988,0.67
122,Gracilaria seaweeds_38,1988,0.67
207,Gracilaria seaweeds_35,1988,0.67
224,Gracilaria seaweeds_37,1988,0.67
21,Gracilaria seaweeds_36,1989,0.67
122,Gracilaria seaweeds_38,1989,0.67
207,Gracilaria seaweeds_35,1989,0.67
224,Gracilaria seaweeds_37,1989,0.67
21,Gracilaria seaweeds_36,1990,0.67
122,Gracilaria seaweeds_38,1990,0.67
207,Gracilaria seaweeds_35,1990,0.67
224,Gracilaria seaweeds_37,1990,0.67
21,Gracilaria seaweeds_36,1991,0.67
122,Gracilaria seaweeds_38,1991,0.67
207,Gracilaria seaweeds_35,1991,0.67
224,Gracilaria seaweeds_37,1991,0.67
21,Gracilaria seaweeds_36,1992,0.67
122,Gracilaria seaweeds_38,1992,0.67
207,Gracilaria seaweeds_35,1992,0.67
224,Gracilaria seaweeds_37,1992,0.67
21,Gracilaria seaweeds_36,1993,0.67
101,Gracilaria seaweeds_39,1993,0.67
122,Gracilaria seaweeds_38,1993,0.67
207,Gracilaria seaweeds_35,1993,0.67
224,Gracilaria seaweeds_37,1993,0.67
21,Gracilaria seaweeds_36,1994,0.67
101,Gracilaria seaweeds_39,1994,0.67
122,Gracilaria seaweeds_38,1994,0.67
207,Gracilaria seaweeds_35,1994,0.67
224,Gracilaria seaweeds_37,1994,0.67
21,Gracilaria seaweeds_36,1995,0.67
101,Gracilaria seaweeds_39,1995,0.67
102,Gracilaria seaweeds_40,1995,0.67
122,Gracilaria seaweeds_38,1995,0.67
138,Gracilaria seaweeds_41,1995,0.67
207,Gracilaria seaweeds_35,1995,0.67
224,Gracilaria seaweeds_37,1995,0.67
21,Gracilaria seaweeds_36,1996,0.67
101,Gracilaria seaweeds_39,1996,0.67
102,Gracilaria seaweeds_40,1996,0.67
122,Gracilaria seaweeds_38,1996,0.67
138,Gracilaria seaweeds_41,1996,0.67
207,Gracilaria seaweeds_35,1996,0.67
224,Gracilaria seaweeds_37,1996,0.67
21,Gracilaria seaweeds_36,1997,0.67
101,Gracilaria seaweeds_39,1997,0.67
102,Gracilaria seaweeds_40,1997,0.67
122,Gracilaria seaweeds_38,1997,0.67
138,Gracilaria seaweeds_41,1997,0.67
207,Gracilaria seaweeds_35,1997,0.67
224,Gracilaria seaweeds_37,1997,0.67
21,Gracilaria seaweeds_36,1998,0.67
101,Gracilaria seaweeds_39,1998,0.67
102,Gracilaria seaweeds_40,1998,0.67
122,Gracilaria seaweeds_38,1998,0.67
138,Gracilaria seaweeds_41,1998,0.67
207,Gracilaria seaweeds_35,1998,0.67
224,Gracilaria seaweeds_37,1998,0.67
21,Gracilaria seaweeds_36,1999,0.67
101,Gracilaria seaweeds_39,1999,0.67
102,Gracilaria seaweeds_40,1999,0.67
122,Gracilaria seaweeds_38,1999,0.67
138,Gracilaria seaweeds_41,1999,0.67
207,Gracilaria seaweeds_35,1999,0.67
224,Gracilaria seaweeds_37,1999,0.67
21,Gracilaria seaweeds_36,2000,0.67
101,Gracilaria seaweeds_39,2000,0.67
102,Gracilaria seaweeds_40,2000,0.67
122,Gracilaria seaweeds_38,2000,0.67
138,Gracilaria seaweeds_41,2000,0.67
207,Gracilaria seaweeds_35,2000,0.67
224,Gracilaria seaweeds_37,2000,0.67
21,Gracilaria seaweeds_36,2001,0.67
101,Gracilaria seaweeds_39,2001,0.67
102,Gracilaria seaweeds_40,2001,0.67
122,Gracilaria seaweeds_38,2001,0.67
138,Gracilaria seaweeds_41,2001,0.67
207,Gracilaria seaweeds_35,2001,0.67
224,Gracilaria seaweeds_37,2001,0.67
15,Gracilaria seaweeds_42,2002,0.67
21,Gracilaria seaweeds_36,2002,0.67
101,Gracilaria seaweeds_39,2002,0.67
102,Gracilaria seaweeds_40,2002,0.67
122,Gracilaria seaweeds_38,2002,0.67
138,Gracilaria seaweeds_41,2002,0.67
207,Gracilaria seaweeds_35,2002,0.67
224,Gracilaria seaweeds_37,2002,0.67
15,Gracilaria seaweeds_42,2003,0.67
21,Gracilaria seaweeds_36,2003,0.67
101,Gracilaria seaweeds_39,2003,0.67
102,Gracilaria seaweeds_40,2003,0.67
122,Gracilaria seaweeds_38,2003,0.67
138,Gracilaria seaweeds_41,2003,0.67
207,Gracilaria seaweeds_35,2003,0.67
209,Gracilaria seaweeds_43,2003,0.67
224,Gracilaria seaweeds_37,2003,0.67
15,Gracilaria seaweeds_42,2004,0.67
21,Gracilaria seaweeds_36,2004,0.67
101,Gracilaria seaweeds_39,2004,0.67
102,Gracilaria seaweeds_40,2004,0.67
122,Gracilaria seaweeds_38,2004,0.67
138,Gracilaria seaweeds_41,2004,0.67
207,Gracilaria seaweeds_35,2004,0.67
209,Gracilaria seaweeds_43,2004,0.67
224,Gracilaria seaweeds_37,2004,0.67
15,Gracilaria seaweeds_42,2005,0.67
21,Gracilaria seaweeds_36,2005,0.67
101,Gracilaria seaweeds_39,2005,0.67
102,Gracilaria seaweeds_40,2005,0.67
122,Gracilaria seaweeds_38,2005,0.67
138,Gracilaria seaweeds_41,2005,0.67
207,Gracilaria seaweeds_35,2005,0.67
209,Gracilaria seaweeds_43,2005,0.67
224,Gracilaria seaweeds_37,2005,0.67
15,Gracilaria seaweeds_42,2006,0.67
21,Gracilaria seaweeds_36,2006,0.67
101,Gracilaria seaweeds_39,2006,0.67
102,Gracilaria seaweeds_40,2006,0.67
122,Gracilaria seaweeds_38,2006,0.67
138,Gracilaria seaweeds_41,2006,0.67
207,Gracilaria seaweeds_35,2006,0.67
209,Gracilaria seaweeds_43,2006,0.67
224,Gracilaria seaweeds_37,2006,0.67
15,Gracilaria seaweeds_42,2007,0.67
21,Gracilaria seaweeds_36,2007,0.67
101,Gracilaria seaweeds_39,2007,0.67
102,Gracilaria seaweeds_40,2007,0.67
122,Gracilaria seaweeds_38,2007,0.67
138,Gracilaria seaweeds_41,2007,0.67
207,Gracilaria seaweeds_35,2007,0.67
209,Gracilaria seaweeds_43,2007,0.67
224,Gracilaria seaweeds_37,2007,0.67
15,Gracilaria seaweeds_42,2008,0.67
21,Gracilaria seaweeds_36,2008,0.67
101,Gracilaria seaweeds_39,2008,0.67
102,Gracilaria seaweeds_40,2008,0.67
122,Gracilaria seaweeds_38,2008,0.67
138,Gracilaria seaweeds_41,2008,0.67
171,Gracilaria seaweeds_44,2008,0.67
207,Gracilaria seaweeds_35,2008,0.67
209,Gracilaria seaweeds_43,2008,0.67
224,Gracilaria seaweeds_37,2008,0.67
15,Gracilaria seaweeds_42,2009,0.67
21,Gracilaria seaweeds_36,2009,0.67
101,Gracilaria seaweeds_39,2009,0.67
102,Gracilaria seaweeds_40,2009,0.67
122,Gracilaria seaweeds_38,2009,0.67
138,Gracilaria seaweeds_41,2009,0.67
171,Gracilaria seaweeds_44,2009,0.67
207,Gracilaria seaweeds_35,2009,0.67
209,Gracilaria seaweeds_43,2009,0.67
224,Gracilaria seaweeds_37,2009,0.67
15,Gracilaria seaweeds_42,2010,0.67
21,Gracilaria seaweeds_36,2010,0.67
101,Gracilaria seaweeds_39,2010,0.67
102,Gracilaria seaweeds_40,2010,0.67
122,Gracilaria seaweeds_38,2010,0.67
138,Gracilaria seaweeds_41,2010,0.67
171,Gracilaria seaweeds_44,2010,0.67
207,Gracilaria seaweeds_35,2010,0.67
209,Gracilaria seaweeds_43,2010,0.67
224,Gracilaria seaweeds_37,2010,0.67
15,Gracilaria seaweeds_42,2011,0.67
21,Gracilaria seaweeds_36,2011,0.67
101,Gracilaria seaweeds_39,2011,0.67
102,Gracilaria seaweeds_40,2011,0.67
122,Gracilaria seaweeds_38,2011,0.67
138,Gracilaria seaweeds_41,2011,0.67
171,Gracilaria seaweeds_44,2011,0.67
207,Gracilaria seaweeds_35,2011,0.67
209,Gracilaria seaweeds_43,2011,0.67
224,Gracilaria seaweeds_37,2011,0.67
15,Gracilaria seaweeds_42,2012,0.67
21,Gracilaria seaweeds_36,2012,0.67
101,Gracilaria seaweeds_39,2012,0.67
102,Gracilaria seaweeds_40,2012,0.67
122,Gracilaria seaweeds_38,2012,0.67
138,Gracilaria seaweeds_41,2012,0.67
171,Gracilaria seaweeds_44,2012,0.67
207,Gracilaria seaweeds_35,2012,0.67
209,Gracilaria seaweeds_43,2012,0.67
224,Gracilaria seaweeds_37,2012,0.67
15,Gracilaria seaweeds_42,2013,0.67
21,Gracilaria seaweeds_36,2013,0.67
101,Gracilaria seaweeds_39,2013,0.67
102,Gracilaria seaweeds_40,2013,0.67
122,Gracilaria seaweeds_38,2013,0.67
138,Gracilaria seaweeds_41,2013,0.67
171,Gracilaria seaweeds_44,2013,0.67
207,Gracilaria seaweeds_35,2013,0.67
209,Gracilaria seaweeds_43,2013,0.67
224,Gracilaria seaweeds_37,2013,0.67
15,Gracilaria seaweeds_42,2014,0.67
21,Gracilaria seaweeds_36,2014,0.67
101,Gracilaria seaweeds_39,2014,0.67
102,Gracilaria seaweeds_40,2014,0.67
122,Gracilaria seaweeds_38,2014,0.67
138,Gracilaria seaweeds_41,2014,0.67
171,Gracilaria seaweeds_44,2014,0.67
207,Gracilaria seaweeds_35,2014,0.67
209,Gracilaria seaweeds_43,2014,0.67
224,Gracilaria seaweeds_37,2014,0.67
15,Gracilaria seaweeds_42,2015,0.67
21,Gracilaria seaweeds_36,2015,0.67
101,Gracilaria seaweeds_39,2015,0.67
102,Gracilaria seaweeds_40,2015,0.67
122,Gracilaria seaweeds_38,2015,0.67
138,Gracilaria seaweeds_41,2015,0.67
171,Gracilaria seaweeds_44,2015,0.67
207,Gracilaria seaweeds_35,2015,0.67
209,Gracilaria seaweeds_43,2015,0.67
224,Gracilaria seaweeds_37,2015,0.67
15,Gracilaria seaweeds_42,2016,0.67
21,Gracilaria seaweeds_36,2016,0.67
101,Gracilaria seaweeds_39,2016,0.67
102,Gracilaria seaweeds_40,2016,0.67
122,Gracilaria seaweeds_38,2016,0.67
138,Gracilaria seaweeds_41,2016,0.67
171,Gracilaria seaweeds_44,2016,0.67
182,Gracilaria seaweeds_45,2016,0.67
207,Gracilaria seaweeds_35,2016,0.67
209,Gracilaria seaweeds_43,2016,0.67
224,Gracilaria seaweeds_37,2016,0.67
15,Gracilaria seaweeds_42,2017,0.67
20,Gracilaria seaweeds_46,2017,0.67
21,Gracilaria seaweeds_36,2017,0.67
101,Gracilaria seaweeds_39,2017,0.67
102,Gracilaria seaweeds_40,2017,0.67
122,Gracilaria seaweeds_38,2017,0.67
138,Gracilaria seaweeds_41,2017,0.67
171,Gracilaria seaweeds_44,2017,0.67
182,Gracilaria seaweeds_45,2017,0.67
207,Gracilaria seaweeds_35,2017,0.67
209,Gracilaria seaweeds_43,2017,0.67
224,Gracilaria seaweeds_37,2017,0.67
15,Gracilaria seaweeds_42,2018,0.67
20,Gracilaria seaweeds_46,2018,0.67
21,Gracilaria seaweeds_36,2018,0.67
101,Gracilaria seaweeds_39,2018,0.67
102,Gracilaria seaweeds_40,2018,0.67
122,Gracilaria seaweeds_38,2018,0.67
138,Gracilaria seaweeds_41,2018,0.67
171,Gracilaria seaweeds_44,2018,0.67
182,Gracilaria seaweeds_45,2018,0.67
207,Gracilaria seaweeds_35,2018,0.67
209,Gracilaria seaweeds_43,2018,0.67
224,Gracilaria seaweeds_37,2018,0.67
15,Gracilaria seaweeds_42,2019,0.67
20,Gracilaria seaweeds_46,2019,0.67
21,Gracilaria seaweeds_36,2019,0.67
101,Gracilaria seaweeds_39,2019,0.67
102,Gracilaria seaweeds_40,2019,0.67
122,Gracilaria seaweeds_38,2019,0.67
138,Gracilaria seaweeds_41,2019,0.67
171,Gracilaria seaweeds_44,2019,0.67
182,Gracilaria seaweeds_45,2019,0.67
207,Gracilaria seaweeds_35,2019,0.67
209,Gracilaria seaweeds_43,2019,0.67
224,Gracilaria seaweeds_37,2019,0.67
15,Gracilaria seaweeds_42,2020,0.67
20,Gracilaria seaweeds_46,2020,0.67
21,Gracilaria seaweeds_36,2020,0.67
101,Gracilaria seaweeds_39,2020,0.67
102,Gracilaria seaweeds_40,2020,0.67
122,Gracilaria seaweeds_38,2020,0.67
138,Gracilaria seaweeds_41,2020,0.67
171,Gracilaria seaweeds_44,2020,0.67
182,Gracilaria seaweeds_45,2020,0.67
207,Gracilaria seaweeds_35,2020,0.67
209,Gracilaria seaweeds_43,2020,0.67
224,Gracilaria seaweeds_37,2020,0.67
15,Gracilaria seaweeds_42,2021,0.67
20,Gracilaria seaweeds_46,2021,0.67
21,Gracilaria seaweeds_36,2021,0.67
101,Gracilaria seaweeds_39,2021,0.67
102,Gracilaria seaweeds_40,2021,0.67
122,Gracilaria seaweeds_38,2021,0.67
138,Gracilaria seaweeds_41,2021,0.67
171,Gracilaria seaweeds_44,2021,0.67
182,Gracilaria seaweeds_45,2021,0.67
207,Gracilaria seaweeds_35,2021,0.67
209,Gracilaria seaweeds_43,2021,0.67
224,Gracilaria seaweeds_37,2021,0.67
15,Gracilaria seaweeds_42,2022,0.67
20,Gracilaria seaweeds_46,2022,0.67
21,Gracilaria seaweeds_36,2022,0.67
101,Gracilaria seaweeds_39,2022,0.67
102,Gracilaria seaweeds_40,2022,0.67
122,Gracilaria seaweeds_38,2022,0.67
138,Gracilaria seaweeds_41,2022,0.67
171,Gracilaria seaweeds_44,2022,0.67
182,Gracilaria seaweeds_45,2022,0.67
207,Gracilaria seaweeds_35,2022,0.67
209,Gracilaria seaweeds_43,2022,0.67
224,Gracilaria seaweeds_37,2022,0.67
15,Gracilaria seaweeds_42,2023,0.67
20,Gracilaria seaweeds_46,2023,0.67
21,Gracilaria seaweeds_36,2023,0.67
101,Gracilaria seaweeds_39,2023,0.67
102,Gracilaria seaweeds_40,2023,0.67
122,Gracilaria seaweeds_38,2023,0.67
138,Gracilaria seaweeds_41,2023,0.67
171,Gracilaria seaweeds_44,2023,0.67
182,Gracilaria seaweeds_45,2023,0.67
207,Gracilaria seaweeds_35,2023,0.67
209,Gracilaria seaweeds_43,2023,0.67
224,Gracilaria seaweeds_37,2023,0.67
20,Green laver_47,1974,0.67
20,Green laver_47,1975,0.67
20,Green laver_47,1976,0.67
20,Green laver_47,1977,0.67
20,Green laver_47,1978,0.67
20,Green laver_47,1979,0.67
20,Green laver_47,1980,0.67
20,Green laver_47,1981,0.67
20,Green laver_47,1982,0.67
20,Green laver_47,1983,0.67
20,Green laver_47,1984,0.67
20,Green laver_47,1985,0.67
20,Green laver_47,1986,0.67
20,Green laver_47,1987,0.67
20,Green laver_47,1988,0.67
20,Green laver_47,1989,0.67
20,Green laver_47,1990,0.67
20,Green laver_47,1991,0.67
20,Green laver_47,1992,0.67
20,Green laver_47,1993,0.67
20,Green laver_47,1994,0.67
20,Green laver_47,1995,0.67
20,Green laver_47,1996,0.67
20,Green laver_47,1997,0.67
20,Green laver_47,1998,0.67
20,Green laver_47,1999,0.67
20,Green laver_47,2000,0.67
20,Green laver_47,2001,0.67
20,Green laver_47,2002,0.67
20,Green laver_47,2003,0.67
20,Green laver_47,2004,0.67
20,Green laver_47,2005,0.67
20,Green laver_47,2006,0.67
20,Green laver_47,2007,0.67
20,Green laver_47,2008,0.67
20,Green laver_47,2009,0.67
20,Green laver_47,2010,0.67
20,Green laver_47,2011,0.67
20,Green laver_47,2012,0.67
20,Green laver_47,2013,0.67
20,Green laver_47,2014,0.67
20,Green laver_47,2015,0.67
20,Green laver_47,2016,0.67
20,Green laver_47,2017,0.67
20,Green laver_47,2018,0.67
20,Green laver_47,2019,0.67
20,Green laver_47,2020,0.67
20,Green laver_47,2021,0.67
20,Green laver_47,2022,0.67
20,Green laver_47,2023,0.67
179,Harpoon seaweeds_48,1996,0.67
179,Harpoon seaweeds_48,1997,0.67
179,Harpoon seaweeds_48,1998,0.67
179,Harpoon seaweeds_48,1999,0.67
179,Harpoon seaweeds_48,2000,0.67
179,Harpoon seaweeds_48,2001,0.67
179,Harpoon seaweeds_48,2002,0.67
179,Harpoon seaweeds_48,2003,0.67
179,Harpoon seaweeds_48,2004,0.67
179,Harpoon seaweeds_48,2005,0.67
179,Harpoon seaweeds_48,2006,0.67
179,Harpoon seaweeds_48,2007,0.67
179,Harpoon seaweeds_48,2008,0.67
179,Harpoon seaweeds_48,2009,0.67
179,Harpoon seaweeds_48,2010,0.67
179,Harpoon seaweeds_48,2011,0.67
179,Harpoon seaweeds_48,2012,0.67
179,Harpoon seaweeds_48,2013,0.67
179,Harpoon seaweeds_48,2014,0.67
179,Harpoon seaweeds_48,2015,0.67
179,Harpoon seaweeds_48,2016,0.67
179,Harpoon seaweeds_48,2017,0.67
179,Harpoon seaweeds_48,2018,0.67
179,Harpoon seaweeds_48,2019,0.67
179,Harpoon seaweeds_48,2020,0.67
179,Harpoon seaweeds_48,2021,0.67
179,Harpoon seaweeds_48,2022,0.67
179,Harpoon seaweeds_48,2023,0.67
209,Japanese isinglass_49,2003,0.67
209,Japanese isinglass_49,2004,0.67
209,Japanese isinglass_49,2005,0.67
209,Japanese isinglass_49,2006,0.67
209,Japanese isinglass_49,2007,0.67
209,Japanese isinglass_49,2008,0.67
209,Japanese isinglass_49,2009,0.67
209,Japanese isinglass_49,2010,0.67
209,Japanese isinglass_49,2011,0.67
209,Japanese isinglass_49,2012,0.67
209,Japanese isinglass_49,2013,0.67
209,Japanese isinglass_49,2014,0.67
209,Japanese isinglass_49,2015,0.67
209,Japanese isinglass_49,2016,0.67
209,Japanese isinglass_49,2017,0.67
209,Japanese isinglass_49,2018,0.67
209,Japanese isinglass_49,2019,0.67
209,Japanese isinglass_49,2020,0.67
209,Japanese isinglass_49,2021,0.67
209,Japanese isinglass_49,2022,0.67
209,Japanese isinglass_49,2023,0.67
21,Japanese kelp_50,1950,0.67
209,Japanese kelp_51,1950,0.67
210,Japanese kelp_52,1950,0.67
21,Japanese kelp_50,1951,0.67
209,Japanese kelp_51,1951,0.67
210,Japanese kelp_52,1951,0.67
21,Japanese kelp_50,1952,0.67
209,Japanese kelp_51,1952,0.67
210,Japanese kelp_52,1952,0.67
21,Japanese kelp_50,1953,0.67
209,Japanese kelp_51,1953,0.67
210,Japanese kelp_52,1953,0.67
21,Japanese kelp_50,1954,0.67
209,Japanese kelp_51,1954,0.67
210,Japanese kelp_52,1954,0.67
21,Japanese kelp_50,1955,0.67
209,Japanese kelp_51,1955,0.67
210,Japanese kelp_52,1955,0.67
21,Japanese kelp_50,1956,0.67
209,Japanese kelp_51,1956,0.67
210,Japanese kelp_52,1956,0.67
21,Japanese kelp_50,1957,0.67
209,Japanese kelp_51,1957,0.67
210,Japanese kelp_52,1957,0.67
21,Japanese kelp_50,1958,0.67
209,Japanese kelp_51,1958,0.67
210,Japanese kelp_52,1958,0.67
21,Japanese kelp_50,1959,0.67
209,Japanese kelp_51,1959,0.67
210,Japanese kelp_52,1959,0.67
21,Japanese kelp_50,1960,0.67
209,Japanese kelp_51,1960,0.67
210,Japanese kelp_52,1960,0.67
21,Japanese kelp_50,1961,0.67
209,Japanese kelp_51,1961,0.67
210,Japanese kelp_52,1961,0.67
21,Japanese kelp_50,1962,0.67
209,Japanese kelp_51,1962,0.67
210,Japanese kelp_52,1962,0.67
21,Japanese kelp_50,1963,0.67
209,Japanese kelp_51,1963,0.67
210,Japanese kelp_52,1963,0.67
21,Japanese kelp_50,1964,0.67
209,Japanese kelp_51,1964,0.67
210,Japanese kelp_52,1964,0.67
21,Japanese kelp_50,1965,0.67
209,Japanese kelp_51,1965,0.67
210,Japanese kelp_52,1965,0.67
21,Japanese kelp_50,1966,0.67
209,Japanese kelp_51,1966,0.67
210,Japanese kelp_52,1966,0.67
21,Japanese kelp_50,1967,0.67
209,Japanese kelp_51,1967,0.67
210,Japanese kelp_52,1967,0.67
21,Japanese kelp_50,1968,0.67
209,Japanese kelp_51,1968,0.67
210,Japanese kelp_52,1968,0.67
21,Japanese kelp_50,1969,0.67
209,Japanese kelp_51,1969,0.67
210,Japanese kelp_52,1969,0.67
21,Japanese kelp_50,1970,0.67
209,Japanese kelp_51,1970,0.67
210,Japanese kelp_52,1970,0.67
21,Japanese kelp_50,1971,0.67
209,Japanese kelp_51,1971,0.67
210,Japanese kelp_52,1971,0.67
21,Japanese kelp_50,1972,0.67
209,Japanese kelp_51,1972,0.67
210,Japanese kelp_52,1972,0.67
21,Japanese kelp_50,1973,0.67
209,Japanese kelp_51,1973,0.67
210,Japanese kelp_52,1973,0.67
20,Japanese kelp_53,1974,0.67
21,Japanese kelp_50,1974,0.67
209,Japanese kelp_51,1974,0.67
210,Japanese kelp_52,1974,0.67
20,Japanese kelp_53,1975,0.67
21,Japanese kelp_50,1975,0.67
209,Japanese kelp_51,1975,0.67
210,Japanese kelp_52,1975,0.67
20,Japanese kelp_53,1976,0.67
21,Japanese kelp_50,1976,0.67
209,Japanese kelp_51,1976,0.67
210,Japanese kelp_52,1976,0.67
20,Japanese kelp_53,1977,0.67
21,Japanese kelp_50,1977,0.67
209,Japanese kelp_51,1977,0.67
210,Japanese kelp_52,1977,0.67
20,Japanese kelp_53,1978,0.67
21,Japanese kelp_50,1978,0.67
209,Japanese kelp_51,1978,0.67
210,Japanese kelp_52,1978,0.67
20,Japanese kelp_53,1979,0.67
21,Japanese kelp_50,1979,0.67
209,Japanese kelp_51,1979,0.67
210,Japanese kelp_52,1979,0.67
20,Japanese kelp_53,1980,0.67
21,Japanese kelp_50,1980,0.67
209,Japanese kelp_51,1980,0.67
210,Japanese kelp_52,1980,0.67
20,Japanese kelp_53,1981,0.67
21,Japanese kelp_50,1981,0.67
209,Japanese kelp_51,1981,0.67
210,Japanese kelp_52,1981,0.67
20,Japanese kelp_53,1982,0.67
21,Japanese kelp_50,1982,0.67
209,Japanese kelp_51,1982,0.67
210,Japanese kelp_52,1982,0.67
20,Japanese kelp_53,1983,0.67
21,Japanese kelp_50,1983,0.67
209,Japanese kelp_51,1983,0.67
210,Japanese kelp_52,1983,0.67
20,Japanese kelp_53,1984,0.67
21,Japanese kelp_50,1984,0.67
209,Japanese kelp_51,1984,0.67
210,Japanese kelp_52,1984,0.67
20,Japanese kelp_53,1985,0.67
21,Japanese kelp_50,1985,0.67
209,Japanese kelp_51,1985,0.67
210,Japanese kelp_52,1985,0.67
20,Japanese kelp_53,1986,0.67
21,Japanese kelp_50,1986,0.67
209,Japanese kelp_51,1986,0.67
210,Japanese kelp_52,1986,0.67
20,Japanese kelp_53,1987,0.67
21,Japanese kelp_50,1987,0.67
209,Japanese kelp_51,1987,0.67
210,Japanese kelp_52,1987,0.67
20,Japanese kelp_53,1988,0.67
21,Japanese kelp_50,1988,0.67
209,Japanese kelp_51,1988,0.67
210,Japanese kelp_52,1988,0.67
20,Japanese kelp_53,1989,0.67
21,Japanese kelp_50,1989,0.67
209,Japanese kelp_51,1989,0.67
210,Japanese kelp_52,1989,0.67
20,Japanese kelp_53,1990,0.67
21,Japanese kelp_50,1990,0.67
209,Japanese kelp_51,1990,0.67
210,Japanese kelp_52,1990,0.67
20,Japanese kelp_53,1991,0.67
21,Japanese kelp_50,1991,0.67
209,Japanese kelp_51,1991,0.67
210,Japanese kelp_52,1991,0.67
20,Japanese kelp_53,1992,0.67
21,Japanese kelp_50,1992,0.67
209,Japanese kelp_51,1992,0.67
210,Japanese kelp_52,1992,0.67
20,Japanese kelp_53,1993,0.67
21,Japanese kelp_50,1993,0.67
209,Japanese kelp_51,1993,0.67
210,Japanese kelp_52,1993,0.67
20,Japanese kelp_53,1994,0.67
21,Japanese kelp_50,1994,0.67
209,Japanese kelp_51,1994,0.67
210,Japanese kelp_52,1994,0.67
20,Japanese kelp_53,1995,0.67
21,Japanese kelp_50,1995,0.67
209,Japanese kelp_51,1995,0.67
210,Japanese kelp_52,1995,0.67
20,Japanese kelp_53,1996,0.67
21,Japanese kelp_50,1996,0.67
209,Japanese kelp_51,1996,0.67
210,Japanese kelp_52,1996,0.67
20,Japanese kelp_53,1997,0.67
21,Japanese kelp_50,1997,0.67
209,Japanese kelp_51,1997,0.67
210,Japanese kelp_52,1997,0.67
20,Japanese kelp_53,1998,0.67
21,Japanese kelp_50,1998,0.67
209,Japanese kelp_51,1998,0.67
210,Japanese kelp_52,1998,0.67
20,Japanese kelp_53,1999,0.67
21,Japanese kelp_50,1999,0.67
209,Japanese kelp_51,1999,0.67
210,Japanese kelp_52,1999,0.67
14,Japanese kelp_54,2000,0.67
20,Japanese kelp_53,2000,0.67
21,Japanese kelp_50,2000,0.67
209,Japanese kelp_51,2000,0.67
210,Japanese kelp_52,2000,0.67
14,Japanese kelp_54,2001,0.67
20,Japanese kelp_53,2001,0.67
21,Japanese kelp_50,2001,0.67
209,Japanese kelp_51,2001,0.67
210,Japanese kelp_52,2001,0.67
14,Japanese kelp_54,2002,0.67
20,Japanese kelp_53,2002,0.67
21,Japanese kelp_50,2002,0.67
209,Japanese kelp_51,2002,0.67
210,Japanese kelp_52,2002,0.67
14,Japanese kelp_54,2003,0.67
20,Japanese kelp_53,2003,0.67
21,Japanese kelp_50,2003,0.67
209,Japanese kelp_51,2003,0.67
210,Japanese kelp_52,2003,0.67
14,Japanese kelp_54,2004,0.67
20,Japanese kelp_53,2004,0.67
21,Japanese kelp_50,2004,0.67
209,Japanese kelp_51,2004,0.67
210,Japanese kelp_52,2004,0.67
14,Japanese kelp_54,2005,0.67
20,Japanese kelp_53,2005,0.67
21,Japanese kelp_50,2005,0.67
209,Japanese kelp_51,2005,0.67
210,Japanese kelp_52,2005,0.67
14,Japanese kelp_54,2006,0.67
20,Japanese kelp_53,2006,0.67
21,Japanese kelp_50,2006,0.67
209,Japanese kelp_51,2006,0.67
210,Japanese kelp_52,2006,0.67
14,Japanese kelp_54,2007,0.67
20,Japanese kelp_53,2007,0.67
21,Japanese kelp_50,2007,0.67
209,Japanese kelp_51,2007,0.67
210,Japanese kelp_52,2007,0.67
14,Japanese kelp_54,2008,0.67
20,Japanese kelp_53,2008,0.67
21,Japanese kelp_50,2008,0.67
209,Japanese kelp_51,2008,0.67
210,Japanese kelp_52,2008,0.67
14,Japanese kelp_54,2009,0.67
20,Japanese kelp_53,2009,0.67
21,Japanese kelp_50,2009,0.67
209,Japanese kelp_51,2009,0.67
210,Japanese kelp_52,2009,0.67
14,Japanese kelp_54,2010,0.67
20,Japanese kelp_53,2010,0.67
21,Japanese kelp_50,2010,0.67
209,Japanese kelp_51,2010,0.67
210,Japanese kelp_52,2010,0.67
14,Japanese kelp_54,2011,0.67
20,Japanese kelp_53,2011,0.67
21,Japanese kelp_50,2011,0.67
209,Japanese kelp_51,2011,0.67
210,Japanese kelp_52,2011,0.67
14,Japanese kelp_54,2012,0.67
20,Japanese kelp_53,2012,0.67
21,Japanese kelp_50,2012,0.67
209,Japanese kelp_51,2012,0.67
210,Japanese kelp_52,2012,0.67
14,Japanese kelp_54,2013,0.67
20,Japanese kelp_53,2013,0.67
21,Japanese kelp_50,2013,0.67
209,Japanese kelp_51,2013,0.67
210,Japanese kelp_52,2013,0.67
14,Japanese kelp_54,2014,0.67
20,Japanese kelp_53,2014,0.67
21,Japanese kelp_50,2014,0.67
209,Japanese kelp_51,2014,0.67
210,Japanese kelp_52,2014,0.67
14,Japanese kelp_54,2015,0.67
20,Japanese kelp_53,2015,0.67
21,Japanese kelp_50,2015,0.67
209,Japanese kelp_51,2015,0.67
210,Japanese kelp_52,2015,0.67
14,Japanese kelp_54,2016,0.67
20,Japanese kelp_53,2016,0.67
21,Japanese kelp_50,2016,0.67
209,Japanese kelp_51,2016,0.67
210,Japanese kelp_52,2016,0.67
14,Japanese kelp_54,2017,0.67
20,Japanese kelp_53,2017,0.67
21,Japanese kelp_50,2017,0.67
209,Japanese kelp_51,2017,0.67
210,Japanese kelp_52,2017,0.67
14,Japanese kelp_54,2018,0.67
20,Japanese kelp_53,2018,0.67
21,Japanese kelp_50,2018,0.67
209,Japanese kelp_51,2018,0.67
210,Japanese kelp_52,2018,0.67
14,Japanese kelp_54,2019,0.67
20,Japanese kelp_53,2019,0.67
21,Japanese kelp_50,2019,0.67
209,Japanese kelp_51,2019,0.67
210,Japanese kelp_52,2019,0.67
14,Japanese kelp_54,2020,0.67
20,Japanese kelp_53,2020,0.67
21,Japanese kelp_50,2020,0.67
209,Japanese kelp_51,2020,0.67
210,Japanese kelp_52,2020,0.67
14,Japanese kelp_54,2021,0.67
20,Japanese kelp_53,2021,0.67
21,Japanese kelp_50,2021,0.67
209,Japanese kelp_51,2021,0.67
210,Japanese kelp_52,2021,0.67
14,Japanese kelp_54,2022,0.67
20,Japanese kelp_53,2022,0.67
21,Japanese kelp_50,2022,0.67
209,Japanese kelp_51,2022,0.67
210,Japanese kelp_52,2022,0.67
14,Japanese kelp_54,2023,0.67
20,Japanese kelp_53,2023,0.67
21,Japanese kelp_50,2023,0.67
209,Japanese kelp_51,2023,0.67
210,Japanese kelp_52,2023,0.67
20,Laver (Nori)_55,1950,0.67
210,Laver (Nori)_56,1950,0.67
20,Laver (Nori)_55,1951,0.67
210,Laver (Nori)_56,1951,0.67
20,Laver (Nori)_55,1952,0.67
210,Laver (Nori)_56,1952,0.67
20,Laver (Nori)_55,1953,0.67
210,Laver (Nori)_56,1953,0.67
20,Laver (Nori)_55,1954,0.67
210,Laver (Nori)_56,1954,0.67
20,Laver (Nori)_55,1955,0.67
210,Laver (Nori)_56,1955,0.67
20,Laver (Nori)_55,1956,0.67
210,Laver (Nori)_56,1956,0.67
20,Laver (Nori)_55,1957,0.67
210,Laver (Nori)_56,1957,0.67
20,Laver (Nori)_55,1958,0.67
210,Laver (Nori)_56,1958,0.67
20,Laver (Nori)_55,1959,0.67
210,Laver (Nori)_56,1959,0.67
20,Laver (Nori)_55,1960,0.67
210,Laver (Nori)_56,1960,0.67
20,Laver (Nori)_55,1961,0.67
210,Laver (Nori)_56,1961,0.67
20,Laver (Nori)_55,1962,0.67
210,Laver (Nori)_56,1962,0.67
20,Laver (Nori)_55,1963,0.67
210,Laver (Nori)_56,1963,0.67
20,Laver (Nori)_55,1964,0.67
210,Laver (Nori)_56,1964,0.67
20,Laver (Nori)_55,1965,0.67
210,Laver (Nori)_56,1965,0.67
20,Laver (Nori)_55,1966,0.67
210,Laver (Nori)_56,1966,0.67
20,Laver (Nori)_55,1967,0.67
210,Laver (Nori)_56,1967,0.67
20,Laver (Nori)_55,1968,0.67
210,Laver (Nori)_56,1968,0.67
20,Laver (Nori)_55,1969,0.67
210,Laver (Nori)_56,1969,0.67
20,Laver (Nori)_55,1970,0.67
210,Laver (Nori)_56,1970,0.67
20,Laver (Nori)_55,1971,0.67
210,Laver (Nori)_56,1971,0.67
20,Laver (Nori)_55,1972,0.67
210,Laver (Nori)_56,1972,0.67
20,Laver (Nori)_55,1973,0.67
210,Laver (Nori)_56,1973,0.67
20,Laver (Nori)_55,1974,0.67
210,Laver (Nori)_56,1974,0.67
20,Laver (Nori)_55,1975,0.67
21,Laver (Nori)_57,1975,0.67
210,Laver (Nori)_56,1975,0.67
20,Laver (Nori)_55,1976,0.67
21,Laver (Nori)_57,1976,0.67
210,Laver (Nori)_56,1976,0.67
20,Laver (Nori)_55,1977,0.67
21,Laver (Nori)_57,1977,0.67
210,Laver (Nori)_56,1977,0.67
20,Laver (Nori)_55,1978,0.67
21,Laver (Nori)_57,1978,0.67
210,Laver (Nori)_56,1978,0.67
20,Laver (Nori)_55,1979,0.67
21,Laver (Nori)_57,1979,0.67
210,Laver (Nori)_56,1979,0.67
20,Laver (Nori)_55,1980,0.67
21,Laver (Nori)_57,1980,0.67
210,Laver (Nori)_56,1980,0.67
20,Laver (Nori)_55,1981,0.67
21,Laver (Nori)_57,1981,0.67
210,Laver (Nori)_56,1981,0.67
14,Laver (Nori)_58,1982,0.67
20,Laver (Nori)_55,1982,0.67
21,Laver (Nori)_57,1982,0.67
210,Laver (Nori)_56,1982,0.67
14,Laver (Nori)_58,1983,0.67
20,Laver (Nori)_55,1983,0.67
21,Laver (Nori)_57,1983,0.67
210,Laver (Nori)_56,1983,0.67
14,Laver (Nori)_58,1984,0.67
20,Laver (Nori)_55,1984,0.67
21,Laver (Nori)_57,1984,0.67
210,Laver (Nori)_56,1984,0.67
14,Laver (Nori)_58,1985,0.67
20,Laver (Nori)_55,1985,0.67
21,Laver (Nori)_57,1985,0.67
210,Laver (Nori)_56,1985,0.67
14,Laver (Nori)_58,1986,0.67
20,Laver (Nori)_55,1986,0.67
21,Laver (Nori)_57,1986,0.67
210,Laver (Nori)_56,1986,0.67
14,Laver (Nori)_58,1987,0.67
20,Laver (Nori)_55,1987,0.67
21,Laver (Nori)_57,1987,0.67
210,Laver (Nori)_56,1987,0.67
14,Laver (Nori)_58,1988,0.67
20,Laver (Nori)_55,1988,0.67
21,Laver (Nori)_57,1988,0.67
210,Laver (Nori)_56,1988,0.67
14,Laver (Nori)_58,1989,0.67
20,Laver (Nori)_55,1989,0.67
21,Laver (Nori)_57,1989,0.67
210,Laver (Nori)_56,1989,0.67
14,Laver (Nori)_58,1990,0.67
20,Laver (Nori)_55,1990,0.67
21,Laver (Nori)_57,1990,0.67
210,Laver (Nori)_56,1990,0.67
14,Laver (Nori)_58,1991,0.67
20,Laver (Nori)_55,1991,0.67
21,Laver (Nori)_57,1991,0.67
210,Laver (Nori)_56,1991,0.67
14,Laver (Nori)_58,1992,0.67
20,Laver (Nori)_55,1992,0.67
21,Laver (Nori)_57,1992,0.67
210,Laver (Nori)_56,1992,0.67
14,Laver (Nori)_58,1993,0.67
20,Laver (Nori)_55,1993,0.67
21,Laver (Nori)_57,1993,0.67
210,Laver (Nori)_56,1993,0.67
14,Laver (Nori)_58,1994,0.67
20,Laver (Nori)_55,1994,0.67
21,Laver (Nori)_57,1994,0.67
210,Laver (Nori)_56,1994,0.67
14,Laver (Nori)_58,1995,0.67
20,Laver (Nori)_55,1995,0.67
21,Laver (Nori)_57,1995,0.67
210,Laver (Nori)_56,1995,0.67
14,Laver (Nori)_58,1996,0.67
20,Laver (Nori)_55,1996,0.67
21,Laver (Nori)_57,1996,0.67
210,Laver (Nori)_56,1996,0.67
14,Laver (Nori)_58,1997,0.67
20,Laver (Nori)_55,1997,0.67
21,Laver (Nori)_57,1997,0.67
210,Laver (Nori)_56,1997,0.67
14,Laver (Nori)_58,1998,0.67
20,Laver (Nori)_55,1998,0.67
21,Laver (Nori)_57,1998,0.67
210,Laver (Nori)_56,1998,0.67
14,Laver (Nori)_58,1999,0.67
20,Laver (Nori)_55,1999,0.67
21,Laver (Nori)_57,1999,0.67
210,Laver (Nori)_56,1999,0.67
14,Laver (Nori)_58,2000,0.67
20,Laver (Nori)_55,2000,0.67
21,Laver (Nori)_57,2000,0.67
210,Laver (Nori)_56,2000,0.67
14,Laver (Nori)_58,2001,0.67
20,Laver (Nori)_55,2001,0.67
21,Laver (Nori)_57,2001,0.67
210,Laver (Nori)_56,2001,0.67
14,Laver (Nori)_58,2002,0.67
20,Laver (Nori)_55,2002,0.67
21,Laver (Nori)_57,2002,0.67
210,Laver (Nori)_56,2002,0.67
14,Laver (Nori)_58,2003,0.67
20,Laver (Nori)_55,2003,0.67
21,Laver (Nori)_57,2003,0.67
210,Laver (Nori)_56,2003,0.67
14,Laver (Nori)_58,2004,0.67
20,Laver (Nori)_55,2004,0.67
21,Laver (Nori)_57,2004,0.67
210,Laver (Nori)_56,2004,0.67
14,Laver (Nori)_58,2005,0.67
20,Laver (Nori)_55,2005,0.67
21,Laver (Nori)_57,2005,0.67
210,Laver (Nori)_56,2005,0.67
14,Laver (Nori)_58,2006,0.67
20,Laver (Nori)_55,2006,0.67
21,Laver (Nori)_57,2006,0.67
210,Laver (Nori)_56,2006,0.67
14,Laver (Nori)_58,2007,0.67
20,Laver (Nori)_55,2007,0.67
21,Laver (Nori)_57,2007,0.67
210,Laver (Nori)_56,2007,0.67
14,Laver (Nori)_58,2008,0.67
20,Laver (Nori)_55,2008,0.67
21,Laver (Nori)_57,2008,0.67
210,Laver (Nori)_56,2008,0.67
14,Laver (Nori)_58,2009,0.67
20,Laver (Nori)_55,2009,0.67
21,Laver (Nori)_57,2009,0.67
210,Laver (Nori)_56,2009,0.67
14,Laver (Nori)_58,2010,0.67
20,Laver (Nori)_55,2010,0.67
21,Laver (Nori)_57,2010,0.67
210,Laver (Nori)_56,2010,0.67
14,Laver (Nori)_58,2011,0.67
20,Laver (Nori)_55,2011,0.67
21,Laver (Nori)_57,2011,0.67
210,Laver (Nori)_56,2011,0.67
14,Laver (Nori)_58,2012,0.67
20,Laver (Nori)_55,2012,0.67
21,Laver (Nori)_57,2012,0.67
210,Laver (Nori)_56,2012,0.67
14,Laver (Nori)_58,2013,0.67
20,Laver (Nori)_55,2013,0.67
21,Laver (Nori)_57,2013,0.67
210,Laver (Nori)_56,2013,0.67
14,Laver (Nori)_58,2014,0.67
20,Laver (Nori)_55,2014,0.67
21,Laver (Nori)_57,2014,0.67
210,Laver (Nori)_56,2014,0.67
14,Laver (Nori)_58,2015,0.67
20,Laver (Nori)_55,2015,0.67
21,Laver (Nori)_57,2015,0.67
210,Laver (Nori)_56,2015,0.67
14,Laver (Nori)_58,2016,0.67
20,Laver (Nori)_55,2016,0.67
21,Laver (Nori)_57,2016,0.67
210,Laver (Nori)_56,2016,0.67
14,Laver (Nori)_58,2017,0.67
20,Laver (Nori)_55,2017,0.67
21,Laver (Nori)_57,2017,0.67
210,Laver (Nori)_56,2017,0.67
14,Laver (Nori)_58,2018,0.67
20,Laver (Nori)_55,2018,0.67
21,Laver (Nori)_57,2018,0.67
210,Laver (Nori)_56,2018,0.67
14,Laver (Nori)_58,2019,0.67
20,Laver (Nori)_55,2019,0.67
21,Laver (Nori)_57,2019,0.67
210,Laver (Nori)_56,2019,0.67
14,Laver (Nori)_58,2020,0.67
20,Laver (Nori)_55,2020,0.67
21,Laver (Nori)_57,2020,0.67
210,Laver (Nori)_56,2020,0.67
14,Laver (Nori)_58,2021,0.67
20,Laver (Nori)_55,2021,0.67
21,Laver (Nori)_57,2021,0.67
210,Laver (Nori)_56,2021,0.67
14,Laver (Nori)_58,2022,0.67
20,Laver (Nori)_55,2022,0.67
21,Laver (Nori)_57,2022,0.67
210,Laver (Nori)_56,2022,0.67
14,Laver (Nori)_58,2023,0.67
20,Laver (Nori)_55,2023,0.67
21,Laver (Nori)_57,2023,0.67
210,Laver (Nori)_56,2023,0.67
216,Red seaweeds_59,1950,0.67
216,Red seaweeds_59,1951,0.67
216,Red seaweeds_59,1952,0.67
216,Red seaweeds_59,1953,0.67
216,Red seaweeds_59,1954,0.67
216,Red seaweeds_59,1955,0.67
216,Red seaweeds_59,1956,0.67
216,Red seaweeds_59,1957,0.67
216,Red seaweeds_59,1958,0.67
216,Red seaweeds_59,1959,0.67
216,Red seaweeds_59,1960,0.67
216,Red seaweeds_59,1961,0.67
216,Red seaweeds_59,1962,0.67
216,Red seaweeds_59,1963,0.67
216,Red seaweeds_59,1964,0.67
216,Red seaweeds_59,1965,0.67
216,Red seaweeds_59,1966,0.67
216,Red seaweeds_59,1967,0.67
216,Red seaweeds_59,1968,0.67
216,Red seaweeds_59,1969,0.67
216,Red seaweeds_59,1970,0.67
216,Red seaweeds_59,1971,0.67
216,Red seaweeds_59,1972,0.67
216,Red seaweeds_59,1973,0.67
216,Red seaweeds_59,1974,0.67
216,Red seaweeds_59,1975,0.67
216,Red seaweeds_59,1976,0.67
216,Red seaweeds_59,1977,0.67
216,Red seaweeds_59,1978,0.67
216,Red seaweeds_59,1979,0.67
216,Red seaweeds_59,1980,0.67
216,Red seaweeds_59,1981,0.67
216,Red seaweeds_59,1982,0.67
216,Red seaweeds_59,1983,0.67
216,Red seaweeds_59,1984,0.67
216,Red seaweeds_59,1985,0.67
216,Red seaweeds_59,1986,0.67
216,Red seaweeds_59,1987,0.67
216,Red seaweeds_59,1988,0.67
216,Red seaweeds_59,1989,0.67
216,Red seaweeds_59,1990,0.67
216,Red seaweeds_59,1991,0.67
216,Red seaweeds_59,1992,0.67
216,Red seaweeds_59,1993,0.67
216,Red seaweeds_59,1994,0.67
216,Red seaweeds_59,1995,0.67
216,Red seaweeds_59,1996,0.67
216,Red seaweeds_59,1997,0.67
216,Red seaweeds_59,1998,0.67
216,Red seaweeds_59,1999,0.67
216,Red seaweeds_59,2000,0.67
203,Red seaweeds_60,2001,0.67
216,Red seaweeds_59,2001,0.67
203,Red seaweeds_60,2002,0.67
216,Red seaweeds_59,2002,0.67
203,Red seaweeds_60,2003,0.67
216,Red seaweeds_59,2003,0.67
203,Red seaweeds_60,2004,0.67
216,Red seaweeds_59,2004,0.67
203,Red seaweeds_60,2005,0.67
216,Red seaweeds_59,2005,0.67
203,Red seaweeds_60,2006,0.67
216,Red seaweeds_59,2006,0.67
203,Red seaweeds_60,2007,0.67
216,Red seaweeds_59,2007,0.67
203,Red seaweeds_60,2008,0.67
216,Red seaweeds_59,2008,0.67
203,Red seaweeds_60,2009,0.67
216,Red seaweeds_59,2009,0.67
203,Red seaweeds_60,2010,0.67
216,Red seaweeds_59,2010,0.67
203,Red seaweeds_60,2011,0.67
216,Red seaweeds_59,2011,0.67
203,Red seaweeds_60,2012,0.67
216,Red seaweeds_59,2012,0.67
203,Red seaweeds_60,2013,0.67
216,Red seaweeds_59,2013,0.67
203,Red seaweeds_60,2014,0.67
216,Red seaweeds_59,2014,0.67
203,Red seaweeds_60,2015,0.67
216,Red seaweeds_59,2015,0.67
203,Red seaweeds_60,2016,0.67
216,Red seaweeds_59,2016,0.67
203,Red seaweeds_60,2017,0.67
216,Red seaweeds_59,2017,0.67
203,Red seaweeds_60,2018,0.67
216,Red seaweeds_59,2018,0.67
203,Red seaweeds_60,2019,0.67
216,Red seaweeds_59,2019,0.67
203,Red seaweeds_60,2020,0.67
216,Red seaweeds_59,2020,0.67
203,Red seaweeds_60,2021,0.67
216,Red seaweeds_59,2021,0.67
203,Red seaweeds_60,2022,0.67
216,Red seaweeds_59,2022,0.67
203,Red seaweeds_60,2023,0.67
216,Red seaweeds_59,2023,0.67
182,Sea belt_61,2007,0.67
182,Sea belt_61,2008,0.67
175,Sea belt_62,2009,0.67
182,Sea belt_61,2009,0.67
175,Sea belt_62,2010,0.67
182,Sea belt_61,2010,0.67
175,Sea belt_62,2011,0.67
182,Sea belt_61,2011,0.67
175,Sea belt_62,2012,0.67
182,Sea belt_61,2012,0.67
175,Sea belt_62,2013,0.67
177,Sea belt_63,2013,0.67
182,Sea belt_61,2013,0.67
175,Sea belt_62,2014,0.67
177,Sea belt_63,2014,0.67
182,Sea belt_61,2014,0.67
141,Sea belt_64,2015,0.67
175,Sea belt_62,2015,0.67
177,Sea belt_63,2015,0.67
182,Sea belt_61,2015,0.67
223,Sea belt_65,2015,0.67
141,Sea belt_64,2016,0.67
175,Sea belt_62,2016,0.67
177,Sea belt_63,2016,0.67
182,Sea belt_61,2016,0.67
223,Sea belt_65,2016,0.67
141,Sea belt_64,2017,0.67
175,Sea belt_62,2017,0.67
177,Sea belt_63,2017,0.67
182,Sea belt_61,2017,0.67
223,Sea belt_65,2017,0.67
141,Sea belt_64,2018,0.67
175,Sea belt_62,2018,0.67
177,Sea belt_63,2018,0.67
182,Sea belt_61,2018,0.67
223,Sea belt_65,2018,0.67
141,Sea belt_64,2019,0.67
175,Sea belt_62,2019,0.67
177,Sea belt_63,2019,0.67
182,Sea belt_61,2019,0.67
223,Sea belt_65,2019,0.67
141,Sea belt_64,2020,0.67
175,Sea belt_62,2020,0.67
177,Sea belt_63,2020,0.67
182,Sea belt_61,2020,0.67
223,Sea belt_65,2020,0.67
141,Sea belt_64,2021,0.67
175,Sea belt_62,2021,0.67
177,Sea belt_63,2021,0.67
182,Sea belt_61,2021,0.67
223,Sea belt_65,2021,0.67
141,Sea belt_64,2022,0.67
175,Sea belt_62,2022,0.67
177,Sea belt_63,2022,0.67
182,Sea belt_61,2022,0.67
223,Sea belt_65,2022,0.67
141,Sea belt_64,2023,0.67
175,Sea belt_62,2023,0.67
177,Sea belt_63,2023,0.67
182,Sea belt_61,2023,0.67
223,Sea belt_65,2023,0.67
62,Slender wart weed_66,2016,0.67
62,Slender wart weed_66,2017,0.67
62,Slender wart weed_66,2018,0.67
62,Slender wart weed_66,2019,0.67
62,Slender wart weed_66,2020,0.67
62,Slender wart weed_66,2021,0.67
62,Slender wart weed_66,2022,0.67
62,Slender wart weed_66,2023,0.67
15,Spiny eucheuma_67,1974,0.67
15,Spiny eucheuma_67,1975,0.67
15,Spiny eucheuma_67,1976,0.67
15,Spiny eucheuma_67,1977,0.67
15,Spiny eucheuma_67,1978,0.67
15,Spiny eucheuma_67,1979,0.67
15,Spiny eucheuma_67,1980,0.67
15,Spiny eucheuma_67,1981,0.67
15,Spiny eucheuma_67,1982,0.67
15,Spiny eucheuma_67,1983,0.67
15,Spiny eucheuma_67,1984,0.67
15,Spiny eucheuma_67,1985,0.67
15,Spiny eucheuma_67,1986,0.67
15,Spiny eucheuma_67,1987,0.67
15,Spiny eucheuma_67,1988,0.67
15,Spiny eucheuma_67,1989,0.67
202,Spiny eucheuma_68,1989,0.67
15,Spiny eucheuma_67,1990,0.67
202,Spiny eucheuma_68,1990,0.67
15,Spiny eucheuma_67,1991,0.67
202,Spiny eucheuma_68,1991,0.67
15,Spiny eucheuma_67,1992,0.67
202,Spiny eucheuma_68,1992,0.67
15,Spiny eucheuma_67,1993,0.67
202,Spiny eucheuma_68,1993,0.67
15,Spiny eucheuma_67,1994,0.67
202,Spiny eucheuma_68,1994,0.67
15,Spiny eucheuma_67,1995,0.67
202,Spiny eucheuma_68,1995,0.67
15,Spiny eucheuma_67,1996,0.67
202,Spiny eucheuma_68,1996,0.67
15,Spiny eucheuma_67,1997,0.67
202,Spiny eucheuma_68,1997,0.67
15,Spiny eucheuma_67,1998,0.67
202,Spiny eucheuma_68,1998,0.67
15,Spiny eucheuma_67,1999,0.67
202,Spiny eucheuma_68,1999,0.67
15,Spiny eucheuma_67,2000,0.67
202,Spiny eucheuma_68,2000,0.67
15,Spiny eucheuma_67,2001,0.67
202,Spiny eucheuma_68,2001,0.67
206,Spiny eucheuma_69,2001,0.67
15,Spiny eucheuma_67,2002,0.67
139,Spiny eucheuma_70,2002,0.67
202,Spiny eucheuma_68,2002,0.67
206,Spiny eucheuma_69,2002,0.67
15,Spiny eucheuma_67,2003,0.67
139,Spiny eucheuma_70,2003,0.67
202,Spiny eucheuma_68,2003,0.67
206,Spiny eucheuma_69,2003,0.67
15,Spiny eucheuma_67,2004,0.67
139,Spiny eucheuma_70,2004,0.67
202,Spiny eucheuma_68,2004,0.67
206,Spiny eucheuma_69,2004,0.67
15,Spiny eucheuma_67,2005,0.67
139,Spiny eucheuma_70,2005,0.67
202,Spiny eucheuma_68,2005,0.67
206,Spiny eucheuma_69,2005,0.67
15,Spiny eucheuma_67,2006,0.67
139,Spiny eucheuma_70,2006,0.67
202,Spiny eucheuma_68,2006,0.67
206,Spiny eucheuma_69,2006,0.67
15,Spiny eucheuma_67,2007,0.67
139,Spiny eucheuma_70,2007,0.67
202,Spiny eucheuma_68,2007,0.67
206,Spiny eucheuma_69,2007,0.67
15,Spiny eucheuma_67,2008,0.67
139,Spiny eucheuma_70,2008,0.67
202,Spiny eucheuma_68,2008,0.67
206,Spiny eucheuma_69,2008,0.67
15,Spiny eucheuma_67,2009,0.67
139,Spiny eucheuma_70,2009,0.67
202,Spiny eucheuma_68,2009,0.67
206,Spiny eucheuma_69,2009,0.67
15,Spiny eucheuma_67,2010,0.67
43,Spiny eucheuma_71,2010,0.67
139,Spiny eucheuma_70,2010,0.67
202,Spiny eucheuma_68,2010,0.67
206,Spiny eucheuma_69,2010,0.67
15,Spiny eucheuma_67,2011,0.67
43,Spiny eucheuma_71,2011,0.67
139,Spiny eucheuma_70,2011,0.67
202,Spiny eucheuma_68,2011,0.67
206,Spiny eucheuma_69,2011,0.67
15,Spiny eucheuma_67,2012,0.67
43,Spiny eucheuma_71,2012,0.67
139,Spiny eucheuma_70,2012,0.67
202,Spiny eucheuma_68,2012,0.67
206,Spiny eucheuma_69,2012,0.67
15,Spiny eucheuma_67,2013,0.67
43,Spiny eucheuma_71,2013,0.67
139,Spiny eucheuma_70,2013,0.67
202,Spiny eucheuma_68,2013,0.67
206,Spiny eucheuma_69,2013,0.67
15,Spiny eucheuma_67,2014,0.67
43,Spiny eucheuma_71,2014,0.67
139,Spiny eucheuma_70,2014,0.67
202,Spiny eucheuma_68,2014,0.67
206,Spiny eucheuma_69,2014,0.67
15,Spiny eucheuma_67,2015,0.67
43,Spiny eucheuma_71,2015,0.67
139,Spiny eucheuma_70,2015,0.67
202,Spiny eucheuma_68,2015,0.67
206,Spiny eucheuma_69,2015,0.67
15,Spiny eucheuma_67,2016,0.67
43,Spiny eucheuma_71,2016,0.67
139,Spiny eucheuma_70,2016,0.67
202,Spiny eucheuma_68,2016,0.67
206,Spiny eucheuma_69,2016,0.67
15,Spiny eucheuma_67,2017,0.67
43,Spiny eucheuma_71,2017,0.67
139,Spiny eucheuma_70,2017,0.67
202,Spiny eucheuma_68,2017,0.67
206,Spiny eucheuma_69,2017,0.67
15,Spiny eucheuma_67,2018,0.67
43,Spiny eucheuma_71,2018,0.67
139,Spiny eucheuma_70,2018,0.67
202,Spiny eucheuma_68,2018,0.67
206,Spiny eucheuma_69,2018,0.67
15,Spiny eucheuma_67,2019,0.67
43,Spiny eucheuma_71,2019,0.67
139,Spiny eucheuma_70,2019,0.67
202,Spiny eucheuma_68,2019,0.67
206,Spiny eucheuma_69,2019,0.67
15,Spiny eucheuma_67,2020,0.67
43,Spiny eucheuma_71,2020,0.67
139,Spiny eucheuma_70,2020,0.67
202,Spiny eucheuma_68,2020,0.67
206,Spiny eucheuma_69,2020,0.67
15,Spiny eucheuma_67,2021,0.67
43,Spiny eucheuma_71,2021,0.67
139,Spiny eucheuma_70,2021,0.67
202,Spiny eucheuma_68,2021,0.67
206,Spiny eucheuma_69,2021,0.67
15,Spiny eucheuma_67,2022,0.67
43,Spiny eucheuma_71,2022,0.67
139,Spiny eucheuma_70,2022,0.67
202,Spiny eucheuma_68,2022,0.67
206,Spiny eucheuma_69,2022,0.67
15,Spiny eucheuma_67,2023,0.67
43,Spiny eucheuma_71,2023,0.67
139,Spiny eucheuma_70,2023,0.67
202,Spiny eucheuma_68,2023,0.67
206,Spiny eucheuma_69,2023,0.67
141,Tangle_72,2015,0.67
141,Tangle_72,2016,0.67
141,Tangle_72,2017,0.67
141,Tangle_72,2018,0.67
141,Tangle_72,2019,0.67
141,Tangle_72,2020,0.67
141,Tangle_72,2021,0.67
141,Tangle_72,2022,0.67
141,Tangle_72,2023,0.67
20,Wakame_73,1950,0.67
210,Wakame_74,1950,0.67
20,Wakame_73,1951,0.67
210,Wakame_74,1951,0.67
20,Wakame_73,1952,0.67
210,Wakame_74,1952,0.67
20,Wakame_73,1953,0.67
210,Wakame_74,1953,0.67
20,Wakame_73,1954,0.67
210,Wakame_74,1954,0.67
20,Wakame_73,1955,0.67
210,Wakame_74,1955,0.67
20,Wakame_73,1956,0.67
210,Wakame_74,1956,0.67
20,Wakame_73,1957,0.67
210,Wakame_74,1957,0.67
20,Wakame_73,1958,0.67
210,Wakame_74,1958,0.67
20,Wakame_73,1959,0.67
210,Wakame_74,1959,0.67
20,Wakame_73,1960,0.67
210,Wakame_74,1960,0.67
20,Wakame_73,1961,0.67
210,Wakame_74,1961,0.67
20,Wakame_73,1962,0.67
210,Wakame_74,1962,0.67
20,Wakame_73,1963,0.67
21,Wakame_75,1963,0.67
210,Wakame_74,1963,0.67
20,Wakame_73,1964,0.67
21,Wakame_75,1964,0.67
210,Wakame_74,1964,0.67
20,Wakame_73,1965,0.67
21,Wakame_75,1965,0.67
210,Wakame_74,1965,0.67
20,Wakame_73,1966,0.67
21,Wakame_75,1966,0.67
210,Wakame_74,1966,0.67
20,Wakame_73,1967,0.67
21,Wakame_75,1967,0.67
210,Wakame_74,1967,0.67
20,Wakame_73,1968,0.67
21,Wakame_75,1968,0.67
210,Wakame_74,1968,0.67
20,Wakame_73,1969,0.67
21,Wakame_75,1969,0.67
210,Wakame_74,1969,0.67
20,Wakame_73,1970,0.67
21,Wakame_75,1970,0.67
210,Wakame_74,1970,0.67
20,Wakame_73,1971,0.67
21,Wakame_75,1971,0.67
210,Wakame_74,1971,0.67
20,Wakame_73,1972,0.67
21,Wakame_75,1972,0.67
210,Wakame_74,1972,0.67
20,Wakame_73,1973,0.67
21,Wakame_75,1973,0.67
210,Wakame_74,1973,0.67
20,Wakame_73,1974,0.67
21,Wakame_75,1974,0.67
210,Wakame_74,1974,0.67
20,Wakame_73,1975,0.67
21,Wakame_75,1975,0.67
210,Wakame_74,1975,0.67
20,Wakame_73,1976,0.67
21,Wakame_75,1976,0.67
210,Wakame_74,1976,0.67
20,Wakame_73,1977,0.67
21,Wakame_75,1977,0.67
210,Wakame_74,1977,0.67
20,Wakame_73,1978,0.67
21,Wakame_75,1978,0.67
210,Wakame_74,1978,0.67
20,Wakame_73,1979,0.67
21,Wakame_75,1979,0.67
210,Wakame_74,1979,0.67
20,Wakame_73,1980,0.67
21,Wakame_75,1980,0.67
210,Wakame_74,1980,0.67
20,Wakame_73,1981,0.67
21,Wakame_75,1981,0.67
210,Wakame_74,1981,0.67
20,Wakame_73,1982,0.67
21,Wakame_75,1982,0.67
210,Wakame_74,1982,0.67
20,Wakame_73,1983,0.67
21,Wakame_75,1983,0.67
210,Wakame_74,1983,0.67
20,Wakame_73,1984,0.67
21,Wakame_75,1984,0.67
210,Wakame_74,1984,0.67
20,Wakame_73,1985,0.67
21,Wakame_75,1985,0.67
179,Wakame_76,1985,0.67
210,Wakame_74,1985,0.67
20,Wakame_73,1986,0.67
21,Wakame_75,1986,0.67
179,Wakame_76,1986,0.67
210,Wakame_74,1986,0.67
20,Wakame_73,1987,0.67
21,Wakame_75,1987,0.67
179,Wakame_76,1987,0.67
210,Wakame_74,1987,0.67
20,Wakame_73,1988,0.67
21,Wakame_75,1988,0.67
179,Wakame_76,1988,0.67
210,Wakame_74,1988,0.67
20,Wakame_73,1989,0.67
21,Wakame_75,1989,0.67
179,Wakame_76,1989,0.67
210,Wakame_74,1989,0.67
20,Wakame_73,1990,0.67
21,Wakame_75,1990,0.67
179,Wakame_76,1990,0.67
210,Wakame_74,1990,0.67
20,Wakame_73,1991,0.67
21,Wakame_75,1991,0.67
179,Wakame_76,1991,0.67
210,Wakame_74,1991,0.67
20,Wakame_73,1992,0.67
21,Wakame_75,1992,0.67
179,Wakame_76,1992,0.67
210,Wakame_74,1992,0.67
20,Wakame_73,1993,0.67
21,Wakame_75,1993,0.67
179,Wakame_76,1993,0.67
210,Wakame_74,1993,0.67
20,Wakame_73,1994,0.67
21,Wakame_75,1994,0.67
179,Wakame_76,1994,0.67
210,Wakame_74,1994,0.67
20,Wakame_73,1995,0.67
21,Wakame_75,1995,0.67
179,Wakame_76,1995,0.67
210,Wakame_74,1995,0.67
20,Wakame_73,1996,0.67
21,Wakame_75,1996,0.67
179,Wakame_76,1996,0.67
210,Wakame_74,1996,0.67
20,Wakame_73,1997,0.67
21,Wakame_75,1997,0.67
179,Wakame_76,1997,0.67
210,Wakame_74,1997,0.67
20,Wakame_73,1998,0.67
21,Wakame_75,1998,0.67
179,Wakame_76,1998,0.67
210,Wakame_74,1998,0.67
20,Wakame_73,1999,0.67
21,Wakame_75,1999,0.67
179,Wakame_76,1999,0.67
210,Wakame_74,1999,0.67
20,Wakame_73,2000,0.67
21,Wakame_75,2000,0.67
179,Wakame_76,2000,0.67
210,Wakame_74,2000,0.67
20,Wakame_73,2001,0.67
21,Wakame_75,2001,0.67
179,Wakame_76,2001,0.67
210,Wakame_74,2001,0.67
20,Wakame_73,2002,0.67
21,Wakame_75,2002,0.67
179,Wakame_76,2002,0.67
210,Wakame_74,2002,0.67
20,Wakame_73,2003,0.67
21,Wakame_75,2003,0.67
179,Wakame_76,2003,0.67
209,Wakame_77,2003,0.67
210,Wakame_74,2003,0.67
20,Wakame_73,2004,0.67
21,Wakame_75,2004,0.67
179,Wakame_76,2004,0.67
209,Wakame_77,2004,0.67
210,Wakame_74,2004,0.67
20,Wakame_73,2005,0.67
21,Wakame_75,2005,0.67
179,Wakame_76,2005,0.67
209,Wakame_77,2005,0.67
210,Wakame_74,2005,0.67
20,Wakame_73,2006,0.67
21,Wakame_75,2006,0.67
179,Wakame_76,2006,0.67
209,Wakame_77,2006,0.67
210,Wakame_74,2006,0.67
20,Wakame_73,2007,0.67
21,Wakame_75,2007,0.67
179,Wakame_76,2007,0.67
209,Wakame_77,2007,0.67
210,Wakame_74,2007,0.67
20,Wakame_73,2008,0.67
21,Wakame_75,2008,0.67
179,Wakame_76,2008,0.67
209,Wakame_77,2008,0.67
210,Wakame_74,2008,0.67
20,Wakame_73,2009,0.67
21,Wakame_75,2009,0.67
179,Wakame_76,2009,0.67
209,Wakame_77,2009,0.67
210,Wakame_74,2009,0.67
20,Wakame_73,2010,0.67
21,Wakame_75,2010,0.67
179,Wakame_76,2010,0.67
209,Wakame_77,2010,0.67
210,Wakame_74,2010,0.67
20,Wakame_73,2011,0.67
21,Wakame_75,2011,0.67
179,Wakame_76,2011,0.67
209,Wakame_77,2011,0.67
210,Wakame_74,2011,0.67
20,Wakame_73,2012,0.67
21,Wakame_75,2012,0.67
179,Wakame_76,2012,0.67
209,Wakame_77,2012,0.67
210,Wakame_74,2012,0.67
20,Wakame_73,2013,0.67
21,Wakame_75,2013,0.67
179,Wakame_76,2013,0.67
209,Wakame_77,2013,0.67
210,Wakame_74,2013,0.67
20,Wakame_73,2014,0.67
21,Wakame_75,2014,0.67
179,Wakame_76,2014,0.67
209,Wakame_77,2014,0.67
210,Wakame_74,2014,0.67
20,Wakame_73,2015,0.67
21,Wakame_75,2015,0.67
179,Wakame_76,2015,0.67
209,Wakame_77,2015,0.67
210,Wakame_74,2015,0.67
20,Wakame_73,2016,0.67
21,Wakame_75,2016,0.67
179,Wakame_76,2016,0.67
209,Wakame_77,2016,0.67
210,Wakame_74,2016,0.67
20,Wakame_73,2017,0.67
21,Wakame_75,2017,0.67
179,Wakame_76,2017,0.67
209,Wakame_77,2017,0.67
210,Wakame_74,2017,0.67
20,Wakame_73,2018,0.67
21,Wakame_75,2018,0.67
177,Wakame_78,2018,0.67
179,Wakame_76,2018,0.67
209,Wakame_77,2018,0.67
210,Wakame_74,2018,0.67
20,Wakame_73,2019,0.67
21,Wakame_75,2019,0.67
177,Wakame_78,2019,0.67
179,Wakame_76,2019,0.67
209,Wakame_77,2019,0.67
210,Wakame_74,2019,0.67
20,Wakame_73,2020,0.67
21,Wakame_75,2020,0.67
177,Wakame_78,2020,0.67
179,Wakame_76,2020,0.67
209,Wakame_77,2020,0.67
210,Wakame_74,2020,0.67
20,Wakame_73,2021,0.67
21,Wakame_75,2021,0.67
177,Wakame_78,2021,0.67
179,Wakame_76,2021,0.67
209,Wakame_77,2021,0.67
210,Wakame_74,2021,0.67
20,Wakame_73,2022,0.67
21,Wakame_75,2022,0.67
177,Wakame_78,2022,0.67
179,Wakame_76,2022,0.67
209,Wakame_77,2022,0.67
210,Wakame_74,2022,0.67
20,Wakame_73,2023,0.67
21,Wakame_75,2023,0.67
177,Wakame_78,2023,0.67
179,Wakame_76,2023,0.67
209,Wakame_77,2023,0.67
210,Wakame_74,2023,0.67
61,Warty gracilaria_80,2019,0.67
61,Warty gracilaria_80,2020,0.67
61,Warty gracilaria_80,2021,0.67
61,Warty gracilaria_80,2022,0.67
61,Warty gracilaria_80,2023,0.67
20,[Capsosiphon fulvescens]_81,1967,0.67
20,[Capsosiphon fulvescens]_81,1968,0.67
20,[Capsosiphon fulvescens]_81,1969,0.67
20,[Capsosiphon fulvescens]_81,1970,0.67
20,[Capsosiphon fulvescens]_81,1971,0.67
20,[Capsosiphon fulvescens]_81,1972,0.67
20,[Capsosiphon fulvescens]_81,1973,0.67
20,[Capsosiphon fulvescens]_81,1974,0.67
20,[Capsosiphon fulvescens]_81,1975,0.67
20,[Capsosiphon fulvescens]_81,1976,0.67
20,[Capsosiphon fulvescens]_81,1977,0.67
20,[Capsosiphon fulvescens]_81,1978,0.67
20,[Capsosiphon fulvescens]_81,1979,0.67
20,[Capsosiphon fulvescens]_81,1980,0.67
20,[Capsosiphon fulvescens]_81,1981,0.67
20,[Capsosiphon fulvescens]_81,1982,0.67
20,[Capsosiphon fulvescens]_81,1983,0.67
20,[Capsosiphon fulvescens]_81,1984,0.67
20,[Capsosiphon fulvescens]_81,1985,0.67
20,[Capsosiphon fulvescens]_81,1986,0.67
20,[Capsosiphon fulvescens]_81,1987,0.67
20,[Capsosiphon fulvescens]_81,1988,0.67
20,[Capsosiphon fulvescens]_81,1989,0.67
20,[Capsosiphon fulvescens]_81,1990,0.67
20,[Capsosiphon fulvescens]_81,1991,0.67
20,[Capsosiphon fulvescens]_81,1992,0.67
20,[Capsosiphon fulvescens]_81,1993,0.67
20,[Capsosiphon fulvescens]_81,1994,0.67
20,[Capsosiphon fulvescens]_81,1995,0.67
20,[Capsosiphon fulvescens]_81,1996,0.67
20,[Capsosiphon fulvescens]_81,1997,0.67
20,[Capsosiphon fulvescens]_81,1998,0.67
20,[Capsosiphon fulvescens]_81,1999,0.67
20,[Capsosiphon fulvescens]_81,2000,0.67
20,[Capsosiphon fulvescens]_81,2001,0.67
20,[Capsosiphon fulvescens]_81,2002,0.67
20,[Capsosiphon fulvescens]_81,2003,0.67
20,[Capsosiphon fulvescens]_81,2004,0.67
20,[Capsosiphon fulvescens]_81,2005,0.67
20,[Capsosiphon fulvescens]_81,2006,0.67
20,[Capsosiphon fulvescens]_81,2007,0.67
20,[Capsosiphon fulvescens]_81,2008,0.67
20,[Capsosiphon fulvescens]_81,2009,0.67
20,[Capsosiphon fulvescens]_81,2010,0.67
20,[Capsosiphon fulvescens]_81,2011,0.67
20,[Capsosiphon fulvescens]_81,2012,0.67
20,[Capsosiphon fulvescens]_81,2013,0.67
20,[Capsosiphon fulvescens]_81,2014,0.67
20,[Capsosiphon fulvescens]_81,2015,0.67
20,[Capsosiphon fulvescens]_81,2016,0.67
20,[Capsosiphon fulvescens]_81,2017,0.67
20,[Capsosiphon fulvescens]_81,2018,0.67
20,[Capsosiphon fulvescens]_81,2019,0.67
20,[Capsosiphon fulvescens]_81,2020,0.67
20,[Capsosiphon fulvescens]_81,2021,0.67
20,[Capsosiphon fulvescens]_81,2022,0.67
20,[Capsosiphon fulvescens]_81,2023,0.67
155,[Cladosiphon okamuranus]_82,2008,0.67
155,[Cladosiphon okamuranus]_82,2009,0.67
155,[Cladosiphon okamuranus]_82,2010,0.67
155,[Cladosiphon okamuranus]_82,2011,0.67
155,[Cladosiphon okamuranus]_82,2012,0.67
155,[Cladosiphon okamuranus]_82,2013,0.67
155,[Cladosiphon okamuranus]_82,2014,0.67
155,[Cladosiphon okamuranus]_82,2015,0.67
155,[Cladosiphon okamuranus]_82,2016,0.67
155,[Cladosiphon okamuranus]_82,2017,0.67
155,[Cladosiphon okamuranus]_82,2018,0.67
155,[Cladosiphon okamuranus]_82,2019,0.67
155,[Cladosiphon okamuranus]_82,2020,0.67
155,[Cladosiphon okamuranus]_82,2021,0.67
155,[Cladosiphon okamuranus]_82,2022,0.67
155,[Cladosiphon okamuranus]_82,2023,0.67
120,[Eucheumatopsis isiformis]_83,1994,0.67
120,[Eucheumatopsis isiformis]_83,1995,0.67
120,[Eucheumatopsis isiformis]_83,1996,0.67
120,[Eucheumatopsis isiformis]_83,1997,0.67
120,[Eucheumatopsis isiformis]_83,1998,0.67
120,[Eucheumatopsis isiformis]_83,1999,0.67
120,[Eucheumatopsis isiformis]_83,2000,0.67
120,[Eucheumatopsis isiformis]_83,2001,0.67
120,[Eucheumatopsis isiformis]_83,2002,0.67
120,[Eucheumatopsis isiformis]_83,2003,0.67
120,[Eucheumatopsis isiformis]_83,2004,0.67
120,[Eucheumatopsis isiformis]_83,2005,0.67
120,[Eucheumatopsis isiformis]_83,2006,0.67
120,[Eucheumatopsis isiformis]_83,2007,0.67
120,[Eucheumatopsis isiformis]_83,2008,0.67
120,[Eucheumatopsis isiformis]_83,2009,0.67
120,[Eucheumatopsis isiformis]_83,2010,0.67
120,[Eucheumatopsis isiformis]_83,2011,0.67
120,[Eucheumatopsis isiformis]_83,2012,0.67
164,[Eucheumatopsis isiformis]_84,2012,0.67
120,[Eucheumatopsis isiformis]_83,2013,0.67
164,[Eucheumatopsis isiformis]_84,2013,0.67
120,[Eucheumatopsis isiformis]_83,2014,0.67
164,[Eucheumatopsis isiformis]_84,2014,0.67
120,[Eucheumatopsis isiformis]_83,2015,0.67
164,[Eucheumatopsis isiformis]_84,2015,0.67
120,[Eucheumatopsis isiformis]_83,2016,0.67
164,[Eucheumatopsis isiformis]_84,2016,0.67
120,[Eucheumatopsis isiformis]_83,2017,0.67
164,[Eucheumatopsis isiformis]_84,2017,0.67
120,[Eucheumatopsis isiformis]_83,2018,0.67
164,[Eucheumatopsis isiformis]_84,2018,0.67
120,[Eucheumatopsis isiformis]_83,2019,0.67
164,[Eucheumatopsis isiformis]_84,2019,0.67
120,[Eucheumatopsis isiformis]_83,2020,0.67
164,[Eucheumatopsis isiformis]_84,2020,0.67
120,[Eucheumatopsis isiformis]_83,2021,0.67
164,[Eucheumatopsis isiformis]_84,2021,0.67
120,[Eucheumatopsis isiformis]_83,2022,0.67
164,[Eucheumatopsis isiformis]_84,2022,0.67
120,[Eucheumatopsis isiformis]_83,2023,0.67
164,[Eucheumatopsis isiformis]_84,2023,0.67
20,[Sargassum spp]_85,2017,0.67
20,[Sargassum spp]_85,2018,0.67
20,[Sargassum spp]_85,2019,0.67
216,[Sargassum spp]_86,2019,0.67
20,[Sargassum spp]_85,2020,0.67
216,[Sargassum spp]_86,2020,0.67
20,[Sargassum spp]_85,2021,0.67
216,[Sargassum spp]_86,2021,0.67
20,[Sargassum spp]_85,2022,0.67
216,[Sargassum spp]_86,2022,0.67
20,[Sargassum spp]_85,2023,0.67
216,[Sargassum spp]_86,2023,0.67
