rgn_id,taxa_code,year,tonnes
183,Brown seaweeds_1,2015,0.06
183,Brown seaweeds_1,2016,0
183,Brown seaweeds_1,2017,0
183,Brown seaweeds_1,2018,0.16
183,Brown seaweeds_1,2019,0
183,Brown seaweeds_1,2020,2
183,Brown seaweeds_1,2021,2
183,Brown seaweeds_1,2022,2
183,Brown seaweeds_1,2023,0.82
216,Caulerpa seaweeds_2,2019,45
216,Caulerpa seaweeds_2,2020,232
216,Caulerpa seaweeds_2,2021,218.59
216,Caulerpa seaweeds_2,2022,224.576
216,Caulerpa seaweeds_2,2023,355.138
155,Elkhorn sea moss_3,2000,50
155,Elkhorn sea moss_3,2001,50
155,Elkhorn sea moss_3,2002,50
155,Elkhorn sea moss_3,2003,50
155,Elkhorn sea moss_3,2004,30
155,Elkhorn sea moss_3,2005,80
155,Elkhorn sea moss_3,2006,0.1
155,Elkhorn sea moss_3,2007,0
155,Elkhorn sea moss_3,2008,0.1
155,Elkhorn sea moss_3,2009,0
155,Elkhorn sea moss_3,2010,0
40,Elkhorn sea moss_4,2011,1.25
155,Elkhorn sea moss_3,2011,0
40,Elkhorn sea moss_4,2012,22.5
155,Elkhorn sea moss_3,2012,0
40,Elkhorn sea moss_4,2013,25
155,Elkhorn sea moss_3,2013,0
40,Elkhorn sea moss_4,2014,9
155,Elkhorn sea moss_3,2014,0
40,Elkhorn sea moss_4,2015,4760
155,Elkhorn sea moss_3,2015,0
40,Elkhorn sea moss_4,2016,199
155,Elkhorn sea moss_3,2016,0
40,Elkhorn sea moss_4,2017,692
155,Elkhorn sea moss_3,2017,0
40,Elkhorn sea moss_4,2018,322
155,Elkhorn sea moss_3,2018,0
40,Elkhorn sea moss_4,2019,246.8
155,Elkhorn sea moss_3,2019,0
40,Elkhorn sea moss_4,2020,421.7
155,Elkhorn sea moss_3,2020,0
40,Elkhorn sea moss_4,2021,218
155,Elkhorn sea moss_3,2021,0
40,Elkhorn sea moss_4,2022,271
155,Elkhorn sea moss_3,2022,0
40,Elkhorn sea moss_4,2023,1729
155,Elkhorn sea moss_3,2023,0
184,Gracilaria seaweeds_5,1990,5000
184,Gracilaria seaweeds_5,1991,5000
184,Gracilaria seaweeds_5,1992,5000
184,Gracilaria seaweeds_5,1993,5000
184,Gracilaria seaweeds_5,1994,5000
184,Gracilaria seaweeds_5,1995,5000
184,Gracilaria seaweeds_5,1996,5000
184,Gracilaria seaweeds_5,1997,5000
184,Gracilaria seaweeds_5,1998,3000
184,Gracilaria seaweeds_5,1999,3000
184,Gracilaria seaweeds_5,2000,3000
216,Gracilaria seaweeds_6,2000,8000
184,Gracilaria seaweeds_5,2001,0
216,Gracilaria seaweeds_6,2001,10000
184,Gracilaria seaweeds_5,2002,0
216,Gracilaria seaweeds_6,2002,10000
184,Gracilaria seaweeds_5,2003,0
216,Gracilaria seaweeds_6,2003,10000
184,Gracilaria seaweeds_5,2004,0
216,Gracilaria seaweeds_6,2004,12606
184,Gracilaria seaweeds_5,2005,0
216,Gracilaria seaweeds_6,2005,44253
184,Gracilaria seaweeds_5,2006,0
216,Gracilaria seaweeds_6,2006,120000
184,Gracilaria seaweeds_5,2007,0
216,Gracilaria seaweeds_6,2007,242821
184,Gracilaria seaweeds_5,2008,0
216,Gracilaria seaweeds_6,2008,207470
184,Gracilaria seaweeds_5,2009,0
216,Gracilaria seaweeds_6,2009,171868
184,Gracilaria seaweeds_5,2010,0
216,Gracilaria seaweeds_6,2010,515581
184,Gracilaria seaweeds_5,2011,0
216,Gracilaria seaweeds_6,2011,630788
184,Gracilaria seaweeds_5,2012,0
216,Gracilaria seaweeds_6,2012,776166
184,Gracilaria seaweeds_5,2013,0
216,Gracilaria seaweeds_6,2013,975211
184,Gracilaria seaweeds_5,2014,0
216,Gracilaria seaweeds_6,2014,1105528.6
184,Gracilaria seaweeds_5,2015,0
216,Gracilaria seaweeds_6,2015,1157234
184,Gracilaria seaweeds_5,2016,0
216,Gracilaria seaweeds_6,2016,1358400.24
184,Gracilaria seaweeds_5,2017,0
216,Gracilaria seaweeds_6,2017,1059005
184,Gracilaria seaweeds_5,2018,0
216,Gracilaria seaweeds_6,2018,128000
184,Gracilaria seaweeds_5,2019,0
216,Gracilaria seaweeds_6,2019,1223564
184,Gracilaria seaweeds_5,2020,0
216,Gracilaria seaweeds_6,2020,1456730
184,Gracilaria seaweeds_5,2021,0
216,Gracilaria seaweeds_6,2021,1845981.885
184,Gracilaria seaweeds_5,2022,0
216,Gracilaria seaweeds_6,2022,1396099.393
184,Gracilaria seaweeds_5,2023,0
216,Gracilaria seaweeds_6,2023,1499052.621
183,Green seaweeds_7,2014,3.12
183,Green seaweeds_7,2015,1.53
183,Green seaweeds_7,2016,2
183,Green seaweeds_7,2017,33.47
183,Green seaweeds_7,2018,33.29
183,Green seaweeds_7,2019,35
207,Green seaweeds_8,2019,1717
183,Green seaweeds_7,2020,30
207,Green seaweeds_8,2020,952
183,Green seaweeds_7,2021,30
207,Green seaweeds_8,2021,900
183,Green seaweeds_7,2022,30
207,Green seaweeds_8,2022,900
183,Green seaweeds_7,2023,68.03
207,Green seaweeds_8,2023,900
183,Red seaweeds_9,2014,0.4
183,Red seaweeds_9,2015,0.39
183,Red seaweeds_9,2016,0
183,Red seaweeds_9,2017,0
183,Red seaweeds_9,2018,1.27
183,Red seaweeds_9,2019,0
183,Red seaweeds_9,2020,10
183,Red seaweeds_9,2021,10
183,Red seaweeds_9,2022,10
183,Red seaweeds_9,2023,1.45
14,Warty gracilaria_10,1954,100
14,Warty gracilaria_10,1955,100
14,Warty gracilaria_10,1956,100
14,Warty gracilaria_10,1957,100
14,Warty gracilaria_10,1958,100
14,Warty gracilaria_10,1959,100
14,Warty gracilaria_10,1960,100
14,Warty gracilaria_10,1961,110
14,Warty gracilaria_10,1962,106
14,Warty gracilaria_10,1963,104
14,Warty gracilaria_10,1964,76
14,Warty gracilaria_10,1965,80
14,Warty gracilaria_10,1966,593
14,Warty gracilaria_10,1967,1048
14,Warty gracilaria_10,1968,2500
14,Warty gracilaria_10,1969,1751
14,Warty gracilaria_10,1970,1546
14,Warty gracilaria_10,1971,1915
14,Warty gracilaria_10,1972,3245
14,Warty gracilaria_10,1973,5047
14,Warty gracilaria_10,1974,5971
14,Warty gracilaria_10,1975,5643
14,Warty gracilaria_10,1976,6837
14,Warty gracilaria_10,1977,6804
14,Warty gracilaria_10,1978,11901
14,Warty gracilaria_10,1979,11043
14,Warty gracilaria_10,1980,9621
14,Warty gracilaria_10,1981,10671
14,Warty gracilaria_10,1982,9698
14,Warty gracilaria_10,1983,10017
14,Warty gracilaria_10,1984,10031
14,Warty gracilaria_10,1985,9972
14,Warty gracilaria_10,1986,9206
14,Warty gracilaria_10,1987,5427
14,Warty gracilaria_10,1988,6558
14,Warty gracilaria_10,1989,8647
14,Warty gracilaria_10,1990,10551
14,Warty gracilaria_10,1991,9239
14,Warty gracilaria_10,1992,11034
14,Warty gracilaria_10,1993,7924
14,Warty gracilaria_10,1994,6104
14,Warty gracilaria_10,1995,8254
14,Warty gracilaria_10,1996,9924
14,Warty gracilaria_10,1997,12576
14,Warty gracilaria_10,1998,14766
14,Warty gracilaria_10,1999,15324
14,Warty gracilaria_10,2000,11325
14,Warty gracilaria_10,2001,13607
14,Warty gracilaria_10,2002,16738
14,Warty gracilaria_10,2003,12189
14,Warty gracilaria_10,2004,9085
14,Warty gracilaria_10,2005,2393
14,Warty gracilaria_10,2006,5943
14,Warty gracilaria_10,2007,9381
14,Warty gracilaria_10,2008,6861
14,Warty gracilaria_10,2009,4383
14,Warty gracilaria_10,2010,4888
14,Warty gracilaria_10,2011,4865.3
14,Warty gracilaria_10,2012,3478
14,Warty gracilaria_10,2013,3210
14,Warty gracilaria_10,2014,936
14,Warty gracilaria_10,2015,634
14,Warty gracilaria_10,2016,450
14,Warty gracilaria_10,2017,588.6
14,Warty gracilaria_10,2018,686.93
14,Warty gracilaria_10,2019,975.992
14,Warty gracilaria_10,2020,1675.14
14,Warty gracilaria_10,2021,287.825
14,Warty gracilaria_10,2022,192.425
14,Warty gracilaria_10,2023,283.025
209,Brown seaweeds_11,1978,4427
209,Brown seaweeds_11,1979,6463
209,Brown seaweeds_11,1980,7293
209,Brown seaweeds_11,1981,6990
209,Brown seaweeds_11,1982,6842
209,Brown seaweeds_11,1983,11199
209,Brown seaweeds_11,1984,36090
209,Brown seaweeds_11,1985,67500
209,Brown seaweeds_11,1986,183890
209,Brown seaweeds_11,1987,157930
209,Brown seaweeds_11,1988,190670
209,Brown seaweeds_11,1989,115120
209,Brown seaweeds_11,1990,195760
209,Brown seaweeds_11,1991,286210
209,Brown seaweeds_11,1992,429370
209,Brown seaweeds_11,1993,603330
209,Brown seaweeds_11,1994,671620
209,Brown seaweeds_11,1995,634240
209,Brown seaweeds_11,1996,471015
209,Brown seaweeds_11,1997,432697
209,Brown seaweeds_11,1998,1763671
209,Brown seaweeds_11,1999,2108633
209,Brown seaweeds_11,2000,2849779
209,Brown seaweeds_11,2001,3150615
209,Brown seaweeds_11,2002,3445035
209,Brown seaweeds_11,2003,2212753
209,Brown seaweeds_11,2004,2218128
209,Brown seaweeds_11,2005,1826939
209,Brown seaweeds_11,2006,2309570
209,Brown seaweeds_11,2007,2265050
175,Brown seaweeds_12,2008,1000
209,Brown seaweeds_11,2008,2434920
175,Brown seaweeds_12,2009,1000
209,Brown seaweeds_11,2009,2446834
175,Brown seaweeds_12,2010,1000
209,Brown seaweeds_11,2010,3019580
175,Brown seaweeds_12,2011,1000
209,Brown seaweeds_11,2011,2736062
175,Brown seaweeds_12,2012,1000
179,Brown seaweeds_13,2012,100
209,Brown seaweeds_11,2012,2676750
175,Brown seaweeds_12,2013,1800
179,Brown seaweeds_13,2013,100
209,Brown seaweeds_11,2013,2719122
175,Brown seaweeds_12,2014,100
179,Brown seaweeds_13,2014,100
209,Brown seaweeds_11,2014,402457
175,Brown seaweeds_12,2015,100
179,Brown seaweeds_13,2015,100
209,Brown seaweeds_11,2015,434172
175,Brown seaweeds_12,2016,100
179,Brown seaweeds_13,2016,100
209,Brown seaweeds_11,2016,803190
175,Brown seaweeds_12,2017,10
179,Brown seaweeds_13,2017,100
209,Brown seaweeds_11,2017,664530
175,Brown seaweeds_12,2018,12
179,Brown seaweeds_13,2018,0
209,Brown seaweeds_11,2018,886420
175,Brown seaweeds_12,2019,0
179,Brown seaweeds_13,2019,0
209,Brown seaweeds_11,2019,1241440
175,Brown seaweeds_12,2020,0
179,Brown seaweeds_13,2020,0
209,Brown seaweeds_11,2020,1165650
175,Brown seaweeds_12,2021,0
179,Brown seaweeds_13,2021,0
209,Brown seaweeds_11,2021,1298030
175,Brown seaweeds_12,2022,0
179,Brown seaweeds_13,2022,0
209,Brown seaweeds_11,2022,2050990
175,Brown seaweeds_12,2023,0
179,Brown seaweeds_13,2023,0
209,Brown seaweeds_11,2023,886290
15,Caulerpa seaweeds_14,1950,185
15,Caulerpa seaweeds_14,1951,208
15,Caulerpa seaweeds_14,1952,233
15,Caulerpa seaweeds_14,1953,261
15,Caulerpa seaweeds_14,1954,293
15,Caulerpa seaweeds_14,1955,328
15,Caulerpa seaweeds_14,1956,368
15,Caulerpa seaweeds_14,1957,412
15,Caulerpa seaweeds_14,1958,462
15,Caulerpa seaweeds_14,1959,517
15,Caulerpa seaweeds_14,1960,580
15,Caulerpa seaweeds_14,1961,650
15,Caulerpa seaweeds_14,1962,728
15,Caulerpa seaweeds_14,1963,816
15,Caulerpa seaweeds_14,1964,915
15,Caulerpa seaweeds_14,1965,1025
15,Caulerpa seaweeds_14,1966,1149
15,Caulerpa seaweeds_14,1967,1288
15,Caulerpa seaweeds_14,1968,1444
15,Caulerpa seaweeds_14,1969,1618
15,Caulerpa seaweeds_14,1970,1813
15,Caulerpa seaweeds_14,1971,2032
15,Caulerpa seaweeds_14,1972,2278
15,Caulerpa seaweeds_14,1973,2553
15,Caulerpa seaweeds_14,1974,2861
15,Caulerpa seaweeds_14,1975,3206
15,Caulerpa seaweeds_14,1976,3594
15,Caulerpa seaweeds_14,1977,4027
15,Caulerpa seaweeds_14,1978,4514
15,Caulerpa seaweeds_14,1979,5059
15,Caulerpa seaweeds_14,1980,7964
15,Caulerpa seaweeds_14,1981,4979
15,Caulerpa seaweeds_14,1982,6523
15,Caulerpa seaweeds_14,1983,7932
15,Caulerpa seaweeds_14,1984,8781
15,Caulerpa seaweeds_14,1985,11278
15,Caulerpa seaweeds_14,1986,10436
15,Caulerpa seaweeds_14,1987,13250
15,Caulerpa seaweeds_14,1988,15384
15,Caulerpa seaweeds_14,1989,16122
15,Caulerpa seaweeds_14,1990,17471
15,Caulerpa seaweeds_14,1991,17027
15,Caulerpa seaweeds_14,1992,20970
15,Caulerpa seaweeds_14,1993,25169
15,Caulerpa seaweeds_14,1994,26787
15,Caulerpa seaweeds_14,1995,4040
15,Caulerpa seaweeds_14,1996,5141
15,Caulerpa seaweeds_14,1997,13713
15,Caulerpa seaweeds_14,1998,28704
15,Caulerpa seaweeds_14,1999,22751
15,Caulerpa seaweeds_14,2000,28296
15,Caulerpa seaweeds_14,2001,25155
15,Caulerpa seaweeds_14,2002,10790
15,Caulerpa seaweeds_14,2003,4163
15,Caulerpa seaweeds_14,2004,4252
15,Caulerpa seaweeds_14,2005,4309
15,Caulerpa seaweeds_14,2006,5444
15,Caulerpa seaweeds_14,2007,5177
15,Caulerpa seaweeds_14,2008,4288
15,Caulerpa seaweeds_14,2009,3881
15,Caulerpa seaweeds_14,2010,4309
15,Caulerpa seaweeds_14,2011,5145
15,Caulerpa seaweeds_14,2012,3928
15,Caulerpa seaweeds_14,2013,3029
15,Caulerpa seaweeds_14,2014,1199
15,Caulerpa seaweeds_14,2015,1219
15,Caulerpa seaweeds_14,2016,585
152,Caulerpa seaweeds_15,2016,2
15,Caulerpa seaweeds_14,2017,955
152,Caulerpa seaweeds_15,2017,2
15,Caulerpa seaweeds_14,2018,1218.142
152,Caulerpa seaweeds_15,2018,2
15,Caulerpa seaweeds_14,2019,1090.225
152,Caulerpa seaweeds_15,2019,2
15,Caulerpa seaweeds_14,2020,789.357
152,Caulerpa seaweeds_15,2020,2
15,Caulerpa seaweeds_14,2021,1090.019
152,Caulerpa seaweeds_15,2021,2
15,Caulerpa seaweeds_14,2022,637.368
152,Caulerpa seaweeds_15,2022,5
15,Caulerpa seaweeds_14,2023,802.557
152,Caulerpa seaweeds_15,2023,8.069
209,Dark green nori_16,2003,2434
209,Dark green nori_16,2004,2870
209,Dark green nori_16,2005,5546
209,Dark green nori_16,2006,10160
209,Dark green nori_16,2007,10550
209,Dark green nori_16,2008,12540
209,Dark green nori_16,2009,10478
209,Dark green nori_16,2010,10821
209,Dark green nori_16,2011,8674
209,Dark green nori_16,2012,8529
209,Dark green nori_16,2013,4202
209,Dark green nori_16,2014,956
209,Dark green nori_16,2015,958
209,Dark green nori_16,2016,3540
209,Dark green nori_16,2017,3400
209,Dark green nori_16,2018,0
209,Dark green nori_16,2019,0
209,Dark green nori_16,2020,200
209,Dark green nori_16,2021,840
209,Dark green nori_16,2022,0
209,Dark green nori_16,2023,0
15,Elkhorn sea moss_17,1965,1000
15,Elkhorn sea moss_17,1966,1000
15,Elkhorn sea moss_17,1967,1000
15,Elkhorn sea moss_17,1968,1000
15,Elkhorn sea moss_17,1969,1000
15,Elkhorn sea moss_17,1970,1000
15,Elkhorn sea moss_17,1971,3000
15,Elkhorn sea moss_17,1972,3000
15,Elkhorn sea moss_17,1973,5000
15,Elkhorn sea moss_17,1974,16000
15,Elkhorn sea moss_17,1975,14000
15,Elkhorn sea moss_17,1976,12000
15,Elkhorn sea moss_17,1977,22685
15,Elkhorn sea moss_17,1978,75009
15,Elkhorn sea moss_17,1979,94373
15,Elkhorn sea moss_17,1980,118130
15,Elkhorn sea moss_17,1981,73855
15,Elkhorn sea moss_17,1982,96752
15,Elkhorn sea moss_17,1983,117661
15,Elkhorn sea moss_17,1984,126430
15,Elkhorn sea moss_17,1985,162385
15,Elkhorn sea moss_17,1986,150259
15,Elkhorn sea moss_17,1987,196548
15,Elkhorn sea moss_17,1988,228201
15,Elkhorn sea moss_17,1989,239142
15,Elkhorn sea moss_17,1990,259146
139,Elkhorn sea moss_18,1990,101
15,Elkhorn sea moss_17,1991,252566
139,Elkhorn sea moss_18,1991,0
15,Elkhorn sea moss_17,1992,311060
139,Elkhorn sea moss_18,1992,5
15,Elkhorn sea moss_17,1993,357997
139,Elkhorn sea moss_18,1993,54
15,Elkhorn sea moss_17,1994,440669
139,Elkhorn sea moss_18,1994,15
15,Elkhorn sea moss_17,1995,562003
139,Elkhorn sea moss_18,1995,40
15,Elkhorn sea moss_17,1996,638853
139,Elkhorn sea moss_18,1996,32
15,Elkhorn sea moss_17,1997,630375
139,Elkhorn sea moss_18,1997,36
15,Elkhorn sea moss_17,1998,639207
139,Elkhorn sea moss_18,1998,160
207,Elkhorn sea moss_19,1998,5000
15,Elkhorn sea moss_17,1999,653277
139,Elkhorn sea moss_18,1999,160
207,Elkhorn sea moss_19,1999,5000
15,Elkhorn sea moss_17,2000,644319
139,Elkhorn sea moss_18,2000,95
207,Elkhorn sea moss_19,2000,5000
15,Elkhorn sea moss_17,2001,688089
139,Elkhorn sea moss_18,2001,25
202,Elkhorn sea moss_20,2001,10480
206,Elkhorn sea moss_21,2001,18000
207,Elkhorn sea moss_19,2001,5000
7,Elkhorn sea moss_22,2002,6
15,Elkhorn sea moss_17,2002,799373
41,Elkhorn sea moss_23,2002,1570
139,Elkhorn sea moss_18,2002,0
202,Elkhorn sea moss_20,2002,7860
206,Elkhorn sea moss_21,2002,18000
207,Elkhorn sea moss_19,2002,5000
7,Elkhorn sea moss_22,2003,400
15,Elkhorn sea moss_17,2003,902382
41,Elkhorn sea moss_23,2003,2100
139,Elkhorn sea moss_18,2003,0
202,Elkhorn sea moss_20,2003,4170
206,Elkhorn sea moss_21,2003,24000
207,Elkhorn sea moss_19,2003,5000
7,Elkhorn sea moss_22,2004,1711.2
15,Elkhorn sea moss_17,2004,1114413
41,Elkhorn sea moss_23,2004,920
139,Elkhorn sea moss_18,2004,0
202,Elkhorn sea moss_20,2004,3940
206,Elkhorn sea moss_21,2004,29400
207,Elkhorn sea moss_19,2004,5000
7,Elkhorn sea moss_22,2005,2608.8
15,Elkhorn sea moss_17,2005,1233186
41,Elkhorn sea moss_23,2005,360
139,Elkhorn sea moss_18,2005,0
202,Elkhorn sea moss_20,2005,4280
206,Elkhorn sea moss_21,2005,38000
207,Elkhorn sea moss_19,2005,5000
7,Elkhorn sea moss_22,2006,1353.6
15,Elkhorn sea moss_17,2006,1385276
41,Elkhorn sea moss_23,2006,150
139,Elkhorn sea moss_18,2006,0
202,Elkhorn sea moss_20,2006,1900
206,Elkhorn sea moss_21,2006,57000
207,Elkhorn sea moss_19,2006,5000
7,Elkhorn sea moss_22,2007,865.6
15,Elkhorn sea moss_17,2007,1399405
41,Elkhorn sea moss_23,2007,690
139,Elkhorn sea moss_18,2007,0
202,Elkhorn sea moss_20,2007,637.5
206,Elkhorn sea moss_21,2007,86000
207,Elkhorn sea moss_19,2007,5000
7,Elkhorn sea moss_22,2008,1159.2
15,Elkhorn sea moss_17,2008,1556423
41,Elkhorn sea moss_23,2008,700
139,Elkhorn sea moss_18,2008,0
171,Elkhorn sea moss_24,2008,300
202,Elkhorn sea moss_20,2008,165
205,Elkhorn sea moss_25,2008,288
206,Elkhorn sea moss_21,2008,106000
207,Elkhorn sea moss_19,2008,5000
7,Elkhorn sea moss_22,2009,4028.8
15,Elkhorn sea moss_17,2009,1621584
41,Elkhorn sea moss_23,2009,230
139,Elkhorn sea moss_18,2009,0
171,Elkhorn sea moss_24,2009,500
202,Elkhorn sea moss_20,2009,205.75
205,Elkhorn sea moss_25,2009,1200
206,Elkhorn sea moss_21,2009,133000
207,Elkhorn sea moss_19,2009,5000
7,Elkhorn sea moss_22,2010,7104
15,Elkhorn sea moss_17,2010,1669247
17,Elkhorn sea moss_26,2010,100
41,Elkhorn sea moss_23,2010,0
139,Elkhorn sea moss_18,2010,0
171,Elkhorn sea moss_24,2010,700
202,Elkhorn sea moss_20,2010,128
205,Elkhorn sea moss_25,2010,2094.1
206,Elkhorn sea moss_21,2010,200000
207,Elkhorn sea moss_19,2010,4779
7,Elkhorn sea moss_22,2011,7217.6
15,Elkhorn sea moss_17,2011,1697682
17,Elkhorn sea moss_26,2011,250
41,Elkhorn sea moss_23,2011,0
139,Elkhorn sea moss_18,2011,0
171,Elkhorn sea moss_24,2011,700
202,Elkhorn sea moss_20,2011,621
205,Elkhorn sea moss_25,2011,2336.4
206,Elkhorn sea moss_21,2011,239450
207,Elkhorn sea moss_19,2011,4399
7,Elkhorn sea moss_22,2012,6990.4
15,Elkhorn sea moss_17,2012,1608401
17,Elkhorn sea moss_26,2012,1400
41,Elkhorn sea moss_23,2012,0
139,Elkhorn sea moss_18,2012,0
164,Elkhorn sea moss_27,2012,3.6
171,Elkhorn sea moss_24,2012,700
202,Elkhorn sea moss_20,2012,904
205,Elkhorn sea moss_25,2012,3200
206,Elkhorn sea moss_21,2012,331490
207,Elkhorn sea moss_19,2012,6029
7,Elkhorn sea moss_22,2013,11812
15,Elkhorn sea moss_17,2013,1428707
17,Elkhorn sea moss_26,2013,2000
41,Elkhorn sea moss_23,2013,0
139,Elkhorn sea moss_18,2013,0
164,Elkhorn sea moss_27,2013,10
171,Elkhorn sea moss_24,2013,700
202,Elkhorn sea moss_20,2013,2008
205,Elkhorn sea moss_25,2013,1600
206,Elkhorn sea moss_21,2013,269431.2
207,Elkhorn sea moss_19,2013,5066
7,Elkhorn sea moss_22,2014,12162.4
15,Elkhorn sea moss_17,2014,1434714
17,Elkhorn sea moss_26,2014,2000
41,Elkhorn sea moss_23,2014,0
137,Elkhorn sea moss_28,2014,35
139,Elkhorn sea moss_18,2014,0
164,Elkhorn sea moss_27,2014,2.2
171,Elkhorn sea moss_24,2014,700
202,Elkhorn sea moss_20,2014,5330
205,Elkhorn sea moss_25,2014,2100
206,Elkhorn sea moss_21,2014,245332
207,Elkhorn sea moss_19,2014,4610
7,Elkhorn sea moss_22,2015,12200
15,Elkhorn sea moss_17,2015,1457865
17,Elkhorn sea moss_26,2015,2000
41,Elkhorn sea moss_23,2015,0
137,Elkhorn sea moss_28,2015,40
139,Elkhorn sea moss_18,2015,0
164,Elkhorn sea moss_27,2015,3
171,Elkhorn sea moss_24,2015,700
202,Elkhorn sea moss_20,2015,582
205,Elkhorn sea moss_25,2015,2324
206,Elkhorn sea moss_21,2015,260760.3
207,Elkhorn sea moss_19,2015,3359
7,Elkhorn sea moss_22,2016,10580
15,Elkhorn sea moss_17,2016,1301153
17,Elkhorn sea moss_26,2016,2000
41,Elkhorn sea moss_23,2016,0
137,Elkhorn sea moss_28,2016,60
139,Elkhorn sea moss_18,2016,0
164,Elkhorn sea moss_27,2016,3
171,Elkhorn sea moss_24,2016,700
202,Elkhorn sea moss_20,2016,12
205,Elkhorn sea moss_25,2016,29.94
206,Elkhorn sea moss_21,2016,205989
207,Elkhorn sea moss_19,2016,1824.5
7,Elkhorn sea moss_22,2017,4780
15,Elkhorn sea moss_17,2017,1330290
17,Elkhorn sea moss_26,2017,1500
41,Elkhorn sea moss_23,2017,0
137,Elkhorn sea moss_28,2017,60
139,Elkhorn sea moss_18,2017,0
164,Elkhorn sea moss_27,2017,2
171,Elkhorn sea moss_24,2017,700
202,Elkhorn sea moss_20,2017,260
205,Elkhorn sea moss_25,2017,171.255
206,Elkhorn sea moss_21,2017,202965.58
207,Elkhorn sea moss_19,2017,1036.5
7,Elkhorn sea moss_22,2018,5520
15,Elkhorn sea moss_17,2018,1405412.922
17,Elkhorn sea moss_26,2018,750
41,Elkhorn sea moss_23,2018,0
119,Elkhorn sea moss_29,2018,1
127,Elkhorn sea moss_30,2018,1
137,Elkhorn sea moss_28,2018,60
139,Elkhorn sea moss_18,2018,100
164,Elkhorn sea moss_27,2018,2
171,Elkhorn sea moss_24,2018,700
202,Elkhorn sea moss_20,2018,1290
205,Elkhorn sea moss_25,2018,1356.1
206,Elkhorn sea moss_21,2018,174083.2
207,Elkhorn sea moss_19,2018,5372.6
7,Elkhorn sea moss_22,2019,5600
15,Elkhorn sea moss_17,2019,1423168.406
17,Elkhorn sea moss_26,2019,500
41,Elkhorn sea moss_23,2019,0
119,Elkhorn sea moss_29,2019,1
127,Elkhorn sea moss_30,2019,0.24
137,Elkhorn sea moss_28,2019,60
139,Elkhorn sea moss_18,2019,4275
164,Elkhorn sea moss_27,2019,4
171,Elkhorn sea moss_24,2019,1000
202,Elkhorn sea moss_20,2019,1040
205,Elkhorn sea moss_25,2019,11.422
206,Elkhorn sea moss_21,2019,188110
207,Elkhorn sea moss_19,2019,1545
7,Elkhorn sea moss_22,2020,5500
15,Elkhorn sea moss_17,2020,1404743.358
17,Elkhorn sea moss_26,2020,500
41,Elkhorn sea moss_23,2020,0
119,Elkhorn sea moss_29,2020,2
127,Elkhorn sea moss_30,2020,13.07
137,Elkhorn sea moss_28,2020,60
139,Elkhorn sea moss_18,2020,4500
164,Elkhorn sea moss_27,2020,4
171,Elkhorn sea moss_24,2020,1000
202,Elkhorn sea moss_20,2020,1164
205,Elkhorn sea moss_25,2020,0
206,Elkhorn sea moss_21,2020,182061
207,Elkhorn sea moss_19,2020,951.54
7,Elkhorn sea moss_22,2021,12455.74
15,Elkhorn sea moss_17,2021,1296454.418
17,Elkhorn sea moss_26,2021,500
41,Elkhorn sea moss_23,2021,0
119,Elkhorn sea moss_29,2021,2
127,Elkhorn sea moss_30,2021,13
137,Elkhorn sea moss_28,2021,100
139,Elkhorn sea moss_18,2021,4000
164,Elkhorn sea moss_27,2021,4
171,Elkhorn sea moss_24,2021,1080
202,Elkhorn sea moss_20,2021,842
205,Elkhorn sea moss_25,2021,0
206,Elkhorn sea moss_21,2021,178873.3
207,Elkhorn sea moss_19,2021,613
7,Elkhorn sea moss_22,2022,11871.3
15,Elkhorn sea moss_17,2022,1476349.347
17,Elkhorn sea moss_26,2022,600
41,Elkhorn sea moss_23,2022,0
119,Elkhorn sea moss_29,2022,2
127,Elkhorn sea moss_30,2022,13
137,Elkhorn sea moss_28,2022,100
139,Elkhorn sea moss_18,2022,20070
164,Elkhorn sea moss_27,2022,4
171,Elkhorn sea moss_24,2022,1050
202,Elkhorn sea moss_20,2022,895
205,Elkhorn sea moss_25,2022,0
206,Elkhorn sea moss_21,2022,307964.96
207,Elkhorn sea moss_19,2022,707.54
7,Elkhorn sea moss_22,2023,702.128
15,Elkhorn sea moss_17,2023,1537701.675
17,Elkhorn sea moss_26,2023,650
41,Elkhorn sea moss_23,2023,0
119,Elkhorn sea moss_29,2023,2
127,Elkhorn sea moss_30,2023,13
137,Elkhorn sea moss_28,2023,100
139,Elkhorn sea moss_18,2023,6230
164,Elkhorn sea moss_27,2023,4
171,Elkhorn sea moss_24,2023,1050
202,Elkhorn sea moss_20,2023,315
205,Elkhorn sea moss_25,2023,0
206,Elkhorn sea moss_21,2023,225077.55
207,Elkhorn sea moss_19,2023,855.294
20,Fragile codium_31,2005,1597
20,Fragile codium_31,2006,165
20,Fragile codium_31,2007,158
20,Fragile codium_31,2008,1186
20,Fragile codium_31,2009,1796
20,Fragile codium_31,2010,1394
20,Fragile codium_31,2011,1005
20,Fragile codium_31,2012,855
20,Fragile codium_31,2013,2045
20,Fragile codium_31,2014,5550
20,Fragile codium_31,2015,3895
20,Fragile codium_31,2016,4279
20,Fragile codium_31,2017,3980
20,Fragile codium_31,2018,3400
20,Fragile codium_31,2019,3258
20,Fragile codium_31,2020,7108
20,Fragile codium_31,2021,11317.336
20,Fragile codium_31,2022,2462.036
20,Fragile codium_31,2023,7593.537
21,Gelidium seaweeds_32,1989,1000
21,Gelidium seaweeds_32,1990,1000
21,Gelidium seaweeds_32,1991,1000
21,Gelidium seaweeds_32,1992,1000
21,Gelidium seaweeds_32,1993,1000
21,Gelidium seaweeds_32,1994,1000
21,Gelidium seaweeds_32,1995,1000
21,Gelidium seaweeds_32,1996,1000
21,Gelidium seaweeds_32,1997,1000
21,Gelidium seaweeds_32,1998,1000
21,Gelidium seaweeds_32,1999,1000
21,Gelidium seaweeds_32,2000,1000
21,Gelidium seaweeds_32,2001,0
21,Gelidium seaweeds_32,2002,0
21,Gelidium seaweeds_32,2003,0
21,Gelidium seaweeds_32,2004,0
21,Gelidium seaweeds_32,2005,0
21,Gelidium seaweeds_32,2006,0
21,Gelidium seaweeds_32,2007,0
21,Gelidium seaweeds_32,2008,0
21,Gelidium seaweeds_32,2009,0
21,Gelidium seaweeds_32,2010,0
21,Gelidium seaweeds_32,2011,0
21,Gelidium seaweeds_32,2012,0
21,Gelidium seaweeds_32,2013,0
21,Gelidium seaweeds_32,2014,0
21,Gelidium seaweeds_32,2015,0
21,Gelidium seaweeds_32,2016,0
21,Gelidium seaweeds_32,2017,0
21,Gelidium seaweeds_32,2018,0
21,Gelidium seaweeds_32,2019,0
21,Gelidium seaweeds_32,2020,0
21,Gelidium seaweeds_32,2021,0
21,Gelidium seaweeds_32,2022,0
21,Gelidium seaweeds_32,2023,0
224,Giant kelp_33,2008,1
224,Giant kelp_33,2009,5
224,Giant kelp_33,2010,12
224,Giant kelp_33,2011,0.1
138,Giant kelp_34,2012,15.4
224,Giant kelp_33,2012,0
138,Giant kelp_34,2013,0
224,Giant kelp_33,2013,0
138,Giant kelp_34,2014,0
224,Giant kelp_33,2014,2
138,Giant kelp_34,2015,1.58
224,Giant kelp_33,2015,0
138,Giant kelp_34,2016,1.27
224,Giant kelp_33,2016,0.1
138,Giant kelp_34,2017,1.55
224,Giant kelp_33,2017,0
138,Giant kelp_34,2018,6
224,Giant kelp_33,2018,0.51
138,Giant kelp_34,2019,0
224,Giant kelp_33,2019,2
138,Giant kelp_34,2020,0
224,Giant kelp_33,2020,0
138,Giant kelp_34,2021,0
224,Giant kelp_33,2021,2
138,Giant kelp_34,2022,0
224,Giant kelp_33,2022,11
138,Giant kelp_34,2023,0
224,Giant kelp_33,2023,37
207,Gracilaria seaweeds_35,1950,300
207,Gracilaria seaweeds_35,1951,300
207,Gracilaria seaweeds_35,1952,300
207,Gracilaria seaweeds_35,1953,400
207,Gracilaria seaweeds_35,1954,400
207,Gracilaria seaweeds_35,1955,400
207,Gracilaria seaweeds_35,1956,400
207,Gracilaria seaweeds_35,1957,500
207,Gracilaria seaweeds_35,1958,500
207,Gracilaria seaweeds_35,1959,500
207,Gracilaria seaweeds_35,1960,500
207,Gracilaria seaweeds_35,1961,500
207,Gracilaria seaweeds_35,1962,500
207,Gracilaria seaweeds_35,1963,500
207,Gracilaria seaweeds_35,1964,600
21,Gracilaria seaweeds_36,1965,25
207,Gracilaria seaweeds_35,1965,600
21,Gracilaria seaweeds_36,1966,49
207,Gracilaria seaweeds_35,1966,600
21,Gracilaria seaweeds_36,1967,93
207,Gracilaria seaweeds_35,1967,600
21,Gracilaria seaweeds_36,1968,138
207,Gracilaria seaweeds_35,1968,600
21,Gracilaria seaweeds_36,1969,183
207,Gracilaria seaweeds_35,1969,600
21,Gracilaria seaweeds_36,1970,228
207,Gracilaria seaweeds_35,1970,600
224,Gracilaria seaweeds_37,1970,2
21,Gracilaria seaweeds_36,1971,280
207,Gracilaria seaweeds_35,1971,800
224,Gracilaria seaweeds_37,1971,12
21,Gracilaria seaweeds_36,1972,320
207,Gracilaria seaweeds_35,1972,800
224,Gracilaria seaweeds_37,1972,31
21,Gracilaria seaweeds_36,1973,350
207,Gracilaria seaweeds_35,1973,800
224,Gracilaria seaweeds_37,1973,117
21,Gracilaria seaweeds_36,1974,400
207,Gracilaria seaweeds_35,1974,800
224,Gracilaria seaweeds_37,1974,175
21,Gracilaria seaweeds_36,1975,460
207,Gracilaria seaweeds_35,1975,800
224,Gracilaria seaweeds_37,1975,258
21,Gracilaria seaweeds_36,1976,500
207,Gracilaria seaweeds_35,1976,800
224,Gracilaria seaweeds_37,1976,373
21,Gracilaria seaweeds_36,1977,600
207,Gracilaria seaweeds_35,1977,800
224,Gracilaria seaweeds_37,1977,534
21,Gracilaria seaweeds_36,1978,700
207,Gracilaria seaweeds_35,1978,1000
224,Gracilaria seaweeds_37,1978,755
21,Gracilaria seaweeds_36,1979,800
207,Gracilaria seaweeds_35,1979,1000
224,Gracilaria seaweeds_37,1979,1054
21,Gracilaria seaweeds_36,1980,900
207,Gracilaria seaweeds_35,1980,1000
224,Gracilaria seaweeds_37,1980,1455
21,Gracilaria seaweeds_36,1981,1000
207,Gracilaria seaweeds_35,1981,1000
224,Gracilaria seaweeds_37,1981,1990
21,Gracilaria seaweeds_36,1982,1000
207,Gracilaria seaweeds_35,1982,1000
224,Gracilaria seaweeds_37,1982,3060
21,Gracilaria seaweeds_36,1983,1000
207,Gracilaria seaweeds_35,1983,1000
224,Gracilaria seaweeds_37,1983,1237
21,Gracilaria seaweeds_36,1984,1000
207,Gracilaria seaweeds_35,1984,1000
224,Gracilaria seaweeds_37,1984,6800
21,Gracilaria seaweeds_36,1985,1000
122,Gracilaria seaweeds_38,1985,100
207,Gracilaria seaweeds_35,1985,1500
224,Gracilaria seaweeds_37,1985,4924
21,Gracilaria seaweeds_36,1986,1000
122,Gracilaria seaweeds_38,1986,100
207,Gracilaria seaweeds_35,1986,1700
224,Gracilaria seaweeds_37,1986,5332
21,Gracilaria seaweeds_36,1987,1000
122,Gracilaria seaweeds_38,1987,100
207,Gracilaria seaweeds_35,1987,1700
224,Gracilaria seaweeds_37,1987,9178
21,Gracilaria seaweeds_36,1988,1000
122,Gracilaria seaweeds_38,1988,35
207,Gracilaria seaweeds_35,1988,1700
224,Gracilaria seaweeds_37,1988,23109
21,Gracilaria seaweeds_36,1989,1000
122,Gracilaria seaweeds_38,1989,40
207,Gracilaria seaweeds_35,1989,1700
224,Gracilaria seaweeds_37,1989,36150
21,Gracilaria seaweeds_36,1990,1000
122,Gracilaria seaweeds_38,1990,40
207,Gracilaria seaweeds_35,1990,2000
224,Gracilaria seaweeds_37,1990,38017
21,Gracilaria seaweeds_36,1991,1000
122,Gracilaria seaweeds_38,1991,40
207,Gracilaria seaweeds_35,1991,3000
224,Gracilaria seaweeds_37,1991,57679
21,Gracilaria seaweeds_36,1992,1000
122,Gracilaria seaweeds_38,1992,20
207,Gracilaria seaweeds_35,1992,5000
224,Gracilaria seaweeds_37,1992,47807
21,Gracilaria seaweeds_36,1993,1000
101,Gracilaria seaweeds_39,1993,17
122,Gracilaria seaweeds_38,1993,7
207,Gracilaria seaweeds_35,1993,5000
224,Gracilaria seaweeds_37,1993,48648
21,Gracilaria seaweeds_36,1994,1000
101,Gracilaria seaweeds_39,1994,17
122,Gracilaria seaweeds_38,1994,10
207,Gracilaria seaweeds_35,1994,6000
224,Gracilaria seaweeds_37,1994,65787
21,Gracilaria seaweeds_36,1995,1000
101,Gracilaria seaweeds_39,1995,17
102,Gracilaria seaweeds_40,1995,10
122,Gracilaria seaweeds_38,1995,10
138,Gracilaria seaweeds_41,1995,2
207,Gracilaria seaweeds_35,1995,8000
224,Gracilaria seaweeds_37,1995,49183
21,Gracilaria seaweeds_36,1996,1000
101,Gracilaria seaweeds_39,1996,17
102,Gracilaria seaweeds_40,1996,32
122,Gracilaria seaweeds_38,1996,10
138,Gracilaria seaweeds_41,1996,227
207,Gracilaria seaweeds_35,1996,9000
224,Gracilaria seaweeds_37,1996,105212
21,Gracilaria seaweeds_36,1997,1000
101,Gracilaria seaweeds_39,1997,17
102,Gracilaria seaweeds_40,1997,10
122,Gracilaria seaweeds_38,1997,0
138,Gracilaria seaweeds_41,1997,125
207,Gracilaria seaweeds_35,1997,10000
224,Gracilaria seaweeds_37,1997,102767
21,Gracilaria seaweeds_36,1998,1000
101,Gracilaria seaweeds_39,1998,17
102,Gracilaria seaweeds_40,1998,16
122,Gracilaria seaweeds_38,1998,0
138,Gracilaria seaweeds_41,1998,125
207,Gracilaria seaweeds_35,1998,10000
224,Gracilaria seaweeds_37,1998,68386
21,Gracilaria seaweeds_36,1999,1000
101,Gracilaria seaweeds_39,1999,20
102,Gracilaria seaweeds_40,1999,5
122,Gracilaria seaweeds_38,1999,0
138,Gracilaria seaweeds_41,1999,53
207,Gracilaria seaweeds_35,1999,10000
224,Gracilaria seaweeds_37,1999,31278
21,Gracilaria seaweeds_36,2000,1000
101,Gracilaria seaweeds_39,2000,20
102,Gracilaria seaweeds_40,2000,12
122,Gracilaria seaweeds_38,2000,0
138,Gracilaria seaweeds_41,2000,11
207,Gracilaria seaweeds_35,2000,10000
224,Gracilaria seaweeds_37,2000,33471
21,Gracilaria seaweeds_36,2001,0
101,Gracilaria seaweeds_39,2001,20
102,Gracilaria seaweeds_40,2001,12
122,Gracilaria seaweeds_38,2001,0
138,Gracilaria seaweeds_41,2001,12
207,Gracilaria seaweeds_35,2001,10000
224,Gracilaria seaweeds_37,2001,65538
15,Gracilaria seaweeds_42,2002,1643
21,Gracilaria seaweeds_36,2002,0
101,Gracilaria seaweeds_39,2002,38
102,Gracilaria seaweeds_40,2002,50
122,Gracilaria seaweeds_38,2002,0
138,Gracilaria seaweeds_41,2002,0
207,Gracilaria seaweeds_35,2002,10000
224,Gracilaria seaweeds_37,2002,71648
15,Gracilaria seaweeds_42,2003,1015
21,Gracilaria seaweeds_36,2003,0
101,Gracilaria seaweeds_39,2003,67
102,Gracilaria seaweeds_40,2003,92
122,Gracilaria seaweeds_38,2003,0
138,Gracilaria seaweeds_41,2003,0
207,Gracilaria seaweeds_35,2003,10000
209,Gracilaria seaweeds_43,2003,442416
224,Gracilaria seaweeds_37,2003,40050
15,Gracilaria seaweeds_42,2004,389
21,Gracilaria seaweeds_36,2004,0
101,Gracilaria seaweeds_39,2004,67
102,Gracilaria seaweeds_40,2004,95
122,Gracilaria seaweeds_38,2004,0
138,Gracilaria seaweeds_41,2004,0
207,Gracilaria seaweeds_35,2004,10000
209,Gracilaria seaweeds_43,2004,777723
224,Gracilaria seaweeds_37,2004,20266
15,Gracilaria seaweeds_42,2005,1130
21,Gracilaria seaweeds_36,2005,0
101,Gracilaria seaweeds_39,2005,67
102,Gracilaria seaweeds_40,2005,100
122,Gracilaria seaweeds_38,2005,0
138,Gracilaria seaweeds_41,2005,0
207,Gracilaria seaweeds_35,2005,10000
209,Gracilaria seaweeds_43,2005,862142
224,Gracilaria seaweeds_37,2005,15492
15,Gracilaria seaweeds_42,2006,1423
21,Gracilaria seaweeds_36,2006,0
101,Gracilaria seaweeds_39,2006,70
102,Gracilaria seaweeds_40,2006,100
122,Gracilaria seaweeds_38,2006,4.5
138,Gracilaria seaweeds_41,2006,0
207,Gracilaria seaweeds_35,2006,10000
209,Gracilaria seaweeds_43,2006,888840
224,Gracilaria seaweeds_37,2006,33586
15,Gracilaria seaweeds_42,2007,1383
21,Gracilaria seaweeds_36,2007,0
101,Gracilaria seaweeds_39,2007,27
102,Gracilaria seaweeds_40,2007,100
122,Gracilaria seaweeds_38,2007,0.1
138,Gracilaria seaweeds_41,2007,0
207,Gracilaria seaweeds_35,2007,10000
209,Gracilaria seaweeds_43,2007,994510
224,Gracilaria seaweeds_37,2007,23668
15,Gracilaria seaweeds_42,2008,2479
21,Gracilaria seaweeds_36,2008,0
101,Gracilaria seaweeds_39,2008,132
102,Gracilaria seaweeds_40,2008,300
122,Gracilaria seaweeds_38,2008,0
138,Gracilaria seaweeds_41,2008,0
171,Gracilaria seaweeds_44,2008,20
207,Gracilaria seaweeds_35,2008,10000
209,Gracilaria seaweeds_43,2008,1144460
224,Gracilaria seaweeds_37,2008,21686
15,Gracilaria seaweeds_42,2009,2308
21,Gracilaria seaweeds_36,2009,0
101,Gracilaria seaweeds_39,2009,130
102,Gracilaria seaweeds_40,2009,400
122,Gracilaria seaweeds_38,2009,0
138,Gracilaria seaweeds_41,2009,0
171,Gracilaria seaweeds_44,2009,20
207,Gracilaria seaweeds_35,2009,10000
209,Gracilaria seaweeds_43,2009,1239049
224,Gracilaria seaweeds_37,2009,88147
15,Gracilaria seaweeds_42,2010,2025
21,Gracilaria seaweeds_36,2010,0
101,Gracilaria seaweeds_39,2010,130
102,Gracilaria seaweeds_40,2010,450
122,Gracilaria seaweeds_38,2010,0
138,Gracilaria seaweeds_41,2010,0
171,Gracilaria seaweeds_44,2010,30
207,Gracilaria seaweeds_35,2010,13442
209,Gracilaria seaweeds_43,2010,1113336
224,Gracilaria seaweeds_37,2010,12150
15,Gracilaria seaweeds_42,2011,1823
21,Gracilaria seaweeds_36,2011,0
101,Gracilaria seaweeds_39,2011,130
102,Gracilaria seaweeds_40,2011,0
122,Gracilaria seaweeds_38,2011,0
138,Gracilaria seaweeds_41,2011,0
171,Gracilaria seaweeds_44,2011,30
207,Gracilaria seaweeds_35,2011,11029
209,Gracilaria seaweeds_43,2011,1442737
224,Gracilaria seaweeds_37,2011,14469
15,Gracilaria seaweeds_42,2012,1139
21,Gracilaria seaweeds_36,2012,0
101,Gracilaria seaweeds_39,2012,130
102,Gracilaria seaweeds_40,2012,0
122,Gracilaria seaweeds_38,2012,0
138,Gracilaria seaweeds_41,2012,0
171,Gracilaria seaweeds_44,2012,30
207,Gracilaria seaweeds_35,2012,13665
209,Gracilaria seaweeds_43,2012,1885647
224,Gracilaria seaweeds_37,2012,4111
15,Gracilaria seaweeds_42,2013,2424
21,Gracilaria seaweeds_36,2013,0
101,Gracilaria seaweeds_39,2013,130
102,Gracilaria seaweeds_40,2013,0
122,Gracilaria seaweeds_38,2013,0
138,Gracilaria seaweeds_41,2013,0
171,Gracilaria seaweeds_44,2013,30
207,Gracilaria seaweeds_35,2013,9519
209,Gracilaria seaweeds_43,2013,2355564
224,Gracilaria seaweeds_37,2013,12460
15,Gracilaria seaweeds_42,2014,536
21,Gracilaria seaweeds_36,2014,0
101,Gracilaria seaweeds_39,2014,130
102,Gracilaria seaweeds_40,2014,0
122,Gracilaria seaweeds_38,2014,0
138,Gracilaria seaweeds_41,2014,0
171,Gracilaria seaweeds_44,2014,30
207,Gracilaria seaweeds_35,2014,10609
209,Gracilaria seaweeds_43,2014,2506227
224,Gracilaria seaweeds_37,2014,12808
15,Gracilaria seaweeds_42,2015,327
21,Gracilaria seaweeds_36,2015,0
101,Gracilaria seaweeds_39,2015,130
102,Gracilaria seaweeds_40,2015,0
122,Gracilaria seaweeds_38,2015,0
138,Gracilaria seaweeds_41,2015,0
171,Gracilaria seaweeds_44,2015,30
207,Gracilaria seaweeds_35,2015,9739
209,Gracilaria seaweeds_43,2015,2587608
224,Gracilaria seaweeds_37,2015,11952
15,Gracilaria seaweeds_42,2016,285
21,Gracilaria seaweeds_36,2016,0
101,Gracilaria seaweeds_39,2016,50
102,Gracilaria seaweeds_40,2016,0
122,Gracilaria seaweeds_38,2016,0
138,Gracilaria seaweeds_41,2016,0
171,Gracilaria seaweeds_44,2016,30
182,Gracilaria seaweeds_45,2016,0.032
207,Gracilaria seaweeds_35,2016,9353
209,Gracilaria seaweeds_43,2016,2865830
224,Gracilaria seaweeds_37,2016,14846
15,Gracilaria seaweeds_42,2017,199
20,Gracilaria seaweeds_46,2017,1639
21,Gracilaria seaweeds_36,2017,0
101,Gracilaria seaweeds_39,2017,50
102,Gracilaria seaweeds_40,2017,0
122,Gracilaria seaweeds_38,2017,0
138,Gracilaria seaweeds_41,2017,0
171,Gracilaria seaweeds_44,2017,50
182,Gracilaria seaweeds_45,2017,0.035
207,Gracilaria seaweeds_35,2017,9781
209,Gracilaria seaweeds_43,2017,3086740
224,Gracilaria seaweeds_37,2017,16725.22
15,Gracilaria seaweeds_42,2018,99.093
20,Gracilaria seaweeds_46,2018,850
21,Gracilaria seaweeds_36,2018,0
101,Gracilaria seaweeds_39,2018,0
102,Gracilaria seaweeds_40,2018,0
122,Gracilaria seaweeds_38,2018,0
138,Gracilaria seaweeds_41,2018,0
171,Gracilaria seaweeds_44,2018,50
182,Gracilaria seaweeds_45,2018,0.62
207,Gracilaria seaweeds_35,2018,13949.9
209,Gracilaria seaweeds_43,2018,3303440
224,Gracilaria seaweeds_37,2018,20704.69
15,Gracilaria seaweeds_42,2019,83.175
20,Gracilaria seaweeds_46,2019,1769
21,Gracilaria seaweeds_36,2019,0
101,Gracilaria seaweeds_39,2019,0
102,Gracilaria seaweeds_40,2019,0
122,Gracilaria seaweeds_38,2019,0
138,Gracilaria seaweeds_41,2019,0
171,Gracilaria seaweeds_44,2019,50
182,Gracilaria seaweeds_45,2019,0.128
207,Gracilaria seaweeds_35,2019,11330
209,Gracilaria seaweeds_43,2019,3480850
224,Gracilaria seaweeds_37,2019,21672
15,Gracilaria seaweeds_42,2020,47.342
20,Gracilaria seaweeds_46,2020,3672
21,Gracilaria seaweeds_36,2020,0
101,Gracilaria seaweeds_39,2020,0
102,Gracilaria seaweeds_40,2020,0
122,Gracilaria seaweeds_38,2020,0
138,Gracilaria seaweeds_41,2020,0
171,Gracilaria seaweeds_44,2020,50
182,Gracilaria seaweeds_45,2020,0
207,Gracilaria seaweeds_35,2020,11979.47
209,Gracilaria seaweeds_43,2020,3689670
224,Gracilaria seaweeds_37,2020,18268
15,Gracilaria seaweeds_42,2021,38.684
20,Gracilaria seaweeds_46,2021,932.186
21,Gracilaria seaweeds_36,2021,0
101,Gracilaria seaweeds_39,2021,0
102,Gracilaria seaweeds_40,2021,0
122,Gracilaria seaweeds_38,2021,0
138,Gracilaria seaweeds_41,2021,0
171,Gracilaria seaweeds_44,2021,50
182,Gracilaria seaweeds_45,2021,0
207,Gracilaria seaweeds_35,2021,12541.17
209,Gracilaria seaweeds_43,2021,3989200
224,Gracilaria seaweeds_37,2021,15565
15,Gracilaria seaweeds_42,2022,105.934
20,Gracilaria seaweeds_46,2022,2355.985
21,Gracilaria seaweeds_36,2022,0
101,Gracilaria seaweeds_39,2022,0
102,Gracilaria seaweeds_40,2022,0
122,Gracilaria seaweeds_38,2022,0
138,Gracilaria seaweeds_41,2022,0
171,Gracilaria seaweeds_44,2022,50
182,Gracilaria seaweeds_45,2022,0
207,Gracilaria seaweeds_35,2022,8907.3
209,Gracilaria seaweeds_43,2022,6108240
224,Gracilaria seaweeds_37,2022,13406
15,Gracilaria seaweeds_42,2023,31.992
20,Gracilaria seaweeds_46,2023,3087.476
21,Gracilaria seaweeds_36,2023,0
101,Gracilaria seaweeds_39,2023,0
102,Gracilaria seaweeds_40,2023,0
122,Gracilaria seaweeds_38,2023,0
138,Gracilaria seaweeds_41,2023,0
171,Gracilaria seaweeds_44,2023,50
182,Gracilaria seaweeds_45,2023,0
207,Gracilaria seaweeds_35,2023,8978.05
209,Gracilaria seaweeds_43,2023,5462270
224,Gracilaria seaweeds_37,2023,14426
20,Green laver_47,1974,600
20,Green laver_47,1975,752
20,Green laver_47,1976,935
20,Green laver_47,1977,1163
20,Green laver_47,1978,1477
20,Green laver_47,1979,1849
20,Green laver_47,1980,2450
20,Green laver_47,1981,2994
20,Green laver_47,1982,4285
20,Green laver_47,1983,5265
20,Green laver_47,1984,4734
20,Green laver_47,1985,10658
20,Green laver_47,1986,11040
20,Green laver_47,1987,7588
20,Green laver_47,1988,8670
20,Green laver_47,1989,10116
20,Green laver_47,1990,12463
20,Green laver_47,1991,14367
20,Green laver_47,1992,17248
20,Green laver_47,1993,12053
20,Green laver_47,1994,6918
20,Green laver_47,1995,4344
20,Green laver_47,1996,8277
20,Green laver_47,1997,7794
20,Green laver_47,1998,5298
20,Green laver_47,1999,5873
20,Green laver_47,2000,5288
20,Green laver_47,2001,5760
20,Green laver_47,2002,9291
20,Green laver_47,2003,1355
20,Green laver_47,2004,11514
20,Green laver_47,2005,814
20,Green laver_47,2006,682
20,Green laver_47,2007,684
20,Green laver_47,2008,8003
20,Green laver_47,2009,5903
20,Green laver_47,2010,4531
20,Green laver_47,2011,6085
20,Green laver_47,2012,6002
20,Green laver_47,2013,5034
20,Green laver_47,2014,6055
20,Green laver_47,2015,6748
20,Green laver_47,2016,7158
20,Green laver_47,2017,6159
20,Green laver_47,2018,6800
20,Green laver_47,2019,6321
20,Green laver_47,2020,8241.752
20,Green laver_47,2021,7898.16
20,Green laver_47,2022,5087.771
20,Green laver_47,2023,8287.25
179,Harpoon seaweeds_48,1996,8
179,Harpoon seaweeds_48,1997,8
179,Harpoon seaweeds_48,1998,10
179,Harpoon seaweeds_48,1999,12
179,Harpoon seaweeds_48,2000,12
179,Harpoon seaweeds_48,2001,15
179,Harpoon seaweeds_48,2002,13
179,Harpoon seaweeds_48,2003,12
179,Harpoon seaweeds_48,2004,12
179,Harpoon seaweeds_48,2005,20
179,Harpoon seaweeds_48,2006,5
179,Harpoon seaweeds_48,2007,10
179,Harpoon seaweeds_48,2008,0.4
179,Harpoon seaweeds_48,2009,0
179,Harpoon seaweeds_48,2010,0
179,Harpoon seaweeds_48,2011,0
179,Harpoon seaweeds_48,2012,0
179,Harpoon seaweeds_48,2013,0
179,Harpoon seaweeds_48,2014,0
179,Harpoon seaweeds_48,2015,0
179,Harpoon seaweeds_48,2016,0
179,Harpoon seaweeds_48,2017,0
179,Harpoon seaweeds_48,2018,0
179,Harpoon seaweeds_48,2019,0
179,Harpoon seaweeds_48,2020,0
179,Harpoon seaweeds_48,2021,0
179,Harpoon seaweeds_48,2022,0
179,Harpoon seaweeds_48,2023,0
209,Japanese isinglass_49,2003,867
209,Japanese isinglass_49,2004,1006
209,Japanese isinglass_49,2005,875
209,Japanese isinglass_49,2006,3000
209,Japanese isinglass_49,2007,1000
209,Japanese isinglass_49,2008,1200
209,Japanese isinglass_49,2009,1186
209,Japanese isinglass_49,2010,1165
209,Japanese isinglass_49,2011,0
209,Japanese isinglass_49,2012,3948
209,Japanese isinglass_49,2013,0
209,Japanese isinglass_49,2014,0
209,Japanese isinglass_49,2015,0
209,Japanese isinglass_49,2016,0
209,Japanese isinglass_49,2017,0
209,Japanese isinglass_49,2018,0
209,Japanese isinglass_49,2019,0
209,Japanese isinglass_49,2020,0
209,Japanese isinglass_49,2021,0
209,Japanese isinglass_49,2022,0
209,Japanese isinglass_49,2023,0
21,Japanese kelp_50,1950,621
209,Japanese kelp_51,1950,0.1
210,Japanese kelp_52,1950,4717
21,Japanese kelp_50,1951,756
209,Japanese kelp_51,1951,0.1
210,Japanese kelp_52,1951,3000
21,Japanese kelp_50,1952,920
209,Japanese kelp_51,1952,443
210,Japanese kelp_52,1952,2000
21,Japanese kelp_50,1953,1119
209,Japanese kelp_51,1953,930
210,Japanese kelp_52,1953,2000
21,Japanese kelp_50,1954,1362
209,Japanese kelp_51,1954,2067
210,Japanese kelp_52,1954,2000
21,Japanese kelp_50,1955,1658
209,Japanese kelp_51,1955,4282
210,Japanese kelp_52,1955,2000
21,Japanese kelp_50,1956,2018
209,Japanese kelp_51,1956,4537
210,Japanese kelp_52,1956,2200
21,Japanese kelp_50,1957,2456
209,Japanese kelp_51,1957,17550
210,Japanese kelp_52,1957,1000
21,Japanese kelp_50,1958,2989
209,Japanese kelp_51,1958,50728
210,Japanese kelp_52,1958,1000
21,Japanese kelp_50,1959,3637
209,Japanese kelp_51,1959,196959
210,Japanese kelp_52,1959,1500
21,Japanese kelp_50,1960,4426
209,Japanese kelp_51,1960,338000
210,Japanese kelp_52,1960,1000
21,Japanese kelp_50,1961,5387
209,Japanese kelp_51,1961,338000
210,Japanese kelp_52,1961,800
21,Japanese kelp_50,1962,6556
209,Japanese kelp_51,1962,338000
210,Japanese kelp_52,1962,1500
21,Japanese kelp_50,1963,7979
209,Japanese kelp_51,1963,405600
210,Japanese kelp_52,1963,600
21,Japanese kelp_50,1964,9710
209,Japanese kelp_51,1964,540800
210,Japanese kelp_52,1964,600
21,Japanese kelp_50,1965,11818
209,Japanese kelp_51,1965,540800
210,Japanese kelp_52,1965,600
21,Japanese kelp_50,1966,14382
209,Japanese kelp_51,1966,676000
210,Japanese kelp_52,1966,800
21,Japanese kelp_50,1967,17503
209,Japanese kelp_51,1967,676000
210,Japanese kelp_52,1967,700
21,Japanese kelp_50,1968,21302
209,Japanese kelp_51,1968,676000
210,Japanese kelp_52,1968,500
21,Japanese kelp_50,1969,25924
209,Japanese kelp_51,1969,811200
210,Japanese kelp_52,1969,500
21,Japanese kelp_50,1970,31550
209,Japanese kelp_51,1970,716290
210,Japanese kelp_52,1970,284
21,Japanese kelp_50,1971,38397
209,Japanese kelp_51,1971,905570
210,Japanese kelp_52,1971,665
21,Japanese kelp_50,1972,46730
209,Japanese kelp_51,1972,1073082
210,Japanese kelp_52,1972,3340
21,Japanese kelp_50,1973,56871
209,Japanese kelp_51,1973,904082
210,Japanese kelp_52,1973,7681
20,Japanese kelp_53,1974,2334
21,Japanese kelp_50,1974,69213
209,Japanese kelp_51,1974,978219
210,Japanese kelp_52,1974,10201
20,Japanese kelp_53,1975,2758
21,Japanese kelp_50,1975,84233
209,Japanese kelp_51,1975,1081201
210,Japanese kelp_52,1975,15759
20,Japanese kelp_53,1976,8342
21,Japanese kelp_50,1976,102512
209,Japanese kelp_51,1976,1016880
210,Japanese kelp_52,1976,22087
20,Japanese kelp_53,1977,2122
21,Japanese kelp_50,1977,124759
209,Japanese kelp_51,1977,1502146
210,Japanese kelp_52,1977,27249
20,Japanese kelp_53,1978,5516
21,Japanese kelp_50,1978,151834
209,Japanese kelp_51,1978,1699545
210,Japanese kelp_52,1978,21890
20,Japanese kelp_53,1979,5192
21,Japanese kelp_50,1979,184783
209,Japanese kelp_51,1979,1623326
210,Japanese kelp_52,1979,25291
20,Japanese kelp_53,1980,940
21,Japanese kelp_50,1980,224884
209,Japanese kelp_51,1980,1709651
210,Japanese kelp_52,1980,38562
20,Japanese kelp_53,1981,1963
21,Japanese kelp_50,1981,273687
209,Japanese kelp_51,1981,1483942
210,Japanese kelp_52,1981,44221
20,Japanese kelp_53,1982,3987
21,Japanese kelp_50,1982,333081
209,Japanese kelp_51,1982,1480156
210,Japanese kelp_52,1982,42980
20,Japanese kelp_53,1983,11606
21,Japanese kelp_50,1983,405364
209,Japanese kelp_51,1983,1563561
210,Japanese kelp_52,1983,44345
20,Japanese kelp_53,1984,7927
21,Japanese kelp_50,1984,500000
209,Japanese kelp_51,1984,1694468
210,Japanese kelp_52,1984,62756
20,Japanese kelp_53,1985,11796
21,Japanese kelp_50,1985,600000
209,Japanese kelp_51,1985,1715952
210,Japanese kelp_52,1985,53593
20,Japanese kelp_53,1986,9445
21,Japanese kelp_50,1986,700000
209,Japanese kelp_51,1986,1375234
210,Japanese kelp_52,1986,54143
20,Japanese kelp_53,1987,9980
21,Japanese kelp_50,1987,914000
209,Japanese kelp_51,1987,1209364
210,Japanese kelp_52,1987,49582
20,Japanese kelp_53,1988,11612
21,Japanese kelp_50,1988,919000
209,Japanese kelp_51,1988,1462965
210,Japanese kelp_52,1988,59696
20,Japanese kelp_53,1989,2617
21,Japanese kelp_50,1989,1024000
209,Japanese kelp_51,1989,1844892
210,Japanese kelp_52,1989,64383
20,Japanese kelp_53,1990,8084
21,Japanese kelp_50,1990,750000
209,Japanese kelp_51,1990,1651509
210,Japanese kelp_52,1990,54297
20,Japanese kelp_53,1991,8938
21,Japanese kelp_50,1991,800000
209,Japanese kelp_51,1991,2411022
210,Japanese kelp_52,1991,42619
20,Japanese kelp_53,1992,9560
21,Japanese kelp_50,1992,943000
209,Japanese kelp_51,1992,3340312
210,Japanese kelp_52,1992,72924
20,Japanese kelp_53,1993,17180
21,Japanese kelp_50,1993,973000
209,Japanese kelp_51,1993,4068351
210,Japanese kelp_52,1993,59966
20,Japanese kelp_53,1994,30421
21,Japanese kelp_50,1994,667349
209,Japanese kelp_51,1994,4285171
210,Japanese kelp_52,1994,57757
20,Japanese kelp_53,1995,27295
21,Japanese kelp_50,1995,604371
209,Japanese kelp_51,1995,4356455
210,Japanese kelp_52,1995,55056
20,Japanese kelp_53,1996,35640
21,Japanese kelp_50,1996,635579
209,Japanese kelp_51,1996,5028399
210,Japanese kelp_52,1996,61121
20,Japanese kelp_53,1997,33466
21,Japanese kelp_50,1997,375577
209,Japanese kelp_51,1997,4983385
210,Japanese kelp_52,1997,60103
20,Japanese kelp_53,1998,7931
21,Japanese kelp_50,1998,370000
209,Japanese kelp_51,1998,4856147
210,Japanese kelp_52,1998,50123
20,Japanese kelp_53,1999,25447
21,Japanese kelp_50,1999,370000
209,Japanese kelp_51,1999,5384537
210,Japanese kelp_52,1999,48251
14,Japanese kelp_54,2000,1185
20,Japanese kelp_53,2000,14160
21,Japanese kelp_50,2000,360000
209,Japanese kelp_51,2000,4952921
210,Japanese kelp_52,2000,53846
14,Japanese kelp_54,2001,2004
20,Japanese kelp_53,2001,17506
21,Japanese kelp_50,2001,444295
209,Japanese kelp_51,2001,4736848
210,Japanese kelp_52,2001,63200
14,Japanese kelp_54,2002,37
20,Japanese kelp_53,2002,24873
21,Japanese kelp_50,2002,444295
209,Japanese kelp_51,2002,4985830
210,Japanese kelp_52,2002,51128
14,Japanese kelp_54,2003,37
20,Japanese kelp_53,2003,25259
21,Japanese kelp_50,2003,444295
209,Japanese kelp_51,2003,4845486
210,Japanese kelp_52,2003,50978
14,Japanese kelp_54,2004,72
20,Japanese kelp_53,2004,22510
21,Japanese kelp_50,2004,444295
209,Japanese kelp_51,2004,4738437
210,Japanese kelp_52,2004,47256
14,Japanese kelp_54,2005,37
20,Japanese kelp_53,2005,108327
21,Japanese kelp_50,2005,444295
209,Japanese kelp_51,2005,5101949
210,Japanese kelp_52,2005,44489
14,Japanese kelp_54,2006,1
20,Japanese kelp_53,2006,201919
21,Japanese kelp_50,2006,444300
209,Japanese kelp_51,2006,5151066
210,Japanese kelp_52,2006,41339
14,Japanese kelp_54,2007,1
20,Japanese kelp_53,2007,250049
21,Japanese kelp_50,2007,444300
209,Japanese kelp_51,2007,5242184
210,Japanese kelp_52,2007,41356
14,Japanese kelp_54,2008,0
20,Japanese kelp_53,2008,285221
21,Japanese kelp_50,2008,444300
209,Japanese kelp_51,2008,5392797
210,Japanese kelp_52,2008,46937
14,Japanese kelp_54,2009,0
20,Japanese kelp_53,2009,306183
21,Japanese kelp_50,2009,444300
209,Japanese kelp_51,2009,5532431
210,Japanese kelp_52,2009,40397
14,Japanese kelp_54,2010,0
20,Japanese kelp_53,2010,241322
21,Japanese kelp_50,2010,444300
209,Japanese kelp_51,2010,5796728
210,Japanese kelp_52,2010,43251
14,Japanese kelp_54,2011,0
20,Japanese kelp_53,2011,246701
21,Japanese kelp_50,2011,444300
209,Japanese kelp_51,2011,5852175
210,Japanese kelp_52,2011,25095
14,Japanese kelp_54,2012,5
20,Japanese kelp_53,2012,308601
21,Japanese kelp_50,2012,444300
209,Japanese kelp_51,2012,6341851
210,Japanese kelp_52,2012,34147
14,Japanese kelp_54,2013,5
20,Japanese kelp_53,2013,373263
21,Japanese kelp_50,2013,444300
209,Japanese kelp_51,2013,6584827
210,Japanese kelp_52,2013,35410
14,Japanese kelp_54,2014,5
20,Japanese kelp_53,2014,372311
21,Japanese kelp_50,2014,500000
209,Japanese kelp_51,2014,8793275
210,Japanese kelp_52,2014,32897
14,Japanese kelp_54,2015,5
20,Japanese kelp_53,2015,442637
21,Japanese kelp_50,2015,500000
209,Japanese kelp_51,2015,9332389
210,Japanese kelp_52,2015,38671
14,Japanese kelp_54,2016,5
20,Japanese kelp_53,2016,397852
21,Japanese kelp_50,2016,550000
209,Japanese kelp_51,2016,9687668.12
210,Japanese kelp_52,2016,27068
14,Japanese kelp_54,2017,10
20,Japanese kelp_53,2017,542285
21,Japanese kelp_50,2017,550000
209,Japanese kelp_51,2017,10049720.2
210,Japanese kelp_52,2017,32463
14,Japanese kelp_54,2018,10
20,Japanese kelp_53,2018,572600
21,Japanese kelp_50,2018,600000
209,Japanese kelp_51,2018,10292350
210,Japanese kelp_52,2018,33532
14,Japanese kelp_54,2019,10
20,Japanese kelp_53,2019,662557
21,Japanese kelp_50,2019,600000
209,Japanese kelp_51,2019,10978362
210,Japanese kelp_52,2019,32812
14,Japanese kelp_54,2020,16
20,Japanese kelp_53,2020,675074
21,Japanese kelp_50,2020,600000
209,Japanese kelp_51,2020,11164633.48
210,Japanese kelp_52,2020,30304
14,Japanese kelp_54,2021,16
20,Japanese kelp_53,2021,685239.5
21,Japanese kelp_50,2021,600000
209,Japanese kelp_51,2021,11778475
210,Japanese kelp_52,2021,31691
14,Japanese kelp_54,2022,16
20,Japanese kelp_53,2022,560839.159
21,Japanese kelp_50,2022,600000
209,Japanese kelp_51,2022,9670687
210,Japanese kelp_52,2022,29780
14,Japanese kelp_54,2023,16
20,Japanese kelp_53,2023,595930.584
21,Japanese kelp_50,2023,600000
209,Japanese kelp_51,2023,12032022.6
210,Japanese kelp_52,2023,25600
20,Laver (Nori)_55,1950,0.1
210,Laver (Nori)_56,1950,21000
20,Laver (Nori)_55,1951,2
210,Laver (Nori)_56,1951,24500
20,Laver (Nori)_55,1952,10
210,Laver (Nori)_56,1952,42000
20,Laver (Nori)_55,1953,24
210,Laver (Nori)_56,1953,37755
20,Laver (Nori)_55,1954,82
210,Laver (Nori)_56,1954,42975
20,Laver (Nori)_55,1955,194
210,Laver (Nori)_56,1955,56190
20,Laver (Nori)_55,1956,395
210,Laver (Nori)_56,1956,65602
20,Laver (Nori)_55,1957,723
210,Laver (Nori)_56,1957,100275
20,Laver (Nori)_55,1958,1225
210,Laver (Nori)_56,1958,62515
20,Laver (Nori)_55,1959,1958
210,Laver (Nori)_56,1959,75209
20,Laver (Nori)_55,1960,2210
210,Laver (Nori)_56,1960,100457
20,Laver (Nori)_55,1961,3012
210,Laver (Nori)_56,1961,147379
20,Laver (Nori)_55,1962,5973
210,Laver (Nori)_56,1962,154631
20,Laver (Nori)_55,1963,8530
210,Laver (Nori)_56,1963,144531
20,Laver (Nori)_55,1964,9107
210,Laver (Nori)_56,1964,111851
20,Laver (Nori)_55,1965,6258
210,Laver (Nori)_56,1965,140753
20,Laver (Nori)_55,1966,6207
210,Laver (Nori)_56,1966,128440
20,Laver (Nori)_55,1967,8172
210,Laver (Nori)_56,1967,157550
20,Laver (Nori)_55,1968,14050
210,Laver (Nori)_56,1968,144969
20,Laver (Nori)_55,1969,16203
210,Laver (Nori)_56,1969,134320
20,Laver (Nori)_55,1970,35782
210,Laver (Nori)_56,1970,231464
20,Laver (Nori)_55,1971,34801
210,Laver (Nori)_56,1971,244946
20,Laver (Nori)_55,1972,23042
210,Laver (Nori)_56,1972,217906
20,Laver (Nori)_55,1973,34763
210,Laver (Nori)_56,1973,311410
20,Laver (Nori)_55,1974,54440
210,Laver (Nori)_56,1974,339314
20,Laver (Nori)_55,1975,44672
21,Laver (Nori)_57,1975,735
210,Laver (Nori)_56,1975,278127
20,Laver (Nori)_55,1976,44234
21,Laver (Nori)_57,1976,3777
210,Laver (Nori)_56,1976,291050
20,Laver (Nori)_55,1977,57718
21,Laver (Nori)_57,1977,6569
210,Laver (Nori)_56,1977,279031
20,Laver (Nori)_55,1978,28748
21,Laver (Nori)_57,1978,9110
210,Laver (Nori)_56,1978,350471
20,Laver (Nori)_55,1979,43787
21,Laver (Nori)_57,1979,11401
210,Laver (Nori)_56,1979,325686
20,Laver (Nori)_55,1980,56274
21,Laver (Nori)_57,1980,13442
210,Laver (Nori)_56,1980,357672
20,Laver (Nori)_55,1981,80490
21,Laver (Nori)_57,1981,15232
210,Laver (Nori)_56,1981,340510
14,Laver (Nori)_58,1982,13
20,Laver (Nori)_55,1982,79784
21,Laver (Nori)_57,1982,16772
210,Laver (Nori)_56,1982,263312
14,Laver (Nori)_58,1983,0.1
20,Laver (Nori)_55,1983,87963
21,Laver (Nori)_57,1983,18062
210,Laver (Nori)_56,1983,360694
14,Laver (Nori)_58,1984,65
20,Laver (Nori)_55,1984,136484
21,Laver (Nori)_57,1984,20000
210,Laver (Nori)_56,1984,396530
14,Laver (Nori)_58,1985,62
20,Laver (Nori)_55,1985,109819
21,Laver (Nori)_57,1985,20000
210,Laver (Nori)_56,1985,351788
14,Laver (Nori)_58,1986,67
20,Laver (Nori)_55,1986,143396
21,Laver (Nori)_57,1986,20000
210,Laver (Nori)_56,1986,403112
14,Laver (Nori)_58,1987,44
20,Laver (Nori)_55,1987,83287
21,Laver (Nori)_57,1987,20000
210,Laver (Nori)_56,1987,321238
14,Laver (Nori)_58,1988,51
20,Laver (Nori)_55,1988,115749
21,Laver (Nori)_57,1988,20000
210,Laver (Nori)_56,1988,442806
14,Laver (Nori)_58,1989,50
20,Laver (Nori)_55,1989,140088
21,Laver (Nori)_57,1989,22000
210,Laver (Nori)_56,1989,403290
14,Laver (Nori)_58,1990,23
20,Laver (Nori)_55,1990,97637
21,Laver (Nori)_57,1990,18000
210,Laver (Nori)_56,1990,387245
14,Laver (Nori)_58,1991,21
20,Laver (Nori)_55,1991,143845
21,Laver (Nori)_57,1991,18000
210,Laver (Nori)_56,1991,403363
14,Laver (Nori)_58,1992,16
20,Laver (Nori)_55,1992,163555
21,Laver (Nori)_57,1992,20000
210,Laver (Nori)_56,1992,382805
14,Laver (Nori)_58,1993,6
20,Laver (Nori)_55,1993,235272
21,Laver (Nori)_57,1993,20000
210,Laver (Nori)_56,1993,362955
14,Laver (Nori)_58,1994,12
20,Laver (Nori)_55,1994,269581
21,Laver (Nori)_57,1994,15000
210,Laver (Nori)_56,1994,483196
14,Laver (Nori)_58,1995,7
20,Laver (Nori)_55,1995,192960
21,Laver (Nori)_57,1995,13000
210,Laver (Nori)_56,1995,407005
14,Laver (Nori)_58,1996,9
20,Laver (Nori)_55,1996,166199
21,Laver (Nori)_57,1996,14000
210,Laver (Nori)_56,1996,372700
14,Laver (Nori)_58,1997,6
20,Laver (Nori)_55,1997,140236
21,Laver (Nori)_57,1997,8137
210,Laver (Nori)_56,1997,392622
14,Laver (Nori)_58,1998,4
20,Laver (Nori)_55,1998,190979
21,Laver (Nori)_57,1998,8000
210,Laver (Nori)_56,1998,396615
14,Laver (Nori)_58,1999,3
20,Laver (Nori)_55,1999,205706
21,Laver (Nori)_57,1999,8000
210,Laver (Nori)_56,1999,409850
14,Laver (Nori)_58,2000,19
20,Laver (Nori)_55,2000,130488
21,Laver (Nori)_57,2000,7000
210,Laver (Nori)_56,2000,391681
14,Laver (Nori)_58,2001,17
20,Laver (Nori)_55,2001,167909
21,Laver (Nori)_57,2001,0
210,Laver (Nori)_56,2001,373121
14,Laver (Nori)_58,2002,24
20,Laver (Nori)_55,2002,209995
21,Laver (Nori)_57,2002,0
210,Laver (Nori)_56,2002,436031
14,Laver (Nori)_58,2003,24
20,Laver (Nori)_55,2003,193553
21,Laver (Nori)_57,2003,0
210,Laver (Nori)_56,2003,347354
14,Laver (Nori)_58,2004,7
20,Laver (Nori)_55,2004,228554
21,Laver (Nori)_57,2004,0
210,Laver (Nori)_56,2004,358929
14,Laver (Nori)_58,2005,6
20,Laver (Nori)_55,2005,197610
21,Laver (Nori)_57,2005,0
210,Laver (Nori)_56,2005,386574
14,Laver (Nori)_58,2006,5
20,Laver (Nori)_55,2006,217559
21,Laver (Nori)_57,2006,0
210,Laver (Nori)_56,2006,367678
14,Laver (Nori)_58,2007,8
20,Laver (Nori)_55,2007,210956
21,Laver (Nori)_57,2007,0
210,Laver (Nori)_56,2007,395777
14,Laver (Nori)_58,2008,18
20,Laver (Nori)_55,2008,224242
21,Laver (Nori)_57,2008,0
210,Laver (Nori)_56,2008,338523
14,Laver (Nori)_58,2009,0
20,Laver (Nori)_55,2009,211444
21,Laver (Nori)_57,2009,0
210,Laver (Nori)_56,2009,342620
14,Laver (Nori)_58,2010,0
20,Laver (Nori)_55,2010,235534
21,Laver (Nori)_57,2010,1000
210,Laver (Nori)_56,2010,328700
14,Laver (Nori)_58,2011,17.5
20,Laver (Nori)_55,2011,316428
21,Laver (Nori)_57,2011,1000
210,Laver (Nori)_56,2011,292345
14,Laver (Nori)_58,2012,18
20,Laver (Nori)_55,2012,349827
21,Laver (Nori)_57,2012,1000
210,Laver (Nori)_56,2012,341580
14,Laver (Nori)_58,2013,24
20,Laver (Nori)_55,2013,405526
21,Laver (Nori)_57,2013,2000
210,Laver (Nori)_56,2013,316228
14,Laver (Nori)_58,2014,22
20,Laver (Nori)_55,2014,397841
21,Laver (Nori)_57,2014,2000
210,Laver (Nori)_56,2014,276129
14,Laver (Nori)_58,2015,7
20,Laver (Nori)_55,2015,389077
21,Laver (Nori)_57,2015,2000
210,Laver (Nori)_56,2015,297370
14,Laver (Nori)_58,2016,18
20,Laver (Nori)_55,2016,409724
21,Laver (Nori)_57,2016,3000
210,Laver (Nori)_56,2016,300683
14,Laver (Nori)_58,2017,250
20,Laver (Nori)_55,2017,523648
21,Laver (Nori)_57,2017,3000
210,Laver (Nori)_56,2017,304308
14,Laver (Nori)_58,2018,3
20,Laver (Nori)_55,2018,567800
21,Laver (Nori)_57,2018,3000
210,Laver (Nori)_56,2018,283688
14,Laver (Nori)_58,2019,10.08
20,Laver (Nori)_55,2019,606873
21,Laver (Nori)_57,2019,3000
210,Laver (Nori)_56,2019,251362
14,Laver (Nori)_58,2020,14.68
20,Laver (Nori)_55,2020,536127
21,Laver (Nori)_57,2020,3000
210,Laver (Nori)_56,2020,289396
14,Laver (Nori)_58,2021,2.025
20,Laver (Nori)_55,2021,547412.61
21,Laver (Nori)_57,2021,3000
210,Laver (Nori)_56,2021,237255
14,Laver (Nori)_58,2022,0.112
20,Laver (Nori)_55,2022,550221.492
21,Laver (Nori)_57,2022,3000
210,Laver (Nori)_56,2022,232490
14,Laver (Nori)_58,2023,2.59
20,Laver (Nori)_55,2023,533248.631
21,Laver (Nori)_57,2023,3000
210,Laver (Nori)_56,2023,201100
216,Red seaweeds_59,1950,10
216,Red seaweeds_59,1951,20
216,Red seaweeds_59,1952,20
216,Red seaweeds_59,1953,30
216,Red seaweeds_59,1954,40
216,Red seaweeds_59,1955,50
216,Red seaweeds_59,1956,60
216,Red seaweeds_59,1957,80
216,Red seaweeds_59,1958,100
216,Red seaweeds_59,1959,120
216,Red seaweeds_59,1960,160
216,Red seaweeds_59,1961,200
216,Red seaweeds_59,1962,260
216,Red seaweeds_59,1963,330
216,Red seaweeds_59,1964,420
216,Red seaweeds_59,1965,540
216,Red seaweeds_59,1966,690
216,Red seaweeds_59,1967,880
216,Red seaweeds_59,1968,1130
216,Red seaweeds_59,1969,1440
216,Red seaweeds_59,1970,1839
216,Red seaweeds_59,1971,3248
216,Red seaweeds_59,1972,3049
216,Red seaweeds_59,1973,3156
216,Red seaweeds_59,1974,3008
216,Red seaweeds_59,1975,8426
216,Red seaweeds_59,1976,21811
216,Red seaweeds_59,1977,27192
216,Red seaweeds_59,1978,32480
216,Red seaweeds_59,1979,37674
216,Red seaweeds_59,1980,42774
216,Red seaweeds_59,1981,47780
216,Red seaweeds_59,1982,52693
216,Red seaweeds_59,1983,57512
216,Red seaweeds_59,1984,60000
216,Red seaweeds_59,1985,58217
216,Red seaweeds_59,1986,77462
216,Red seaweeds_59,1987,80000
216,Red seaweeds_59,1988,85000
216,Red seaweeds_59,1989,80000
216,Red seaweeds_59,1990,100000
216,Red seaweeds_59,1991,90000
216,Red seaweeds_59,1992,95000
216,Red seaweeds_59,1993,110000
216,Red seaweeds_59,1994,102000
216,Red seaweeds_59,1995,102000
216,Red seaweeds_59,1996,148000
216,Red seaweeds_59,1997,115000
216,Red seaweeds_59,1998,117210
216,Red seaweeds_59,1999,133720
216,Red seaweeds_59,2000,0
203,Red seaweeds_60,2001,168
216,Red seaweeds_59,2001,0
203,Red seaweeds_60,2002,656
216,Red seaweeds_59,2002,0
203,Red seaweeds_60,2003,1176
216,Red seaweeds_59,2003,0
203,Red seaweeds_60,2004,1008
216,Red seaweeds_59,2004,0
203,Red seaweeds_60,2005,1080
216,Red seaweeds_59,2005,0
203,Red seaweeds_60,2006,1952
216,Red seaweeds_59,2006,0
203,Red seaweeds_60,2007,2520
216,Red seaweeds_59,2007,0
203,Red seaweeds_60,2008,4704
216,Red seaweeds_59,2008,0
203,Red seaweeds_60,2009,6920
216,Red seaweeds_59,2009,0
203,Red seaweeds_60,2010,4240
216,Red seaweeds_59,2010,0
203,Red seaweeds_60,2011,4500
216,Red seaweeds_59,2011,0
203,Red seaweeds_60,2012,4500
216,Red seaweeds_59,2012,0
203,Red seaweeds_60,2013,4500
216,Red seaweeds_59,2013,0
203,Red seaweeds_60,2014,3000
216,Red seaweeds_59,2014,0
203,Red seaweeds_60,2015,3000
216,Red seaweeds_59,2015,0
203,Red seaweeds_60,2016,2000
216,Red seaweeds_59,2016,0
203,Red seaweeds_60,2017,4869
216,Red seaweeds_59,2017,0
203,Red seaweeds_60,2018,5302
216,Red seaweeds_59,2018,0
203,Red seaweeds_60,2019,5300
216,Red seaweeds_59,2019,0
203,Red seaweeds_60,2020,5300
216,Red seaweeds_59,2020,0
203,Red seaweeds_60,2021,5300
216,Red seaweeds_59,2021,0
203,Red seaweeds_60,2022,5300
216,Red seaweeds_59,2022,0
203,Red seaweeds_60,2023,5724
216,Red seaweeds_59,2023,0
182,Sea belt_61,2007,21
182,Sea belt_61,2008,10.2
175,Sea belt_62,2009,1
182,Sea belt_61,2009,3.2
175,Sea belt_62,2010,0
182,Sea belt_61,2010,0
175,Sea belt_62,2011,0
182,Sea belt_61,2011,0.141
175,Sea belt_62,2012,0
182,Sea belt_61,2012,0.6
175,Sea belt_62,2013,0
177,Sea belt_63,2013,2
182,Sea belt_61,2013,0
175,Sea belt_62,2014,0
177,Sea belt_63,2014,2
182,Sea belt_61,2014,1.6
141,Sea belt_64,2015,18
175,Sea belt_62,2015,0.5
177,Sea belt_63,2015,2
182,Sea belt_61,2015,0.013
223,Sea belt_65,2015,49
141,Sea belt_64,2016,27
175,Sea belt_62,2016,0
177,Sea belt_63,2016,2
182,Sea belt_61,2016,0
223,Sea belt_65,2016,33.38
141,Sea belt_64,2017,50
175,Sea belt_62,2017,0
177,Sea belt_63,2017,5
182,Sea belt_61,2017,0.386
223,Sea belt_65,2017,139.736
141,Sea belt_64,2018,50
175,Sea belt_62,2018,0
177,Sea belt_63,2018,25
182,Sea belt_61,2018,1.65
223,Sea belt_65,2018,173.589
141,Sea belt_64,2019,60
175,Sea belt_62,2019,0
177,Sea belt_63,2019,25
182,Sea belt_61,2019,0.135
223,Sea belt_65,2019,72.673
141,Sea belt_64,2020,75
175,Sea belt_62,2020,22
177,Sea belt_63,2020,30
182,Sea belt_61,2020,0
223,Sea belt_65,2020,247.538
141,Sea belt_64,2021,80
175,Sea belt_62,2021,9.4
177,Sea belt_63,2021,30
182,Sea belt_61,2021,0
223,Sea belt_65,2021,180.399
141,Sea belt_64,2022,85
175,Sea belt_62,2022,7.5
177,Sea belt_63,2022,35
182,Sea belt_61,2022,0
223,Sea belt_65,2022,160.556
141,Sea belt_64,2023,90
175,Sea belt_62,2023,13.1
177,Sea belt_63,2023,40
182,Sea belt_61,2023,0
223,Sea belt_65,2023,46.678
62,Slender wart weed_66,2016,8.1
62,Slender wart weed_66,2017,72.31
62,Slender wart weed_66,2018,130
62,Slender wart weed_66,2019,272.802
62,Slender wart weed_66,2020,190
62,Slender wart weed_66,2021,84.11
62,Slender wart weed_66,2022,174
62,Slender wart weed_66,2023,35.111
15,Spiny eucheuma_67,1974,3000
15,Spiny eucheuma_67,1975,3000
15,Spiny eucheuma_67,1976,3000
15,Spiny eucheuma_67,1977,3356
15,Spiny eucheuma_67,1978,3761
15,Spiny eucheuma_67,1979,4216
15,Spiny eucheuma_67,1980,6637
15,Spiny eucheuma_67,1981,4149
15,Spiny eucheuma_67,1982,5436
15,Spiny eucheuma_67,1983,6610
15,Spiny eucheuma_67,1984,6877
15,Spiny eucheuma_67,1985,8833
15,Spiny eucheuma_67,1986,8173
15,Spiny eucheuma_67,1987,11041
15,Spiny eucheuma_67,1988,12820
15,Spiny eucheuma_67,1989,13435
202,Spiny eucheuma_68,1989,1000
15,Spiny eucheuma_67,1990,14559
202,Spiny eucheuma_68,1990,9080
15,Spiny eucheuma_67,1991,14190
202,Spiny eucheuma_68,1991,25970
15,Spiny eucheuma_67,1992,17475
202,Spiny eucheuma_68,1992,22230
15,Spiny eucheuma_67,1993,18382
202,Spiny eucheuma_68,1993,18680
15,Spiny eucheuma_67,1994,14039
202,Spiny eucheuma_68,1994,25590
15,Spiny eucheuma_67,1995,12992
202,Spiny eucheuma_68,1995,40170
15,Spiny eucheuma_67,1996,14120
202,Spiny eucheuma_68,1996,48740
15,Spiny eucheuma_67,1997,13202
202,Spiny eucheuma_68,1997,37670
15,Spiny eucheuma_67,1998,17425
202,Spiny eucheuma_68,1998,44050
15,Spiny eucheuma_67,1999,20084
202,Spiny eucheuma_68,1999,38170
15,Spiny eucheuma_67,2000,34424
202,Spiny eucheuma_68,2000,50910
15,Spiny eucheuma_67,2001,72551
202,Spiny eucheuma_68,2001,72380
206,Spiny eucheuma_69,2001,863
15,Spiny eucheuma_67,2002,83051
139,Spiny eucheuma_70,2002,160
202,Spiny eucheuma_68,2002,105970
206,Spiny eucheuma_69,2002,871
15,Spiny eucheuma_67,2003,81329
139,Spiny eucheuma_70,2003,0
202,Spiny eucheuma_68,2003,92470
206,Spiny eucheuma_69,2003,1000
15,Spiny eucheuma_67,2004,85754
139,Spiny eucheuma_70,2004,0
202,Spiny eucheuma_68,2004,70920
206,Spiny eucheuma_69,2004,1548
15,Spiny eucheuma_67,2005,99972
139,Spiny eucheuma_70,2005,0
202,Spiny eucheuma_68,2005,72340
206,Spiny eucheuma_69,2005,2000
15,Spiny eucheuma_67,2006,76762
139,Spiny eucheuma_70,2006,0
202,Spiny eucheuma_68,2006,78060
206,Spiny eucheuma_69,2006,3000
15,Spiny eucheuma_67,2007,99105
139,Spiny eucheuma_70,2007,0
202,Spiny eucheuma_68,2007,88212.5
206,Spiny eucheuma_69,2007,4269
15,Spiny eucheuma_67,2008,103366
139,Spiny eucheuma_70,2008,0
202,Spiny eucheuma_68,2008,112760
206,Spiny eucheuma_69,2008,5298
15,Spiny eucheuma_67,2009,112222
139,Spiny eucheuma_70,2009,0
202,Spiny eucheuma_68,2009,107996.2
206,Spiny eucheuma_69,2009,5857
15,Spiny eucheuma_67,2010,125691
43,Spiny eucheuma_71,2010,40
139,Spiny eucheuma_70,2010,0
202,Spiny eucheuma_68,2010,131914
206,Spiny eucheuma_69,2010,7892
15,Spiny eucheuma_67,2011,136183
43,Spiny eucheuma_71,2011,160
139,Spiny eucheuma_70,2011,0
202,Spiny eucheuma_68,2011,136379.8
206,Spiny eucheuma_69,2011,0
15,Spiny eucheuma_67,2012,137603
43,Spiny eucheuma_71,2012,400
139,Spiny eucheuma_70,2012,0
202,Spiny eucheuma_68,2012,156482
206,Spiny eucheuma_69,2012,0
15,Spiny eucheuma_67,2013,124218
43,Spiny eucheuma_71,2013,400
139,Spiny eucheuma_70,2013,0
202,Spiny eucheuma_68,2013,115119
206,Spiny eucheuma_69,2013,0
15,Spiny eucheuma_67,2014,113127
43,Spiny eucheuma_71,2014,400
139,Spiny eucheuma_70,2014,0
202,Spiny eucheuma_68,2014,134395
206,Spiny eucheuma_69,2014,0
15,Spiny eucheuma_67,2015,106950
43,Spiny eucheuma_71,2015,300
139,Spiny eucheuma_70,2015,0
202,Spiny eucheuma_68,2015,173401
206,Spiny eucheuma_69,2015,0
15,Spiny eucheuma_67,2016,102496
43,Spiny eucheuma_71,2016,350
139,Spiny eucheuma_70,2016,0
202,Spiny eucheuma_68,2016,118635
206,Spiny eucheuma_69,2016,0
15,Spiny eucheuma_67,2017,83877
43,Spiny eucheuma_71,2017,510
139,Spiny eucheuma_70,2017,0
202,Spiny eucheuma_68,2017,117350
206,Spiny eucheuma_69,2017,0
15,Spiny eucheuma_67,2018,71570.69
43,Spiny eucheuma_71,2018,640
139,Spiny eucheuma_70,2018,1
202,Spiny eucheuma_68,2018,104289.5
206,Spiny eucheuma_69,2018,0
15,Spiny eucheuma_67,2019,75619.444
43,Spiny eucheuma_71,2019,760
139,Spiny eucheuma_70,2019,1
202,Spiny eucheuma_68,2019,97041
206,Spiny eucheuma_69,2019,0
15,Spiny eucheuma_67,2020,63073.204
43,Spiny eucheuma_71,2020,850
139,Spiny eucheuma_70,2020,1
202,Spiny eucheuma_68,2020,88092
206,Spiny eucheuma_69,2020,0
15,Spiny eucheuma_67,2021,46123.433
43,Spiny eucheuma_71,2021,1030
139,Spiny eucheuma_70,2021,5
202,Spiny eucheuma_68,2021,144004
206,Spiny eucheuma_69,2021,0
15,Spiny eucheuma_67,2022,67867.218
43,Spiny eucheuma_71,2022,1060
139,Spiny eucheuma_70,2022,5
202,Spiny eucheuma_68,2022,149496
206,Spiny eucheuma_69,2022,0
15,Spiny eucheuma_67,2023,87708.89
43,Spiny eucheuma_71,2023,1120
139,Spiny eucheuma_70,2023,5
202,Spiny eucheuma_68,2023,206827.5
206,Spiny eucheuma_69,2023,0
141,Tangle_72,2015,2
141,Tangle_72,2016,3
141,Tangle_72,2017,8
141,Tangle_72,2018,10
141,Tangle_72,2019,10
141,Tangle_72,2020,10
141,Tangle_72,2021,10
141,Tangle_72,2022,10
141,Tangle_72,2023,10
20,Wakame_73,1950,1200
210,Wakame_74,1950,6603
20,Wakame_73,1951,1500
210,Wakame_74,1951,6000
20,Wakame_73,1952,1500
210,Wakame_74,1952,6000
20,Wakame_73,1953,1800
210,Wakame_74,1953,6000
20,Wakame_73,1954,1700
210,Wakame_74,1954,6500
20,Wakame_73,1955,1800
210,Wakame_74,1955,6500
20,Wakame_73,1956,2000
210,Wakame_74,1956,6500
20,Wakame_73,1957,3000
210,Wakame_74,1957,7000
20,Wakame_73,1958,4500
210,Wakame_74,1958,8000
20,Wakame_73,1959,4000
210,Wakame_74,1959,8000
20,Wakame_73,1960,4000
210,Wakame_74,1960,9500
20,Wakame_73,1961,5000
210,Wakame_74,1961,9000
20,Wakame_73,1962,5000
210,Wakame_74,1962,9500
20,Wakame_73,1963,11000
21,Wakame_75,1963,150
210,Wakame_74,1963,10000
20,Wakame_73,1964,9500
21,Wakame_75,1964,500
210,Wakame_74,1964,11000
20,Wakame_73,1965,6200
21,Wakame_75,1965,1000
210,Wakame_74,1965,12537
20,Wakame_73,1966,13000
21,Wakame_75,1966,2000
210,Wakame_74,1966,37809
20,Wakame_73,1967,18000
21,Wakame_75,1967,5574
210,Wakame_74,1967,58080
20,Wakame_73,1968,28400
21,Wakame_75,1968,17158
210,Wakame_74,1968,76698
20,Wakame_73,1969,4860
21,Wakame_75,1969,28007
210,Wakame_74,1969,59821
20,Wakame_73,1970,6625
21,Wakame_75,1970,38120
210,Wakame_74,1970,76358
20,Wakame_73,1971,11103
21,Wakame_75,1971,47498
210,Wakame_74,1971,95155
20,Wakame_73,1972,29028
21,Wakame_75,1972,56141
210,Wakame_74,1972,105795
20,Wakame_73,1973,107848
21,Wakame_75,1973,64048
210,Wakame_74,1973,113211
20,Wakame_73,1974,186805
21,Wakame_75,1974,71220
210,Wakame_74,1974,153762
20,Wakame_73,1975,112026
21,Wakame_75,1975,77656
210,Wakame_74,1975,101937
20,Wakame_73,1976,136659
21,Wakame_75,1976,83357
210,Wakame_74,1976,126723
20,Wakame_73,1977,173978
21,Wakame_75,1977,88322
210,Wakame_74,1977,125833
20,Wakame_73,1978,144601
21,Wakame_75,1978,92552
210,Wakame_74,1978,102682
20,Wakame_73,1979,140305
21,Wakame_75,1979,96047
210,Wakame_74,1979,103791
20,Wakame_73,1980,196147
21,Wakame_75,1980,98806
210,Wakame_74,1980,113532
20,Wakame_73,1981,294622
21,Wakame_75,1981,100830
210,Wakame_74,1981,91282
20,Wakame_73,1982,225045
21,Wakame_75,1982,102119
210,Wakame_74,1982,118340
20,Wakame_73,1983,237128
21,Wakame_75,1983,102672
210,Wakame_74,1983,112835
20,Wakame_73,1984,230188
21,Wakame_75,1984,150000
210,Wakame_74,1984,114586
20,Wakame_73,1985,256436
21,Wakame_75,1985,100000
179,Wakame_76,1985,6
210,Wakame_74,1985,112375
20,Wakame_73,1986,346434
21,Wakame_75,1986,100000
179,Wakame_76,1986,0.1
210,Wakame_74,1986,135621
20,Wakame_73,1987,285085
21,Wakame_75,1987,100000
179,Wakame_76,1987,6
210,Wakame_74,1987,115918
20,Wakame_73,1988,281657
21,Wakame_75,1988,100000
179,Wakame_76,1988,10
210,Wakame_74,1988,110539
20,Wakame_73,1989,280856
21,Wakame_75,1989,100000
179,Wakame_76,1989,43
210,Wakame_74,1989,108451
20,Wakame_73,1990,269333
21,Wakame_75,1990,75000
179,Wakame_76,1990,6
210,Wakame_74,1990,112974
20,Wakame_73,1991,266966
21,Wakame_75,1991,75000
179,Wakame_76,1991,53
210,Wakame_74,1991,99092
20,Wakame_73,1992,371432
21,Wakame_75,1992,75000
179,Wakame_76,1992,52
210,Wakame_74,1992,112302
20,Wakame_73,1993,372182
21,Wakame_75,1993,75000
179,Wakame_76,1993,70
210,Wakame_74,1993,89581
20,Wakame_73,1994,411602
21,Wakame_75,1994,55000
179,Wakame_76,1994,87
210,Wakame_74,1994,88280
20,Wakame_73,1995,386819
21,Wakame_75,1995,45000
179,Wakame_76,1995,100
210,Wakame_74,1995,99571
20,Wakame_73,1996,305813
21,Wakame_75,1996,50000
179,Wakame_76,1996,54
210,Wakame_74,1996,78368
20,Wakame_73,1997,431872
21,Wakame_75,1997,33433
179,Wakame_76,1997,54
210,Wakame_74,1997,70052
20,Wakame_73,1998,239742
21,Wakame_75,1998,33000
179,Wakame_76,1998,50
210,Wakame_74,1998,70669
20,Wakame_73,1999,213706
21,Wakame_75,1999,33000
179,Wakame_76,1999,20
210,Wakame_74,1999,77064
20,Wakame_73,2000,212429
21,Wakame_75,2000,32000
179,Wakame_76,2000,20
210,Wakame_74,2000,66676
20,Wakame_73,2001,175490
21,Wakame_75,2001,0
179,Wakame_76,2001,20
210,Wakame_74,2001,56977
20,Wakame_73,2002,242135
21,Wakame_75,2002,0
179,Wakame_76,2002,25
210,Wakame_74,2002,53813
20,Wakame_73,2003,198172
21,Wakame_75,2003,0
179,Wakame_76,2003,25
209,Wakame_77,2003,1511135
210,Wakame_74,2003,59870
20,Wakame_73,2004,261574
21,Wakame_75,2004,0
179,Wakame_76,2004,25
209,Wakame_77,2004,1921466
210,Wakame_74,2004,62236
20,Wakame_73,2005,281871
21,Wakame_75,2005,0
179,Wakame_76,2005,25
209,Wakame_77,2005,2094759
210,Wakame_74,2005,63082
20,Wakame_73,2006,322371
21,Wakame_75,2006,0
179,Wakame_76,2006,27
209,Wakame_77,2006,1646300
210,Wakame_74,2006,59092
20,Wakame_73,2007,309097
21,Wakame_75,2007,0
179,Wakame_76,2007,25
209,Wakame_77,2007,1402270
210,Wakame_74,2007,54249
20,Wakame_73,2008,381076
21,Wakame_75,2008,0
179,Wakame_76,2008,52.2
209,Wakame_77,2008,1320210
210,Wakame_74,2008,54909
20,Wakame_73,2009,309155
21,Wakame_75,2009,0
179,Wakame_76,2009,0
209,Wakame_77,2009,1308884
210,Wakame_74,2009,61215
20,Wakame_73,2010,393616
21,Wakame_75,2010,0
179,Wakame_76,2010,0
209,Wakame_77,2010,1059097
210,Wakame_74,2010,52393
20,Wakame_73,2011,394003
21,Wakame_75,2011,0
179,Wakame_76,2011,0
209,Wakame_77,2011,1278941
210,Wakame_74,2011,18751
20,Wakame_73,2012,339924
21,Wakame_75,2012,0
179,Wakame_76,2012,0
209,Wakame_77,2012,1678117
210,Wakame_74,2012,48343
20,Wakame_73,2013,327375
21,Wakame_75,2013,0
179,Wakame_76,2013,0
209,Wakame_77,2013,1628150
210,Wakame_74,2013,50614
20,Wakame_73,2014,283707
21,Wakame_75,2014,0
179,Wakame_76,2014,0
209,Wakame_77,2014,1941076
210,Wakame_74,2014,44716
20,Wakame_73,2015,322748
21,Wakame_75,2015,0
179,Wakame_76,2015,0
209,Wakame_77,2015,1843870
210,Wakame_74,2015,48951
20,Wakame_73,2016,496290
21,Wakame_75,2016,0
179,Wakame_76,2016,0
209,Wakame_77,2016,1519530
210,Wakame_74,2016,47672
20,Wakame_73,2017,622613
21,Wakame_75,2017,0
179,Wakame_76,2017,0
209,Wakame_77,2017,1667950
210,Wakame_74,2017,51114
20,Wakame_73,2018,515600
21,Wakame_75,2018,0
177,Wakame_78,2018,2
179,Wakame_76,2018,67.8
209,Wakame_77,2018,1755030
210,Wakame_74,2018,50775
20,Wakame_73,2019,494947
21,Wakame_75,2019,0
177,Wakame_78,2019,2
179,Wakame_76,2019,104.93
209,Wakame_77,2019,2023930
210,Wakame_74,2019,45099
20,Wakame_73,2020,501500.958
21,Wakame_75,2020,0
177,Wakame_78,2020,2
179,Wakame_76,2020,69.749
209,Wakame_77,2020,2256040
210,Wakame_74,2020,53809
20,Wakame_73,2021,574503.92
21,Wakame_75,2021,0
177,Wakame_78,2021,2
179,Wakame_76,2021,77.63
209,Wakame_77,2021,2122480
210,Wakame_74,2021,43972
20,Wakame_73,2022,584133.393
21,Wakame_75,2022,0
177,Wakame_78,2022,39
179,Wakame_76,2022,132.8
209,Wakame_77,2022,2061290
210,Wakame_74,2022,46929
20,Wakame_73,2023,566563.908
21,Wakame_75,2023,0
177,Wakame_78,2023,40
179,Wakame_76,2023,112.75
209,Wakame_77,2023,2055510
210,Wakame_74,2023,49600
61,Warty gracilaria_80,2019,50
61,Warty gracilaria_80,2020,20
61,Warty gracilaria_80,2021,30
61,Warty gracilaria_80,2022,79
61,Warty gracilaria_80,2023,61.5
20,[Capsosiphon fulvescens]_81,1967,1
20,[Capsosiphon fulvescens]_81,1968,1
20,[Capsosiphon fulvescens]_81,1969,1
20,[Capsosiphon fulvescens]_81,1970,756
20,[Capsosiphon fulvescens]_81,1971,1918
20,[Capsosiphon fulvescens]_81,1972,972
20,[Capsosiphon fulvescens]_81,1973,299
20,[Capsosiphon fulvescens]_81,1974,265
20,[Capsosiphon fulvescens]_81,1975,1360
20,[Capsosiphon fulvescens]_81,1976,2056
20,[Capsosiphon fulvescens]_81,1977,2367
20,[Capsosiphon fulvescens]_81,1978,2256
20,[Capsosiphon fulvescens]_81,1979,3373
20,[Capsosiphon fulvescens]_81,1980,1225
20,[Capsosiphon fulvescens]_81,1981,1497
20,[Capsosiphon fulvescens]_81,1982,1430
20,[Capsosiphon fulvescens]_81,1983,2633
20,[Capsosiphon fulvescens]_81,1984,3
20,[Capsosiphon fulvescens]_81,1985,255
20,[Capsosiphon fulvescens]_81,1986,550
20,[Capsosiphon fulvescens]_81,1987,588
20,[Capsosiphon fulvescens]_81,1988,10
20,[Capsosiphon fulvescens]_81,1989,224
20,[Capsosiphon fulvescens]_81,1990,432
20,[Capsosiphon fulvescens]_81,1991,2
20,[Capsosiphon fulvescens]_81,1992,5
20,[Capsosiphon fulvescens]_81,1993,10
20,[Capsosiphon fulvescens]_81,1994,6
20,[Capsosiphon fulvescens]_81,1995,2
20,[Capsosiphon fulvescens]_81,1996,12
20,[Capsosiphon fulvescens]_81,1997,0
20,[Capsosiphon fulvescens]_81,1998,0
20,[Capsosiphon fulvescens]_81,1999,0
20,[Capsosiphon fulvescens]_81,2000,0
20,[Capsosiphon fulvescens]_81,2001,0
20,[Capsosiphon fulvescens]_81,2002,247
20,[Capsosiphon fulvescens]_81,2003,54
20,[Capsosiphon fulvescens]_81,2004,142
20,[Capsosiphon fulvescens]_81,2005,877
20,[Capsosiphon fulvescens]_81,2006,1774
20,[Capsosiphon fulvescens]_81,2007,1100
20,[Capsosiphon fulvescens]_81,2008,3595
20,[Capsosiphon fulvescens]_81,2009,4645
20,[Capsosiphon fulvescens]_81,2010,4142
20,[Capsosiphon fulvescens]_81,2011,2181
20,[Capsosiphon fulvescens]_81,2012,2739
20,[Capsosiphon fulvescens]_81,2013,4727
20,[Capsosiphon fulvescens]_81,2014,5021
20,[Capsosiphon fulvescens]_81,2015,3777
20,[Capsosiphon fulvescens]_81,2016,3193
20,[Capsosiphon fulvescens]_81,2017,6276
20,[Capsosiphon fulvescens]_81,2018,7000
20,[Capsosiphon fulvescens]_81,2019,3386
20,[Capsosiphon fulvescens]_81,2020,2062
20,[Capsosiphon fulvescens]_81,2021,2980.766
20,[Capsosiphon fulvescens]_81,2022,3789.054
20,[Capsosiphon fulvescens]_81,2023,2745.427
155,[Cladosiphon okamuranus]_82,2008,300
155,[Cladosiphon okamuranus]_82,2009,300
155,[Cladosiphon okamuranus]_82,2010,300
155,[Cladosiphon okamuranus]_82,2011,300
155,[Cladosiphon okamuranus]_82,2012,300
155,[Cladosiphon okamuranus]_82,2013,132
155,[Cladosiphon okamuranus]_82,2014,87
155,[Cladosiphon okamuranus]_82,2015,54
155,[Cladosiphon okamuranus]_82,2016,21
155,[Cladosiphon okamuranus]_82,2017,70
155,[Cladosiphon okamuranus]_82,2018,80
155,[Cladosiphon okamuranus]_82,2019,90
155,[Cladosiphon okamuranus]_82,2020,105
155,[Cladosiphon okamuranus]_82,2021,100
155,[Cladosiphon okamuranus]_82,2022,100
155,[Cladosiphon okamuranus]_82,2023,100
120,[Eucheumatopsis isiformis]_83,1994,5
120,[Eucheumatopsis isiformis]_83,1995,5
120,[Eucheumatopsis isiformis]_83,1996,5
120,[Eucheumatopsis isiformis]_83,1997,5
120,[Eucheumatopsis isiformis]_83,1998,5
120,[Eucheumatopsis isiformis]_83,1999,5
120,[Eucheumatopsis isiformis]_83,2000,5
120,[Eucheumatopsis isiformis]_83,2001,5
120,[Eucheumatopsis isiformis]_83,2002,5
120,[Eucheumatopsis isiformis]_83,2003,5
120,[Eucheumatopsis isiformis]_83,2004,5
120,[Eucheumatopsis isiformis]_83,2005,5
120,[Eucheumatopsis isiformis]_83,2006,5
120,[Eucheumatopsis isiformis]_83,2007,5
120,[Eucheumatopsis isiformis]_83,2008,8
120,[Eucheumatopsis isiformis]_83,2009,8
120,[Eucheumatopsis isiformis]_83,2010,8
120,[Eucheumatopsis isiformis]_83,2011,8
120,[Eucheumatopsis isiformis]_83,2012,8
164,[Eucheumatopsis isiformis]_84,2012,3.6
120,[Eucheumatopsis isiformis]_83,2013,8
164,[Eucheumatopsis isiformis]_84,2013,10
120,[Eucheumatopsis isiformis]_83,2014,8
164,[Eucheumatopsis isiformis]_84,2014,2.2
120,[Eucheumatopsis isiformis]_83,2015,10
164,[Eucheumatopsis isiformis]_84,2015,3
120,[Eucheumatopsis isiformis]_83,2016,10
164,[Eucheumatopsis isiformis]_84,2016,3
120,[Eucheumatopsis isiformis]_83,2017,10
164,[Eucheumatopsis isiformis]_84,2017,3
120,[Eucheumatopsis isiformis]_83,2018,10
164,[Eucheumatopsis isiformis]_84,2018,4
120,[Eucheumatopsis isiformis]_83,2019,10
164,[Eucheumatopsis isiformis]_84,2019,5
120,[Eucheumatopsis isiformis]_83,2020,10
164,[Eucheumatopsis isiformis]_84,2020,5
120,[Eucheumatopsis isiformis]_83,2021,10
164,[Eucheumatopsis isiformis]_84,2021,5
120,[Eucheumatopsis isiformis]_83,2022,10
164,[Eucheumatopsis isiformis]_84,2022,6
120,[Eucheumatopsis isiformis]_83,2023,10
164,[Eucheumatopsis isiformis]_84,2023,6
20,[Sargassum spp]_85,2017,301
20,[Sargassum spp]_85,2018,250
20,[Sargassum spp]_85,2019,176
216,[Sargassum spp]_86,2019,80618
20,[Sargassum spp]_85,2020,274
216,[Sargassum spp]_86,2020,80662
20,[Sargassum spp]_85,2021,341.865
216,[Sargassum spp]_86,2021,85317.115
20,[Sargassum spp]_85,2022,320.135
216,[Sargassum spp]_86,2022,481.69
20,[Sargassum spp]_85,2023,362.066
216,[Sargassum spp]_86,2023,0
